Date,Day_of_Week,Month,Week_of_the_year,Day_of_month,Is_Weekend,Special_Event,Number_Attended
2019-07-13,Saturday,7,28,13,true,true,37
2019-07-14,Sunday,7,29,14,true,false,3
2019-07-15,Monday,7,29,15,false,true,428
2019-07-16,Tuesday,7,29,16,false,true,1577
2019-07-17,Wednesday,7,29,17,false,true,673
2019-07-18,Thursday,7,29,18,false,true,1351
2019-07-19,Friday,7,29,19,false,true,593
2019-07-20,Saturday,7,29,20,true,false,17
2019-07-21,Sunday,7,30,21,true,false,3
2019-07-22,Monday,7,30,22,false,false,359
2019-07-23,Tuesday,7,30,23,false,false,1174
2019-07-24,Wednesday,7,30,24,false,true,505
2019-07-25,Thursday,7,30,25,false,true,1349
2019-07-26,Friday,7,30,26,false,false,368
2019-07-27,Saturday,7,30,27,true,false,25
2019-07-28,Sunday,7,31,28,true,false,5
2019-07-29,Monday,7,31,29,false,false,520
2019-07-30,Tuesday,7,31,30,false,true,1481
2019-07-31,Wednesday,7,31,31,false,true,424
2019-08-01,Thursday,8,31,1,false,true,1067
2019-08-02,Friday,8,31,2,false,true,593
2019-08-03,Saturday,8,31,3,true,false,46
2019-08-04,Sunday,8,32,4,true,false,4
2019-08-05,Monday,8,32,5,false,false,624
2019-08-06,Tuesday,8,32,6,false,true,1106
2019-08-07,Wednesday,8,32,7,false,true,614
2019-08-08,Thursday,8,32,8,false,true,1608
2019-08-09,Friday,8,32,9,false,false,477
2019-08-10,Saturday,8,32,10,true,false,39
2019-08-11,Sunday,8,33,11,true,true,3
2019-08-12,Monday,8,33,12,false,false,413
2019-08-13,Tuesday,8,33,13,false,false,1103
2019-08-14,Wednesday,8,33,14,false,false,586
2019-08-15,Thursday,8,33,15,false,true,842
2019-08-16,Friday,8,33,16,false,false,371
2019-08-17,Saturday,8,33,17,true,false,25
2019-08-18,Sunday,8,34,18,true,false,4
2019-08-19,Monday,8,34,19,false,false,333
2019-08-20,Tuesday,8,34,20,false,true,1631
2019-08-21,Wednesday,8,34,21,false,false,626
2019-08-22,Thursday,8,34,22,false,false,1314
2019-08-23,Friday,8,34,23,false,true,548
2019-08-24,Saturday,8,34,24,true,false,0
2019-08-25,Sunday,8,35,25,true,false,3
2019-08-26,Monday,8,35,26,false,true,338
2019-08-27,Tuesday,8,35,27,false,true,824
2019-08-28,Wednesday,8,35,28,false,true,336
2019-08-29,Thursday,8,35,29,false,true,1604
2019-08-30,Friday,8,35,30,false,false,649
2019-08-31,Saturday,8,35,31,true,true,16
2019-09-01,Sunday,9,36,1,true,true,5
2019-09-02,Monday,9,36,2,false,true,538
2019-09-03,Tuesday,9,36,3,false,false,1151
2019-09-04,Wednesday,9,36,4,false,false,316
2019-09-05,Thursday,9,36,5,false,true,814
2019-09-06,Friday,9,36,6,false,true,350
2019-09-07,Saturday,9,36,7,true,false,31
2019-09-08,Sunday,9,37,8,true,false,4
2019-09-09,Monday,9,37,9,false,true,489
2019-09-10,Tuesday,9,37,10,false,true,1164
2019-09-11,Wednesday,9,37,11,false,true,546
2019-09-12,Thursday,9,37,12,false,true,1343
2019-09-13,Friday,9,37,13,false,false,650
2019-09-14,Saturday,9,37,14,true,false,16
2019-09-15,Sunday,9,38,15,true,false,5
2019-09-16,Monday,9,38,16,false,false,278
2019-09-17,Tuesday,9,38,17,false,false,1059
2019-09-18,Wednesday,9,38,18,false,true,474
2019-09-19,Thursday,9,38,19,false,true,1533
2019-09-20,Friday,9,38,20,false,false,434
2019-09-21,Saturday,9,38,21,true,false,45
2019-09-22,Sunday,9,39,22,true,false,5
2019-09-23,Monday,9,39,23,false,true,401
2019-09-24,Tuesday,9,39,24,false,false,993
2019-09-25,Wednesday,9,39,25,false,true,600
2019-09-26,Thursday,9,39,26,false,false,1314
2019-09-27,Friday,9,39,27,false,false,519
2019-09-28,Saturday,9,39,28,true,true,21
2019-09-29,Sunday,9,40,29,true,false,4
2019-09-30,Monday,9,40,30,false,true,412
2019-10-01,Tuesday,10,40,1,false,false,1221
2019-10-02,Wednesday,10,40,2,false,true,647
2019-10-03,Thursday,10,40,3,false,true,1476
2019-10-04,Friday,10,40,4,false,true,426
2019-10-05,Saturday,10,40,5,true,false,50
2019-10-06,Sunday,10,41,6,true,true,4
2019-10-07,Monday,10,41,7,false,true,611
2019-10-08,Tuesday,10,41,8,false,false,1701
2019-10-09,Wednesday,10,41,9,false,true,594
2019-10-10,Thursday,10,41,10,false,false,1621
2019-10-11,Friday,10,41,11,false,false,475
2019-10-12,Saturday,10,41,12,true,false,14
2019-10-13,Sunday,10,42,13,true,true,3
2019-10-14,Monday,10,42,14,false,true,585
2019-10-15,Tuesday,10,42,15,false,true,1365
2019-10-16,Wednesday,10,42,16,false,true,641
2019-10-17,Thursday,10,42,17,false,true,812
2019-10-18,Friday,10,42,18,false,false,488
2019-10-19,Saturday,10,42,19,true,false,26
2019-10-20,Sunday,10,43,20,true,false,3
2019-10-21,Monday,10,43,21,false,true,692
2019-10-22,Tuesday,10,43,22,false,true,1204
2019-10-23,Wednesday,10,43,23,false,false,430
2019-10-24,Thursday,10,43,24,false,true,1646
2019-10-25,Friday,10,43,25,false,true,663
2019-10-26,Saturday,10,43,26,true,false,1
2019-10-27,Sunday,10,44,27,true,false,5
2019-10-28,Monday,10,44,28,false,true,649
2019-10-29,Tuesday,10,44,29,false,true,1732
2019-10-30,Wednesday,10,44,30,false,false,280
2019-10-31,Thursday,10,44,31,false,false,1228
2019-11-01,Friday,11,44,1,false,false,552
2019-11-02,Saturday,11,44,2,true,false,1
2019-11-03,Sunday,11,45,3,true,false,4
2019-11-04,Monday,11,45,4,false,false,599
2019-11-05,Tuesday,11,45,5,false,false,867
2019-11-06,Wednesday,11,45,6,false,false,360
2019-11-07,Thursday,11,45,7,false,true,1561
2019-11-08,Friday,11,45,8,false,true,499
2019-11-09,Saturday,11,45,9,true,false,9
2019-11-10,Sunday,11,46,10,true,true,5
2019-11-11,Monday,11,46,11,false,false,470
2019-11-12,Tuesday,11,46,12,false,true,972
2019-11-13,Wednesday,11,46,13,false,false,587
2019-11-14,Thursday,11,46,14,false,true,1545
2019-11-15,Friday,11,46,15,false,false,465
2019-11-16,Saturday,11,46,16,true,true,3
2019-11-17,Sunday,11,47,17,true,false,3
2019-11-18,Monday,11,47,18,false,true,262
2019-11-19,Tuesday,11,47,19,false,false,1013
2019-11-20,Wednesday,11,47,20,false,true,327
2019-11-21,Thursday,11,47,21,false,true,895
2019-11-22,Friday,11,47,22,false,true,684
2019-11-23,Saturday,11,47,23,true,false,4
2019-11-24,Sunday,11,48,24,true,false,4
2019-11-25,Monday,11,48,25,false,true,342
2019-11-26,Tuesday,11,48,26,false,true,1288
2019-11-27,Wednesday,11,48,27,false,true,485
2019-11-28,Thursday,11,48,28,false,true,1081
2019-11-29,Friday,11,48,29,false,true,543
2019-11-30,Saturday,11,48,30,true,true,21
2019-12-01,Sunday,12,49,1,true,false,4
2019-12-02,Monday,12,49,2,false,true,538
2019-12-03,Tuesday,12,49,3,false,true,1685
2019-12-04,Wednesday,12,49,4,false,false,279
2019-12-05,Thursday,12,49,5,false,true,1490
2019-12-06,Friday,12,49,6,false,true,578
2019-12-07,Saturday,12,49,7,true,false,17
2019-12-08,Sunday,12,50,8,true,false,4
2019-12-09,Monday,12,50,9,false,true,397
2019-12-10,Tuesday,12,50,10,false,false,871
2019-12-11,Wednesday,12,50,11,false,true,620
2019-12-12,Thursday,12,50,12,false,false,1003
2019-12-13,Friday,12,50,13,false,true,626
2019-12-14,Saturday,12,50,14,true,false,3
2019-12-15,Sunday,12,51,15,true,false,5
2019-12-16,Monday,12,51,16,false,true,407
2019-12-17,Tuesday,12,51,17,false,false,1487
2019-12-18,Wednesday,12,51,18,false,false,282
2019-12-19,Thursday,12,51,19,false,false,1182
2019-12-20,Friday,12,51,20,false,false,618
2019-12-21,Saturday,12,51,21,true,true,39
2019-12-22,Sunday,12,52,22,true,false,3
2019-12-23,Monday,12,52,23,false,true,597
2019-12-24,Tuesday,12,52,24,false,false,1073
2019-12-25,Wednesday,12,52,25,false,true,670
2019-12-26,Thursday,12,52,26,false,false,1204
2019-12-27,Friday,12,52,27,false,true,543
2019-12-28,Saturday,12,52,28,true,false,2
2019-12-29,Sunday,12,53,29,true,false,4
2019-12-30,Monday,12,53,30,false,false,255
2019-12-31,Tuesday,12,53,31,false,false,1345
2020-01-01,Wednesday,1,1,1,false,true,616
2020-01-02,Thursday,1,1,2,false,false,1657
2020-01-03,Friday,1,1,3,false,true,379
2020-01-04,Saturday,1,1,4,true,true,49
2020-01-05,Sunday,1,2,5,true,true,4
2020-01-06,Monday,1,2,6,false,false,274
2020-01-07,Tuesday,1,2,7,false,true,1532
2020-01-08,Wednesday,1,2,8,false,false,561
2020-01-09,Thursday,1,2,9,false,true,1322
2020-01-10,Friday,1,2,10,false,true,402
2020-01-11,Saturday,1,2,11,true,true,22
2020-01-12,Sunday,1,3,12,true,false,4
2020-01-13,Monday,1,3,13,false,true,496
2020-01-14,Tuesday,1,3,14,false,true,1454
2020-01-15,Wednesday,1,3,15,false,true,618
2020-01-16,Thursday,1,3,16,false,true,1279
2020-01-17,Friday,1,3,17,false,true,599
2020-01-18,Saturday,1,3,18,true,false,23
2020-01-19,Sunday,1,4,19,true,false,4
2020-01-20,Monday,1,4,20,false,false,475
2020-01-21,Tuesday,1,4,21,false,false,1451
2020-01-22,Wednesday,1,4,22,false,true,396
2020-01-23,Thursday,1,4,23,false,false,1068
2020-01-24,Friday,1,4,24,false,true,694
2020-01-25,Saturday,1,4,25,true,false,44
2020-01-26,Sunday,1,5,26,true,false,5
2020-01-27,Monday,1,5,27,false,true,592
2020-01-28,Tuesday,1,5,28,false,true,1052
2020-01-29,Wednesday,1,5,29,false,true,438
2020-01-30,Thursday,1,5,30,false,false,1644
2020-01-31,Friday,1,5,31,false,true,488
2020-02-01,Saturday,2,5,1,true,false,31
2020-02-02,Sunday,2,6,2,true,false,5
2020-02-03,Monday,2,6,3,false,false,398
2020-02-04,Tuesday,2,6,4,false,true,1343
2020-02-05,Wednesday,2,6,5,false,true,653
2020-02-06,Thursday,2,6,6,false,false,1698
2020-02-07,Friday,2,6,7,false,true,490
2020-02-08,Saturday,2,6,8,true,false,4
2020-02-09,Sunday,2,7,9,true,false,5
2020-02-10,Monday,2,7,10,false,false,646
2020-02-11,Tuesday,2,7,11,false,false,914
2020-02-12,Wednesday,2,7,12,false,false,455
2020-02-13,Thursday,2,7,13,false,true,1480
2020-02-14,Friday,2,7,14,false,false,622
2020-02-15,Saturday,2,7,15,true,false,17
2020-02-16,Sunday,2,8,16,true,false,5
2020-02-17,Monday,2,8,17,false,false,331
2020-02-18,Tuesday,2,8,18,false,true,909
2020-02-19,Wednesday,2,8,19,false,true,528
2020-02-20,Thursday,2,8,20,false,true,1000
2020-02-21,Friday,2,8,21,false,true,383
2020-02-22,Saturday,2,8,22,true,false,34
2020-02-23,Sunday,2,9,23,true,false,5
2020-02-24,Monday,2,9,24,false,false,551
2020-02-25,Tuesday,2,9,25,false,false,1644
2020-02-26,Wednesday,2,9,26,false,false,267
2020-02-27,Thursday,2,9,27,false,true,1540
2020-02-28,Friday,2,9,28,false,false,680
2020-02-29,Saturday,2,9,29,true,false,4
2020-03-01,Sunday,3,10,1,false,false,0
2020-03-02,Monday,3,10,2,false,false,0
2020-03-03,Tuesday,3,10,3,false,false,0
2020-03-04,Wednesday,3,10,4,false,false,0
2020-03-05,Thursday,3,10,5,false,false,0
2020-03-06,Friday,3,10,6,false,false,0
2020-03-07,Saturday,3,10,7,false,false,0
2020-03-08,Sunday,3,11,8,false,false,0
2020-03-09,Monday,3,11,9,false,false,0
2020-03-10,Tuesday,3,11,10,false,false,0
2020-03-11,Wednesday,3,11,11,false,false,0
2020-03-12,Thursday,3,11,12,false,false,0
2020-03-13,Friday,3,11,13,false,false,0
2020-03-14,Saturday,3,11,14,false,false,0
2020-03-15,Sunday,3,12,15,false,false,0
2020-03-16,Monday,3,12,16,false,false,0
2020-03-17,Tuesday,3,12,17,false,false,0
2020-03-18,Wednesday,3,12,18,false,false,0
2020-03-19,Thursday,3,12,19,false,false,0
2020-03-20,Friday,3,12,20,false,false,0
2020-03-21,Saturday,3,12,21,false,false,0
2020-03-22,Sunday,3,13,22,false,false,0
2020-03-23,Monday,3,13,23,false,false,0
2020-03-24,Tuesday,3,13,24,false,false,0
2020-03-25,Wednesday,3,13,25,false,false,0
2020-03-26,Thursday,3,13,26,false,false,0
2020-03-27,Friday,3,13,27,false,false,0
2020-03-28,Saturday,3,13,28,false,false,0
2020-03-29,Sunday,3,14,29,false,false,0
2020-03-30,Monday,3,14,30,false,false,0
2020-03-31,Tuesday,3,14,31,false,false,0
2020-04-01,Wednesday,4,14,1,false,false,0
2020-04-02,Thursday,4,14,2,false,false,0
2020-04-03,Friday,4,14,3,false,false,0
2020-04-04,Saturday,4,14,4,false,false,0
2020-04-05,Sunday,4,15,5,false,false,0
2020-04-06,Monday,4,15,6,false,false,0
2020-04-07,Tuesday,4,15,7,false,false,0
2020-04-08,Wednesday,4,15,8,false,false,0
2020-04-09,Thursday,4,15,9,false,false,0
2020-04-10,Friday,4,15,10,false,false,0
2020-04-11,Saturday,4,15,11,false,false,0
2020-04-12,Sunday,4,16,12,false,false,0
2020-04-13,Monday,4,16,13,false,false,0
2020-04-14,Tuesday,4,16,14,false,false,0
2020-04-15,Wednesday,4,16,15,false,false,0
2020-04-16,Thursday,4,16,16,false,false,0
2020-04-17,Friday,4,16,17,false,false,0
2020-04-18,Saturday,4,16,18,false,false,0
2020-04-19,Sunday,4,17,19,false,false,0
2020-04-20,Monday,4,17,20,false,false,0
2020-04-21,Tuesday,4,17,21,false,false,0
2020-04-22,Wednesday,4,17,22,false,false,0
2020-04-23,Thursday,4,17,23,false,false,0
2020-04-24,Friday,4,17,24,false,false,0
2020-04-25,Saturday,4,17,25,false,false,0
2020-04-26,Sunday,4,18,26,false,false,0
2020-04-27,Monday,4,18,27,false,false,0
2020-04-28,Tuesday,4,18,28,false,false,0
2020-04-29,Wednesday,4,18,29,false,false,0
2020-04-30,Thursday,4,18,30,false,false,0
2020-05-01,Friday,5,18,1,false,false,0
2020-05-02,Saturday,5,18,2,false,false,0
2020-05-03,Sunday,5,19,3,false,false,0
2020-05-04,Monday,5,19,4,false,false,0
2020-05-05,Tuesday,5,19,5,false,false,0
2020-05-06,Wednesday,5,19,6,false,false,0
2020-05-07,Thursday,5,19,7,false,false,0
2020-05-08,Friday,5,19,8,false,false,0
2020-05-09,Saturday,5,19,9,false,false,0
2020-05-10,Sunday,5,20,10,false,false,0
2020-05-11,Monday,5,20,11,false,false,0
2020-05-12,Tuesday,5,20,12,false,false,0
2020-05-13,Wednesday,5,20,13,false,false,0
2020-05-14,Thursday,5,20,14,false,false,0
2020-05-15,Friday,5,20,15,false,false,0
2020-05-16,Saturday,5,20,16,false,false,0
2020-05-17,Sunday,5,21,17,false,false,0
2020-05-18,Monday,5,21,18,false,false,0
2020-05-19,Tuesday,5,21,19,false,false,0
2020-05-20,Wednesday,5,21,20,false,false,0
2020-05-21,Thursday,5,21,21,false,false,0
2020-05-22,Friday,5,21,22,false,false,0
2020-05-23,Saturday,5,21,23,false,false,0
2020-05-24,Sunday,5,22,24,false,false,0
2020-05-25,Monday,5,22,25,false,false,0
2020-05-26,Tuesday,5,22,26,false,false,0
2020-05-27,Wednesday,5,22,27,false,false,0
2020-05-28,Thursday,5,22,28,false,false,0
2020-05-29,Friday,5,22,29,false,false,0
2020-05-30,Saturday,5,22,30,false,false,0
2020-05-31,Sunday,5,23,31,false,false,0
2020-06-01,Monday,6,23,1,false,false,0
2020-06-02,Tuesday,6,23,2,false,false,0
2020-06-03,Wednesday,6,23,3,false,false,0
2020-06-04,Thursday,6,23,4,false,false,0
2020-06-05,Friday,6,23,5,false,false,0
2020-06-06,Saturday,6,23,6,false,false,0
2020-06-07,Sunday,6,24,7,false,false,0
2020-06-08,Monday,6,24,8,false,false,0
2020-06-09,Tuesday,6,24,9,false,false,0
2020-06-10,Wednesday,6,24,10,false,false,0
2020-06-11,Thursday,6,24,11,false,false,0
2020-06-12,Friday,6,24,12,false,false,0
2020-06-13,Saturday,6,24,13,false,false,0
2020-06-14,Sunday,6,25,14,false,false,0
2020-06-15,Monday,6,25,15,false,false,0
2020-06-16,Tuesday,6,25,16,false,false,0
2020-06-17,Wednesday,6,25,17,false,false,0
2020-06-18,Thursday,6,25,18,false,false,0
2020-06-19,Friday,6,25,19,false,false,0
2020-06-20,Saturday,6,25,20,false,false,0
2020-06-21,Sunday,6,26,21,false,false,0
2020-06-22,Monday,6,26,22,false,false,0
2020-06-23,Tuesday,6,26,23,false,false,0
2020-06-24,Wednesday,6,26,24,false,false,0
2020-06-25,Thursday,6,26,25,false,false,0
2020-06-26,Friday,6,26,26,false,false,0
2020-06-27,Saturday,6,26,27,false,false,0
2020-06-28,Sunday,6,27,28,false,false,0
2020-06-29,Monday,6,27,29,false,false,0
2020-06-30,Tuesday,6,27,30,false,false,0
2020-07-01,Wednesday,7,27,1,false,false,0
2020-07-02,Thursday,7,27,2,false,false,0
2020-07-03,Friday,7,27,3,false,false,0
2020-07-04,Saturday,7,27,4,false,false,0
2020-07-05,Sunday,7,28,5,false,false,0
2020-07-06,Monday,7,28,6,false,false,0
2020-07-07,Tuesday,7,28,7,false,false,0
2020-07-08,Wednesday,7,28,8,false,false,0
2020-07-09,Thursday,7,28,9,false,false,0
2020-07-10,Friday,7,28,10,false,false,0
2020-07-11,Saturday,7,28,11,false,false,0
2020-07-12,Sunday,7,29,12,false,false,0
2020-07-13,Monday,7,29,13,false,false,0
2020-07-14,Tuesday,7,29,14,false,false,0
2020-07-15,Wednesday,7,29,15,false,false,0
2020-07-16,Thursday,7,29,16,false,false,0
2020-07-17,Friday,7,29,17,false,false,0
2020-07-18,Saturday,7,29,18,false,false,0
2020-07-19,Sunday,7,30,19,false,false,0
2020-07-20,Monday,7,30,20,false,false,0
2020-07-21,Tuesday,7,30,21,false,false,0
2020-07-22,Wednesday,7,30,22,false,false,0
2020-07-23,Thursday,7,30,23,false,false,0
2020-07-24,Friday,7,30,24,false,false,0
2020-07-25,Saturday,7,30,25,false,false,0
2020-07-26,Sunday,7,31,26,false,false,0
2020-07-27,Monday,7,31,27,false,false,0
2020-07-28,Tuesday,7,31,28,false,false,0
2020-07-29,Wednesday,7,31,29,false,false,0
2020-07-30,Thursday,7,31,30,false,false,0
2020-07-31,Friday,7,31,31,false,false,0
2020-08-01,Saturday,8,31,1,true,false,16
2020-08-02,Sunday,8,32,2,true,false,4
2020-08-03,Monday,8,32,3,false,true,80
2020-08-04,Tuesday,8,32,4,false,false,101
2020-08-05,Wednesday,8,32,5,false,true,90
2020-08-06,Thursday,8,32,6,false,true,50
2020-08-07,Friday,8,32,7,false,false,147
2020-08-08,Saturday,8,32,8,true,false,23
2020-08-09,Sunday,8,33,9,true,false,22
2020-08-10,Monday,8,33,10,false,false,213
2020-08-11,Tuesday,8,33,11,false,true,218
2020-08-12,Wednesday,8,33,12,false,false,112
2020-08-13,Thursday,8,33,13,false,true,132
2020-08-14,Friday,8,33,14,false,false,114
2020-08-15,Saturday,8,33,15,true,false,25
2020-08-16,Sunday,8,34,16,true,true,21
2020-08-17,Monday,8,34,17,false,false,85
2020-08-18,Tuesday,8,34,18,false,true,215
2020-08-19,Wednesday,8,34,19,false,false,163
2020-08-20,Thursday,8,34,20,false,true,187
2020-08-21,Friday,8,34,21,false,true,188
2020-08-22,Saturday,8,34,22,true,false,48
2020-08-23,Sunday,8,35,23,true,false,217
2020-08-24,Monday,8,35,24,false,false,102
2020-08-25,Tuesday,8,35,25,false,true,124
2020-08-26,Wednesday,8,35,26,false,true,225
2020-08-27,Thursday,8,35,27,false,false,107
2020-08-28,Friday,8,35,28,false,true,200
2020-08-29,Saturday,8,35,29,true,false,172
2020-08-30,Sunday,8,36,30,true,false,198
2020-08-31,Monday,8,36,31,false,true,169
2020-09-01,Tuesday,9,36,1,false,true,115
2020-09-02,Wednesday,9,36,2,false,true,223
2020-09-03,Thursday,9,36,3,false,true,113
2020-09-04,Friday,9,36,4,false,false,204
2020-09-05,Saturday,9,36,5,true,true,48
2020-09-06,Sunday,9,37,6,true,false,219
2020-09-07,Monday,9,37,7,false,false,134
2020-09-08,Tuesday,9,37,8,false,true,211
2020-09-09,Wednesday,9,37,9,false,false,221
2020-09-10,Thursday,9,37,10,false,true,167
2020-09-11,Friday,9,37,11,false,false,214
2020-09-12,Saturday,9,37,12,true,false,155
2020-09-13,Sunday,9,38,13,true,false,11
2020-09-14,Monday,9,38,14,false,true,194
2020-09-15,Tuesday,9,38,15,false,true,138
2020-09-16,Wednesday,9,38,16,false,false,210
2020-09-17,Thursday,9,38,17,false,false,196
2020-09-18,Friday,9,38,18,false,true,212
2020-09-19,Saturday,9,38,19,true,false,49
2020-09-20,Sunday,9,39,20,true,false,39
2020-09-21,Monday,9,39,21,false,true,194
2020-09-22,Tuesday,9,39,22,false,true,125
2020-09-23,Wednesday,9,39,23,false,false,192
2020-09-24,Thursday,9,39,24,false,true,179
2020-09-25,Friday,9,39,25,false,true,175
2020-09-26,Saturday,9,39,26,true,false,33
2020-09-27,Sunday,9,40,27,true,false,154
2020-09-28,Monday,9,40,28,false,false,149
2020-09-29,Tuesday,9,40,29,false,true,200
2020-09-30,Wednesday,9,40,30,false,true,141
2020-10-01,Thursday,10,40,1,false,true,187
2020-10-02,Friday,10,40,2,false,true,142
2020-10-03,Saturday,10,40,3,true,false,27
2020-10-04,Sunday,10,41,4,true,false,214
2020-10-05,Monday,10,41,5,false,false,200
2020-10-06,Tuesday,10,41,6,false,true,180
2020-10-07,Wednesday,10,41,7,false,true,193
2020-10-08,Thursday,10,41,8,false,true,124
2020-10-09,Friday,10,41,9,false,true,191
2020-10-10,Saturday,10,41,10,true,true,49
2020-10-11,Sunday,10,42,11,true,true,172
2020-10-12,Monday,10,42,12,false,true,134
2020-10-13,Tuesday,10,42,13,false,true,100
2020-10-14,Wednesday,10,42,14,false,true,176
2020-10-15,Thursday,10,42,15,false,true,185
2020-10-16,Friday,10,42,16,false,true,109
2020-10-17,Saturday,10,42,17,true,false,31
2020-10-18,Sunday,10,43,18,true,false,77
2020-10-19,Monday,10,43,19,false,false,192
2020-10-20,Tuesday,10,43,20,false,true,145
2020-10-21,Wednesday,10,43,21,false,true,217
2020-10-22,Thursday,10,43,22,false,true,189
2020-10-23,Friday,10,43,23,false,false,156
2020-10-24,Saturday,10,43,24,true,false,48
2020-10-25,Sunday,10,44,25,true,false,204
2020-10-26,Monday,10,44,26,false,true,210
2020-10-27,Tuesday,10,44,27,false,true,139
2020-10-28,Wednesday,10,44,28,false,true,195
2020-10-29,Thursday,10,44,29,false,true,141
2020-10-30,Friday,10,44,30,false,false,225
2020-10-31,Saturday,10,44,31,true,false,10
2020-11-01,Sunday,11,45,1,true,false,18
2020-11-02,Monday,11,45,2,false,false,116
2020-11-03,Tuesday,11,45,3,false,true,185
2020-11-04,Wednesday,11,45,4,false,true,190
2020-11-05,Thursday,11,45,5,false,false,145
2020-11-06,Friday,11,45,6,false,true,108
2020-11-07,Saturday,11,45,7,true,false,47
2020-11-08,Sunday,11,46,8,true,false,99
2020-11-09,Monday,11,46,9,false,true,120
2020-11-10,Tuesday,11,46,10,false,true,183
2020-11-11,Wednesday,11,46,11,false,false,180
2020-11-12,Thursday,11,46,12,false,false,155
2020-11-13,Friday,11,46,13,false,false,139
2020-11-14,Saturday,11,46,14,true,false,49
2020-11-15,Sunday,11,47,15,true,false,62
2020-11-16,Monday,11,47,16,false,false,105
2020-11-17,Tuesday,11,47,17,false,false,187
2020-11-18,Wednesday,11,47,18,false,true,120
2020-11-19,Thursday,11,47,19,false,true,153
2020-11-20,Friday,11,47,20,false,false,111
2020-11-21,Saturday,11,47,21,true,false,39
2020-11-22,Sunday,11,48,22,true,true,37
2020-11-23,Monday,11,48,23,false,false,180
2020-11-24,Tuesday,11,48,24,false,false,112
2020-11-25,Wednesday,11,48,25,false,true,133
2020-11-26,Thursday,11,48,26,false,false,143
2020-11-27,Friday,11,48,27,false,true,155
2020-11-28,Saturday,11,48,28,true,false,13
2020-11-29,Sunday,11,49,29,true,false,41
2020-11-30,Monday,11,49,30,false,true,105
2020-12-01,Tuesday,12,49,1,false,true,122
2020-12-02,Wednesday,12,49,2,false,true,132
2020-12-03,Thursday,12,49,3,false,true,174
2020-12-04,Friday,12,49,4,false,false,163
2020-12-05,Saturday,12,49,5,true,false,25
2020-12-06,Sunday,12,50,6,true,false,76
2020-12-07,Monday,12,50,7,false,true,210
2020-12-08,Tuesday,12,50,8,false,true,188
2020-12-09,Wednesday,12,50,9,false,true,169
2020-12-10,Thursday,12,50,10,false,false,183
2020-12-11,Friday,12,50,11,false,true,145
2020-12-12,Saturday,12,50,12,true,true,153
2020-12-13,Sunday,12,51,13,true,false,41
2020-12-14,Monday,12,51,14,false,false,192
2020-12-15,Tuesday,12,51,15,false,true,130
2020-12-16,Wednesday,12,51,16,false,true,125
2020-12-17,Thursday,12,51,17,false,true,150
2020-12-18,Friday,12,51,18,false,false,172
2020-12-19,Saturday,12,51,19,true,false,96
2020-12-20,Sunday,12,52,20,true,false,187
2020-12-21,Monday,12,52,21,false,true,143
2020-12-22,Tuesday,12,52,22,false,true,151
2020-12-23,Wednesday,12,52,23,false,true,190
2020-12-24,Thursday,12,52,24,false,true,122
2020-12-25,Friday,12,52,25,false,true,181
2020-12-26,Saturday,12,52,26,true,false,98
2020-12-27,Sunday,12,53,27,true,false,101
2020-12-28,Monday,12,53,28,false,false,171
2020-12-29,Tuesday,12,53,29,false,true,125
2020-12-30,Wednesday,12,53,30,false,true,144
2020-12-31,Thursday,12,53,31,false,true,148
2021-01-01,Friday,1,1,1,false,true,121
2021-01-02,Saturday,1,1,2,true,false,33
2021-01-03,Sunday,1,2,3,true,false,125
2021-01-04,Monday,1,2,4,false,true,124
2021-01-05,Tuesday,1,2,5,false,true,157
2021-01-06,Wednesday,1,2,6,false,false,192
2021-01-07,Thursday,1,2,7,false,true,189
2021-01-08,Friday,1,2,8,false,false,144
2021-01-09,Saturday,1,2,9,true,false,121
2021-01-10,Sunday,1,3,10,true,false,75
2021-01-11,Monday,1,3,11,false,true,176
2021-01-12,Tuesday,1,3,12,false,false,110
2021-01-13,Wednesday,1,3,13,false,true,126
2021-01-14,Thursday,1,3,14,false,true,189
2021-01-15,Friday,1,3,15,false,true,133
2021-01-16,Saturday,1,3,16,true,false,145
2021-01-17,Sunday,1,4,17,true,false,165
2021-01-18,Monday,1,4,18,false,true,197
2021-01-19,Tuesday,1,4,19,false,false,172
2021-01-20,Wednesday,1,4,20,false,false,170
2021-01-21,Thursday,1,4,21,false,true,137
2021-01-22,Friday,1,4,22,false,true,154
2021-01-23,Saturday,1,4,23,true,false,112
2021-01-24,Sunday,1,5,24,true,false,177
2021-01-25,Monday,1,5,25,false,true,195
2021-01-26,Tuesday,1,5,26,false,true,106
2021-01-27,Wednesday,1,5,27,false,true,115
2021-01-28,Thursday,1,5,28,false,true,177
2021-01-29,Friday,1,5,29,false,false,127
2021-01-30,Saturday,1,5,30,true,false,153
2021-01-31,Sunday,1,6,31,true,false,129
2021-02-01,Monday,2,6,1,false,true,159
2021-02-02,Tuesday,2,6,2,false,true,111
2021-02-03,Wednesday,2,6,3,false,true,190
2021-02-04,Thursday,2,6,4,false,true,200
2021-02-05,Friday,2,6,5,false,false,148
2021-02-06,Saturday,2,6,6,true,false,41
2021-02-07,Sunday,2,7,7,true,false,115
2021-02-08,Monday,2,7,8,false,false,215
2021-02-09,Tuesday,2,7,9,false,true,186
2021-02-10,Wednesday,2,7,10,false,true,146
2021-02-11,Thursday,2,7,11,false,true,139
2021-02-12,Friday,2,7,12,false,true,180
2021-02-13,Saturday,2,7,13,true,false,29
2021-02-14,Sunday,2,8,14,true,false,148
2021-02-15,Monday,2,8,15,false,true,118
2021-02-16,Tuesday,2,8,16,false,true,184
2021-02-17,Wednesday,2,8,17,false,true,195
2021-02-18,Thursday,2,8,18,false,false,215
2021-02-19,Friday,2,8,19,false,false,199
2021-02-20,Saturday,2,8,20,true,false,42
2021-02-21,Sunday,2,9,21,true,false,143
2021-02-22,Monday,2,9,22,false,false,173
2021-02-23,Tuesday,2,9,23,false,false,111
2021-02-24,Wednesday,2,9,24,false,true,199
2021-02-25,Thursday,2,9,25,false,false,201
2021-02-26,Friday,2,9,26,false,false,178
2021-02-27,Saturday,2,9,27,true,false,108
2021-02-28,Sunday,2,10,28,true,true,178
2021-03-01,Monday,3,10,1,false,true,162
2021-03-02,Tuesday,3,10,2,false,true,194
2021-03-03,Wednesday,3,10,3,false,false,221
2021-03-04,Thursday,3,10,4,false,true,156
2021-03-05,Friday,3,10,5,false,true,218
2021-03-06,Saturday,3,10,6,true,false,44
2021-03-07,Sunday,3,11,7,true,false,132
2021-03-08,Monday,3,11,8,false,true,158
2021-03-09,Tuesday,3,11,9,false,true,142
2021-03-10,Wednesday,3,11,10,false,true,121
2021-03-11,Thursday,3,11,11,false,false,159
2021-03-12,Friday,3,11,12,false,true,165
2021-03-13,Saturday,3,11,13,true,false,14
2021-03-14,Sunday,3,12,14,true,false,207
2021-03-15,Monday,3,12,15,false,false,146
2021-03-16,Tuesday,3,12,16,false,false,180
2021-03-17,Wednesday,3,12,17,false,true,214
2021-03-18,Thursday,3,12,18,false,false,167
2021-03-19,Friday,3,12,19,false,true,132
2021-03-20,Saturday,3,12,20,true,false,25
2021-03-21,Sunday,3,13,21,true,false,152
2021-03-22,Monday,3,13,22,false,false,128
2021-03-23,Tuesday,3,13,23,false,true,131
2021-03-24,Wednesday,3,13,24,false,true,222
2021-03-25,Thursday,3,13,25,false,true,215
2021-03-26,Friday,3,13,26,false,false,116
2021-03-27,Saturday,3,13,27,true,false,125
2021-03-28,Sunday,3,14,28,true,false,186
2021-03-29,Monday,3,14,29,false,true,187
2021-03-30,Tuesday,3,14,30,false,true,184
2021-03-31,Wednesday,3,14,31,false,true,133
2021-04-01,Thursday,4,14,1,false,false,151
2021-04-02,Friday,4,14,2,false,false,121
2021-04-03,Saturday,4,14,3,true,false,15
2021-04-04,Sunday,4,15,4,true,false,5
2021-04-05,Monday,4,15,5,false,true,382
2021-04-06,Tuesday,4,15,6,false,false,423
2021-04-07,Wednesday,4,15,7,false,false,497
2021-04-08,Thursday,4,15,8,false,true,636
2021-04-09,Friday,4,15,9,false,false,422
2021-04-10,Saturday,4,15,10,true,true,35
2021-04-11,Sunday,4,16,11,true,false,3
2021-04-12,Monday,4,16,12,false,true,396
2021-04-13,Tuesday,4,16,13,false,false,513
2021-04-14,Wednesday,4,16,14,false,false,361
2021-04-15,Thursday,4,16,15,false,true,562
2021-04-16,Friday,4,16,16,false,true,390
2021-04-17,Saturday,4,16,17,true,false,50
2021-04-18,Sunday,4,17,18,true,false,5
2021-04-19,Monday,4,17,19,false,false,538
2021-04-20,Tuesday,4,17,20,false,true,216
2021-04-21,Wednesday,4,17,21,false,true,580
2021-04-22,Thursday,4,17,22,false,false,539
2021-04-23,Friday,4,17,23,false,false,587
2021-04-24,Saturday,4,17,24,true,false,13
2021-04-25,Sunday,4,18,25,true,false,5
2021-04-26,Monday,4,18,26,false,false,353
2021-04-27,Tuesday,4,18,27,false,true,501
2021-04-28,Wednesday,4,18,28,false,true,315
2021-04-29,Thursday,4,18,29,false,false,423
2021-04-30,Friday,4,18,30,false,true,536
2021-05-01,Saturday,5,18,1,true,false,35
2021-05-02,Sunday,5,19,2,true,false,5
2021-05-03,Monday,5,19,3,false,false,357
2021-05-04,Tuesday,5,19,4,false,true,549
2021-05-05,Wednesday,5,19,5,false,true,253
2021-05-06,Thursday,5,19,6,false,true,612
2021-05-07,Friday,5,19,7,false,true,552
2021-05-08,Saturday,5,19,8,true,false,32
2021-05-09,Sunday,5,20,9,true,false,6
2021-05-10,Monday,5,20,10,false,true,619
2021-05-11,Tuesday,5,20,11,false,false,615
2021-05-12,Wednesday,5,20,12,false,true,444
2021-05-13,Thursday,5,20,13,false,true,618
2021-05-14,Friday,5,20,14,false,false,590
2021-05-15,Saturday,5,20,15,true,false,14
2021-05-16,Sunday,5,21,16,true,false,6
2021-05-17,Monday,5,21,17,false,false,605
2021-05-18,Tuesday,5,21,18,false,false,607
2021-05-19,Wednesday,5,21,19,false,true,437
2021-05-20,Thursday,5,21,20,false,true,620
2021-05-21,Friday,5,21,21,false,true,539
2021-05-22,Saturday,5,21,22,true,false,14
2021-05-23,Sunday,5,22,23,true,false,5
2021-05-24,Monday,5,22,24,false,false,376
2021-05-25,Tuesday,5,22,25,false,false,617
2021-05-26,Wednesday,5,22,26,false,true,590
2021-05-27,Thursday,5,22,27,false,true,607
2021-05-28,Friday,5,22,28,false,true,563
2021-05-29,Saturday,5,22,29,true,false,35
2021-05-30,Sunday,5,23,30,true,true,5
2021-05-31,Monday,5,23,31,false,true,448
2021-06-01,Tuesday,6,23,1,false,true,548
2021-06-02,Wednesday,6,23,2,false,true,237
2021-06-03,Thursday,6,23,3,false,true,435
2021-06-04,Friday,6,23,4,false,true,442
2021-06-05,Saturday,6,23,5,true,false,5
2021-06-06,Sunday,6,24,6,true,false,5
2021-06-07,Monday,6,24,7,false,true,285
2021-06-08,Tuesday,6,24,8,false,false,437
2021-06-09,Wednesday,6,24,9,false,true,516
2021-06-10,Thursday,6,24,10,false,true,505
2021-06-11,Friday,6,24,11,false,false,383
2021-06-12,Saturday,6,24,12,true,false,21
2021-06-13,Sunday,6,25,13,true,false,5
2021-06-14,Monday,6,25,14,false,true,558
2021-06-15,Tuesday,6,25,15,false,true,390
2021-06-16,Wednesday,6,25,16,false,false,541
2021-06-17,Thursday,6,25,17,false,true,526
2021-06-18,Friday,6,25,18,false,true,436
2021-06-19,Saturday,6,25,19,true,false,9
2021-06-20,Sunday,6,26,20,true,false,5
2021-06-21,Monday,6,26,21,false,true,415
2021-06-22,Tuesday,6,26,22,false,false,442
2021-06-23,Wednesday,6,26,23,false,true,589
2021-06-24,Thursday,6,26,24,false,true,415
2021-06-25,Friday,6,26,25,false,false,559
2021-06-26,Saturday,6,26,26,true,false,21
2021-06-27,Sunday,6,27,27,true,false,5
2021-06-28,Monday,6,27,28,false,false,532
2021-06-29,Tuesday,6,27,29,false,true,547
2021-06-30,Wednesday,6,27,30,false,true,566
2021-07-01,Thursday,7,27,1,false,false,616
2021-07-02,Friday,7,27,2,false,true,388
2021-07-03,Saturday,7,27,3,true,false,13
2021-07-04,Sunday,7,28,4,true,false,5
2021-07-05,Monday,7,28,5,false,false,573
2021-07-06,Tuesday,7,28,6,false,false,580
2021-07-07,Wednesday,7,28,7,false,true,319
2021-07-08,Thursday,7,28,8,false,true,471
2021-07-09,Friday,7,28,9,false,false,536
2021-07-10,Saturday,7,28,10,true,false,5
2021-07-11,Sunday,7,29,11,true,false,5
2021-07-12,Monday,7,29,12,false,true,586
2021-07-13,Tuesday,7,29,13,false,true,594
2021-07-14,Wednesday,7,29,14,false,true,513
2021-07-15,Thursday,7,29,15,false,false,612
2021-07-16,Friday,7,29,16,false,true,454
2021-07-17,Saturday,7,29,17,true,false,41
2021-07-18,Sunday,7,30,18,true,false,5
2021-07-19,Monday,7,30,19,false,true,631
2021-07-20,Tuesday,7,30,20,false,true,541
2021-07-21,Wednesday,7,30,21,false,true,592
2021-07-22,Thursday,7,30,22,false,true,554
2021-07-23,Friday,7,30,23,false,true,548
2021-07-24,Saturday,7,30,24,true,false,13
2021-07-25,Sunday,7,31,25,true,true,5
2021-07-26,Monday,7,31,26,false,false,413
2021-07-27,Tuesday,7,31,27,false,false,513
2021-07-28,Wednesday,7,31,28,false,true,337
2021-07-29,Thursday,7,31,29,false,true,536
2021-07-30,Friday,7,31,30,false,false,563
2021-07-31,Saturday,7,31,31,true,false,5
2021-08-01,Sunday,8,32,1,true,false,5
2021-08-02,Monday,8,32,2,false,true,530
2021-08-03,Tuesday,8,32,3,false,true,545
2021-08-04,Wednesday,8,32,4,false,true,282
2021-08-05,Thursday,8,32,5,false,false,537
2021-08-06,Friday,8,32,6,false,true,371
2021-08-07,Saturday,8,32,7,true,false,40
2021-08-08,Sunday,8,33,8,true,true,5
2021-08-09,Monday,8,33,9,false,true,597
2021-08-10,Tuesday,8,33,10,false,true,556
2021-08-11,Wednesday,8,33,11,false,true,282
2021-08-12,Thursday,8,33,12,false,true,373
2021-08-13,Friday,8,33,13,false,true,331
2021-08-14,Saturday,8,33,14,true,false,44
2021-08-15,Sunday,8,34,15,true,false,5
2021-08-16,Monday,8,34,16,false,true,617
2021-08-17,Tuesday,8,34,17,false,true,628
2021-08-18,Wednesday,8,34,18,false,true,326
2021-08-19,Thursday,8,34,19,false,true,425
2021-08-20,Friday,8,34,20,false,true,557
2021-08-21,Saturday,8,34,21,true,false,20
2021-08-22,Sunday,8,35,22,true,false,5
2021-08-23,Monday,8,35,23,false,true,411
2021-08-24,Tuesday,8,35,24,false,false,516
2021-08-25,Wednesday,8,35,25,false,true,464
2021-08-26,Thursday,8,35,26,false,true,453
2021-08-27,Friday,8,35,27,false,true,446
2021-08-28,Saturday,8,35,28,true,false,33
2021-08-29,Sunday,8,36,29,true,false,5
2021-08-30,Monday,8,36,30,false,false,566
2021-08-31,Tuesday,8,36,31,false,true,558
2021-09-01,Wednesday,9,36,1,false,false,459
2021-09-02,Thursday,9,36,2,false,true,529
2021-09-03,Friday,9,36,3,false,false,509
2021-09-04,Saturday,9,36,4,true,false,9
2021-09-05,Sunday,9,37,5,true,false,5
2021-09-06,Monday,9,37,6,false,true,399
2021-09-07,Tuesday,9,37,7,false,true,453
2021-09-08,Wednesday,9,37,8,false,false,365
2021-09-09,Thursday,9,37,9,false,false,549
2021-09-10,Friday,9,37,10,false,true,523
2021-09-11,Saturday,9,37,11,true,false,5
2021-09-12,Sunday,9,38,12,true,false,5
2021-09-13,Monday,9,38,13,false,true,642
2021-09-14,Tuesday,9,38,14,false,true,861
2021-09-15,Wednesday,9,38,15,false,true,351
2021-09-16,Thursday,9,38,16,false,false,1326
2021-09-17,Friday,9,38,17,false,true,538
2021-09-18,Saturday,9,38,18,true,false,38
2021-09-19,Sunday,9,39,19,true,false,3
2021-09-20,Monday,9,39,20,false,true,461
2021-09-21,Tuesday,9,39,21,false,true,1219
2021-09-22,Wednesday,9,39,22,false,true,548
2021-09-23,Thursday,9,39,23,false,false,1549
2021-09-24,Friday,9,39,24,false,true,503
2021-09-25,Saturday,9,39,25,true,false,19
2021-09-26,Sunday,9,40,26,true,true,4
2021-09-27,Monday,9,40,27,false,true,385
2021-09-28,Tuesday,9,40,28,false,false,856
2021-09-29,Wednesday,9,40,29,false,true,253
2021-09-30,Thursday,9,40,30,false,true,1027
2021-10-01,Friday,10,40,1,false,false,532
2021-10-02,Saturday,10,40,2,true,false,1
2021-10-03,Sunday,10,41,3,true,false,4
2021-10-04,Monday,10,41,4,false,false,323
2021-10-05,Tuesday,10,41,5,false,true,1075
2021-10-06,Wednesday,10,41,6,false,false,544
2021-10-07,Thursday,10,41,7,false,true,926
2021-10-08,Friday,10,41,8,false,false,558
2021-10-09,Saturday,10,41,9,true,false,6
2021-10-10,Sunday,10,42,10,true,false,3
2021-10-11,Monday,10,42,11,false,true,330
2021-10-12,Tuesday,10,42,12,false,true,1209
2021-10-13,Wednesday,10,42,13,false,true,635
2021-10-14,Thursday,10,42,14,false,false,1408
2021-10-15,Friday,10,42,15,false,true,549
2021-10-16,Saturday,10,42,16,true,false,0
2021-10-17,Sunday,10,43,17,true,false,5
2021-10-18,Monday,10,43,18,false,true,514
2021-10-19,Tuesday,10,43,19,false,true,1147
2021-10-20,Wednesday,10,43,20,false,true,525
2021-10-21,Thursday,10,43,21,false,true,1462
2021-10-22,Friday,10,43,22,false,true,526
2021-10-23,Saturday,10,43,23,true,false,28
2021-10-24,Sunday,10,44,24,true,false,5
2021-10-25,Monday,10,44,25,false,false,554
2021-10-26,Tuesday,10,44,26,false,true,955
2021-10-27,Wednesday,10,44,27,false,true,563
2021-10-28,Thursday,10,44,28,false,true,1152
2021-10-29,Friday,10,44,29,false,true,355
2021-10-30,Saturday,10,44,30,true,false,27
2021-10-31,Sunday,10,45,31,true,false,5
2021-11-01,Monday,11,45,1,false,false,629
2021-11-02,Tuesday,11,45,2,false,true,1253
2021-11-03,Wednesday,11,45,3,false,true,456
2021-11-04,Thursday,11,45,4,false,false,1706
2021-11-05,Friday,11,45,5,false,true,413
2021-11-06,Saturday,11,45,6,true,false,26
2021-11-07,Sunday,11,46,7,true,false,4
2021-11-08,Monday,11,46,8,false,true,388
2021-11-09,Tuesday,11,46,9,false,true,1176
2021-11-10,Wednesday,11,46,10,false,true,440
2021-11-11,Thursday,11,46,11,false,true,1235
2021-11-12,Friday,11,46,12,false,false,486
2021-11-13,Saturday,11,46,13,true,false,36
2021-11-14,Sunday,11,47,14,true,false,4
2021-11-15,Monday,11,47,15,false,false,482
2021-11-16,Tuesday,11,47,16,false,true,999
2021-11-17,Wednesday,11,47,17,false,true,671
2021-11-18,Thursday,11,47,18,false,true,1432
2021-11-19,Friday,11,47,19,false,true,524
2021-11-20,Saturday,11,47,20,true,false,1
2021-11-21,Sunday,11,48,21,true,true,4
2021-11-22,Monday,11,48,22,false,true,516
2021-11-23,Tuesday,11,48,23,false,true,965
2021-11-24,Wednesday,11,48,24,false,true,227
2021-11-25,Thursday,11,48,25,false,false,845
2021-11-26,Friday,11,48,26,false,true,699
2021-11-27,Saturday,11,48,27,true,false,9
2021-11-28,Sunday,11,49,28,true,false,3
2021-11-29,Monday,11,49,29,false,true,537
2021-11-30,Tuesday,11,49,30,false,true,1201
2021-12-01,Wednesday,12,49,1,false,true,332
2021-12-02,Thursday,12,49,2,false,false,1182
2021-12-03,Friday,12,49,3,false,true,568
2021-12-04,Saturday,12,49,4,true,false,39
2021-12-05,Sunday,12,50,5,true,false,5
2021-12-06,Monday,12,50,6,false,false,328
2021-12-07,Tuesday,12,50,7,false,true,1672
2021-12-08,Wednesday,12,50,8,false,false,357
2021-12-09,Thursday,12,50,9,false,true,1647
2021-12-10,Friday,12,50,10,false,false,638
2021-12-11,Saturday,12,50,11,true,false,23
2021-12-12,Sunday,12,51,12,true,false,4
2021-12-13,Monday,12,51,13,false,true,259
2021-12-14,Tuesday,12,51,14,false,false,1695
2021-12-15,Wednesday,12,51,15,false,true,432
2021-12-16,Thursday,12,51,16,false,false,1514
2021-12-17,Friday,12,51,17,false,true,433
2021-12-18,Saturday,12,51,18,true,false,15
2021-12-19,Sunday,12,52,19,true,false,4
2021-12-20,Monday,12,52,20,false,false,529
2021-12-21,Tuesday,12,52,21,false,true,1575
2021-12-22,Wednesday,12,52,22,false,true,548
2021-12-23,Thursday,12,52,23,false,false,889
2021-12-24,Friday,12,52,24,false,true,437
2021-12-25,Saturday,12,52,25,true,false,33
2021-12-26,Sunday,12,53,26,true,false,3
2021-12-27,Monday,12,53,27,false,true,664
2021-12-28,Tuesday,12,53,28,false,true,814
2021-12-29,Wednesday,12,53,29,false,false,319
2021-12-30,Thursday,12,53,30,false,false,989
2021-12-31,Friday,12,53,31,false,false,580
2022-01-01,Saturday,1,1,1,true,true,3
2022-01-02,Sunday,1,2,2,true,false,5
2022-01-03,Monday,1,2,3,false,true,638
2022-01-04,Tuesday,1,2,4,false,true,1196
2022-01-05,Wednesday,1,2,5,false,true,375
2022-01-06,Thursday,1,2,6,false,true,1150
2022-01-07,Friday,1,2,7,false,true,401
2022-01-08,Saturday,1,2,8,true,false,17
2022-01-09,Sunday,1,3,9,true,false,5
2022-01-10,Monday,1,3,10,false,true,536
2022-01-11,Tuesday,1,3,11,false,true,1035
2022-01-12,Wednesday,1,3,12,false,true,363
2022-01-13,Thursday,1,3,13,false,false,839
2022-01-14,Friday,1,3,14,false,true,553
2022-01-15,Saturday,1,3,15,true,false,27
2022-01-16,Sunday,1,4,16,true,false,3
2022-01-17,Monday,1,4,17,false,true,699
2022-01-18,Tuesday,1,4,18,false,true,1282
2022-01-19,Wednesday,1,4,19,false,false,665
2022-01-20,Thursday,1,4,20,false,false,1194
2022-01-21,Friday,1,4,21,false,true,638
2022-01-22,Saturday,1,4,22,true,false,31
2022-01-23,Sunday,1,5,23,true,false,5
2022-01-24,Monday,1,5,24,false,false,675
2022-01-25,Tuesday,1,5,25,false,false,1265
2022-01-26,Wednesday,1,5,26,false,true,516
2022-01-27,Thursday,1,5,27,false,true,956
2022-01-28,Friday,1,5,28,false,true,311
2022-01-29,Saturday,1,5,29,true,false,30
2022-01-30,Sunday,1,6,30,true,true,4
2022-01-31,Monday,1,6,31,false,false,290
2022-02-01,Tuesday,2,6,1,false,false,802
2022-02-02,Wednesday,2,6,2,false,true,278
2022-02-03,Thursday,2,6,3,false,true,1306
2022-02-04,Friday,2,6,4,false,false,325
2022-02-05,Saturday,2,6,5,true,false,23
2022-02-06,Sunday,2,7,6,true,false,5
2022-02-07,Monday,2,7,7,false,true,387
2022-02-08,Tuesday,2,7,8,false,true,1548
2022-02-09,Wednesday,2,7,9,false,false,400
2022-02-10,Thursday,2,7,10,false,true,1519
2022-02-11,Friday,2,7,11,false,true,614
2022-02-12,Saturday,2,7,12,true,false,6
2022-02-13,Sunday,2,8,13,true,false,4
2022-02-14,Monday,2,8,14,false,true,343
2022-02-15,Tuesday,2,8,15,false,true,1402
2022-02-16,Wednesday,2,8,16,false,true,620
2022-02-17,Thursday,2,8,17,false,true,1193
2022-02-18,Friday,2,8,18,false,true,573
2022-02-19,Saturday,2,8,19,true,false,2
2022-02-20,Sunday,2,9,20,true,false,3
2022-02-21,Monday,2,9,21,false,true,578
2022-02-22,Tuesday,2,9,22,false,true,1398
2022-02-23,Wednesday,2,9,23,false,false,377
2022-02-24,Thursday,2,9,24,false,false,1237
2022-02-25,Friday,2,9,25,false,false,694
2022-02-26,Saturday,2,9,26,true,false,34
2022-02-27,Sunday,2,10,27,true,false,3
2022-02-28,Monday,2,10,28,false,true,603
2022-03-01,Tuesday,3,10,1,false,true,1450
2022-03-02,Wednesday,3,10,2,false,true,396
2022-03-03,Thursday,3,10,3,false,true,965
2022-03-04,Friday,3,10,4,false,false,368
2022-03-05,Saturday,3,10,5,true,false,15
2022-03-06,Sunday,3,11,6,true,false,3
2022-03-07,Monday,3,11,7,false,true,557
2022-03-08,Tuesday,3,11,8,false,true,1514
2022-03-09,Wednesday,3,11,9,false,true,462
2022-03-10,Thursday,3,11,10,false,false,1628
2022-03-11,Friday,3,11,11,false,false,557
2022-03-12,Saturday,3,11,12,true,false,5
2022-03-13,Sunday,3,12,13,true,false,5
2022-03-14,Monday,3,12,14,false,false,257
2022-03-15,Tuesday,3,12,15,false,true,1639
2022-03-16,Wednesday,3,12,16,false,true,661
2022-03-17,Thursday,3,12,17,false,true,1542
2022-03-18,Friday,3,12,18,false,true,446
2022-03-19,Saturday,3,12,19,true,false,16
2022-03-20,Sunday,3,13,20,true,false,4
2022-03-21,Monday,3,13,21,false,true,558
2022-03-22,Tuesday,3,13,22,false,true,1015
2022-03-23,Wednesday,3,13,23,false,true,528
2022-03-24,Thursday,3,13,24,false,false,919
2022-03-25,Friday,3,13,25,false,false,324
2022-03-26,Saturday,3,13,26,true,false,7
2022-03-27,Sunday,3,14,27,true,false,4
2022-03-28,Monday,3,14,28,false,true,510
2022-03-29,Tuesday,3,14,29,false,true,1118
2022-03-30,Wednesday,3,14,30,false,false,410
2022-03-31,Thursday,3,14,31,false,true,1375
2022-04-01,Friday,4,14,1,false,false,526
2022-04-02,Saturday,4,14,2,true,true,14
2022-04-03,Sunday,4,15,3,true,false,3
2022-04-04,Monday,4,15,4,false,true,254
2022-04-05,Tuesday,4,15,5,false,true,1582
2022-04-06,Wednesday,4,15,6,false,false,386
2022-04-07,Thursday,4,15,7,false,true,1709
2022-04-08,Friday,4,8,8,false,false,576
2022-04-09,Saturday,4,8,9,true,false,9
2022-04-10,Sunday,4,8,10,true,false,6
2022-04-11,Monday,4,9,11,false,true,601
2022-04-12,Tuesday,4,9,12,false,true,563
2022-04-13,Wednesday,4,9,13,false,true,497
2022-04-14,Thursday,4,9,14,false,true,503
2022-04-15,Friday,4,9,15,false,false,610
2022-04-16,Saturday,4,9,16,true,false,12
2022-04-17,Sunday,4,9,17,true,false,6
2022-04-18,Monday,4,9,18,false,true,599
2022-04-19,Tuesday,4,9,19,false,false,560
2022-04-20,Wednesday,4,9,20,false,true,495
2022-04-21,Thursday,4,9,21,false,true,501
2022-04-22,Friday,4,9,22,false,false,612
2022-04-23,Saturday,4,9,23,true,false,10
2022-04-24,Sunday,4,9,24,true,false,5
2022-04-25,Monday,4,9,25,false,true,600
2022-04-26,Tuesday,4,9,26,false,true,561
2022-04-27,Wednesday,4,9,27,false,true,492
2022-04-28,Thursday,4,9,28,false,true,517
2022-04-29,Friday,4,9,29,false,false,615
2022-04-30,Saturday,4,9,30,true,false,11
2022-05-01,Sunday,5,10,1,true,false,6
2022-05-02,Monday,5,10,2,false,true,594
2022-05-03,Tuesday,5,10,3,false,true,562
2022-05-04,Wednesday,5,10,4,false,true,498
2022-05-05,Thursday,5,10,5,false,true,510
2022-05-06,Friday,5,10,6,false,false,614
2022-05-07,Saturday,5,10,7,true,false,7
2022-05-08,Sunday,5,10,8,true,false,6
2022-05-09,Monday,5,10,9,false,true,607
2022-05-10,Tuesday,5,10,10,false,true,560
2022-05-11,Wednesday,5,10,11,false,true,500
2022-05-12,Thursday,5,10,12,false,true,514
2022-05-13,Friday,5,10,13,false,false,616
2022-05-14,Saturday,5,10,14,true,false,10
2022-05-15,Sunday,5,10,15,true,false,6
2022-05-16,Monday,5,11,16,false,true,603
2022-05-17,Tuesday,5,11,17,false,true,568
2022-05-18,Wednesday,5,11,18,false,true,495
2022-05-19,Thursday,5,11,19,false,true,509
2022-05-20,Friday,5,11,20,false,false,618
2022-05-21,Saturday,5,11,21,true,false,9
2022-05-22,Sunday,5,11,22,true,false,5
2022-05-23,Monday,5,11,23,false,true,594
2022-05-24,Tuesday,5,11,24,false,true,570
2022-05-25,Wednesday,5,11,25,false,true,487
2022-05-26,Thursday,5,11,26,false,true,511
2022-05-27,Friday,5,11,27,false,false,615
2022-05-28,Saturday,5,11,28,true,false,10
2022-05-29,Sunday,5,11,29,true,false,6
2022-05-30,Monday,5,12,30,false,true,607
2022-05-31,Tuesday,5,12,31,false,true,561
2022-06-01,Wednesday,6,13,1,false,true,498
2022-06-02,Thursday,6,13,2,false,true,505
2022-06-03,Friday,6,13,3,false,false,614
2022-06-04,Saturday,6,13,4,true,false,9
2022-06-05,Sunday,6,13,5,true,false,7
2022-06-06,Monday,6,24,6,false,false,565
2022-06-07,Tuesday,6,24,7,false,true,1359
2022-06-08,Wednesday,6,24,8,false,true,678
2022-06-09,Thursday,6,24,9,false,true,1579
2022-06-10,Friday,6,24,10,false,true,644
2022-06-11,Saturday,6,24,11,true,false,17
2022-06-12,Sunday,6,25,12,true,true,5
2022-06-13,Monday,6,25,13,false,false,656
2022-06-14,Tuesday,6,25,14,false,true,1362
2022-06-15,Wednesday,6,25,15,false,false,341
2022-06-16,Thursday,6,25,16,false,true,1396
2022-06-17,Friday,6,25,17,false,true,507
2022-06-18,Saturday,6,25,18,true,false,29
2022-06-19,Sunday,6,26,19,true,false,4
2022-06-20,Monday,6,26,20,false,true,585
2022-06-21,Tuesday,6,26,21,false,false,1443
2022-06-22,Wednesday,6,26,22,false,true,538
2022-06-23,Thursday,6,26,23,false,true,1497
2022-06-24,Friday,6,26,24,false,true,440
2022-06-25,Saturday,6,26,25,true,false,18
2022-06-26,Sunday,6,27,26,true,false,3
2022-06-27,Monday,6,27,27,false,false,277
2022-06-28,Tuesday,6,27,28,false,true,1261
2022-06-29,Wednesday,6,27,29,false,false,511
2022-06-30,Thursday,6,27,30,false,false,1750
2022-07-01,Friday,7,27,1,false,true,411
2022-07-02,Saturday,7,27,2,true,true,0
2022-07-03,Sunday,7,28,3,true,false,4
2022-07-04,Monday,7,28,4,false,true,398
2022-07-05,Tuesday,7,28,5,false,false,876
2022-07-06,Wednesday,7,28,6,false,true,594
2022-07-07,Thursday,7,28,7,false,true,1273
2022-07-08,Friday,7,28,8,false,true,383
2022-07-09,Saturday,7,28,9,true,false,11
2022-07-10,Sunday,7,29,10,true,false,4
2022-07-11,Monday,7,29,11,false,true,451
2022-07-12,Tuesday,7,29,12,false,false,812
2022-07-13,Wednesday,7,29,13,false,false,536
2022-07-14,Thursday,7,29,14,false,true,1107
2022-07-15,Friday,7,29,15,false,true,463
2022-07-16,Saturday,7,29,16,true,false,26
2022-07-17,Sunday,7,30,17,true,false,3
2022-07-18,Monday,7,30,18,false,false,458
2022-07-19,Tuesday,7,30,19,false,true,1305
2022-07-20,Wednesday,7,30,20,false,false,647
2022-07-21,Thursday,7,30,21,false,false,1139
2022-07-22,Friday,7,30,22,false,true,597
2022-07-23,Saturday,7,30,23,true,false,47
2022-07-24,Sunday,7,31,24,true,false,4
2022-07-25,Monday,7,31,25,false,false,285
2022-07-26,Tuesday,7,31,26,false,true,1547
2022-07-27,Wednesday,7,31,27,false,true,408
2022-07-28,Thursday,7,31,28,false,true,1604
2022-07-29,Friday,7,31,29,false,false,310
2022-07-30,Saturday,7,31,30,true,true,41
2022-07-31,Sunday,7,32,31,true,false,3
2022-08-01,Monday,8,32,1,false,true,640
2022-08-02,Tuesday,8,32,2,false,true,1119
2022-08-03,Wednesday,8,32,3,false,true,591
2022-08-04,Thursday,8,32,4,false,false,803
2022-08-05,Friday,8,32,5,false,true,613
2022-08-06,Saturday,8,32,6,true,false,8
2022-08-07,Sunday,8,33,7,true,false,4
2022-08-08,Monday,8,33,8,false,true,638
2022-08-09,Tuesday,8,33,9,false,true,981
2022-08-10,Wednesday,8,33,10,false,true,303
2022-08-11,Thursday,8,33,11,false,true,1058
2022-08-12,Friday,8,33,12,false,true,376
2022-08-13,Saturday,8,33,13,true,false,49
2022-08-14,Sunday,8,34,14,true,false,5
2022-08-15,Monday,8,34,15,false,false,397
2022-08-16,Tuesday,8,34,16,false,false,1369
2022-08-17,Wednesday,8,34,17,false,false,364
2022-08-18,Thursday,8,34,18,false,true,1356
2022-08-19,Friday,8,34,19,false,false,588
2022-08-20,Saturday,8,34,20,true,false,45
2022-08-21,Sunday,8,35,21,true,false,5
2022-08-22,Monday,8,35,22,false,false,478
2022-08-23,Tuesday,8,35,23,false,false,1339
2022-08-24,Wednesday,8,35,24,false,true,316
2022-08-25,Thursday,8,35,25,false,true,909
2022-08-26,Friday,8,35,26,false,false,592
2022-08-27,Saturday,8,35,27,true,false,7
2022-08-28,Sunday,8,36,28,true,false,4
2022-08-29,Monday,8,36,29,false,true,276
2022-08-30,Tuesday,8,36,30,false,true,1279
2022-08-31,Wednesday,8,36,31,false,false,430
2022-09-01,Thursday,9,36,1,false,true,908
2022-09-02,Friday,9,36,2,false,true,643
2022-09-03,Saturday,9,36,3,true,false,38
2022-09-04,Sunday,9,37,4,true,false,3
2022-09-05,Monday,9,37,5,false,true,608
2022-09-06,Tuesday,9,37,6,false,true,970
2022-09-07,Wednesday,9,37,7,false,true,462
2022-09-08,Thursday,9,37,8,false,true,813
2022-09-09,Friday,9,37,9,false,false,444
2022-09-10,Saturday,9,37,10,true,false,2
2022-09-11,Sunday,9,38,11,true,false,4
2022-09-12,Monday,9,38,12,false,true,388
2022-09-13,Tuesday,9,38,13,false,true,1087
2022-09-14,Wednesday,9,38,14,false,true,300
2022-09-15,Thursday,9,38,15,false,true,1564
2022-09-16,Friday,9,38,16,false,true,621
2022-09-17,Saturday,9,38,17,true,false,34
2022-09-18,Sunday,9,39,18,true,false,3
2022-09-19,Monday,9,39,19,false,false,682
2022-09-20,Tuesday,9,39,20,false,false,1653
2022-09-21,Wednesday,9,39,21,false,true,310
2022-09-22,Thursday,9,39,22,false,true,1070
2022-09-23,Friday,9,39,23,false,false,317
2022-09-24,Saturday,9,39,24,true,false,19
2022-09-25,Sunday,9,40,25,true,false,3
2022-09-26,Monday,9,40,26,false,true,536
2022-09-27,Tuesday,9,40,27,false,false,1719
2022-09-28,Wednesday,9,40,28,false,true,556
2022-09-29,Thursday,9,40,29,false,true,1382
2022-09-30,Friday,9,40,30,false,true,369
2022-10-01,Saturday,10,40,1,true,false,16
2022-10-02,Sunday,10,41,2,true,false,5
2022-10-03,Monday,10,41,3,false,true,320
2022-10-04,Tuesday,10,41,4,false,false,857
2022-10-05,Wednesday,10,41,5,false,true,421
2022-10-06,Thursday,10,41,6,false,true,1636
2022-10-07,Friday,10,41,7,false,true,349
2022-10-08,Saturday,10,41,8,true,false,13
2022-10-09,Sunday,10,42,9,true,false,3
2022-10-10,Monday,10,42,10,false,false,377
2022-10-11,Tuesday,10,42,11,false,true,1650
2022-10-12,Wednesday,10,42,12,false,false,339
2022-10-13,Thursday,10,42,13,false,true,1306
2022-10-14,Friday,10,42,14,false,false,354
2022-10-15,Saturday,10,42,15,true,false,14
2022-10-16,Sunday,10,43,16,true,false,5
2022-10-17,Monday,10,43,17,false,true,339
2022-10-18,Tuesday,10,43,18,false,true,1149
2022-10-19,Wednesday,10,43,19,false,true,645
2022-10-20,Thursday,10,43,20,false,true,1284
2022-10-21,Friday,10,43,21,false,true,436
2022-10-22,Saturday,10,43,22,true,false,20
2022-10-23,Sunday,10,44,23,true,false,5
2022-10-24,Monday,10,44,24,false,false,303
2022-10-25,Tuesday,10,44,25,false,false,814
2022-10-26,Wednesday,10,44,26,false,true,637
2022-10-27,Thursday,10,44,27,false,false,1311
2022-10-28,Friday,10,44,28,false,true,386
2022-10-29,Saturday,10,44,29,true,false,37
2022-10-30,Sunday,10,45,30,true,true,3
2022-10-31,Monday,10,45,31,false,true,627
2022-11-01,Tuesday,11,45,1,false,true,1136
2022-11-02,Wednesday,11,45,2,false,true,669
2022-11-03,Thursday,11,45,3,false,false,970
2022-11-04,Friday,11,45,4,false,true,468
2022-11-05,Saturday,11,45,5,true,false,36
2022-11-06,Sunday,11,46,6,true,false,5
2022-11-07,Monday,11,46,7,false,true,645
2022-11-08,Tuesday,11,46,8,false,true,861
2022-11-09,Wednesday,11,46,9,false,true,471
2022-11-10,Thursday,11,46,10,false,true,864
2022-11-11,Friday,11,46,11,false,false,699
2022-11-12,Saturday,11,46,12,true,true,12
2022-11-13,Sunday,11,47,13,true,false,3
2022-11-14,Monday,11,47,14,false,true,339
2022-11-15,Tuesday,11,47,15,false,false,966
2022-11-16,Wednesday,11,47,16,false,true,441
2022-11-17,Thursday,11,47,17,false,false,1224
2022-11-18,Friday,11,47,18,false,true,544
2022-11-19,Saturday,11,47,19,true,true,29
2022-11-20,Sunday,11,48,20,true,false,4
2022-11-21,Monday,11,48,21,false,true,287
2022-11-22,Tuesday,11,48,22,false,false,1114
2022-11-23,Wednesday,11,48,23,false,true,378
2022-11-24,Thursday,11,48,24,false,false,839
2022-11-25,Friday,11,48,25,false,true,688
2022-11-26,Saturday,11,48,26,true,true,4
2022-11-27,Sunday,11,49,27,true,false,5
2022-11-28,Monday,11,49,28,false,true,547
2022-11-29,Tuesday,11,49,29,false,true,1171
2022-11-30,Wednesday,11,49,30,false,false,436
2022-12-01,Thursday,12,49,1,false,false,1256
2022-12-02,Friday,12,49,2,false,true,350
2022-12-03,Saturday,12,49,3,true,false,16
2022-12-04,Sunday,12,50,4,true,false,5
2022-12-05,Monday,12,50,5,false,true,320
2022-12-06,Tuesday,12,50,6,false,true,972
2022-12-07,Wednesday,12,50,7,false,true,335
2022-12-08,Thursday,12,50,8,false,true,1318
2022-12-09,Friday,12,50,9,false,true,434
2022-12-10,Saturday,12,50,10,true,false,8
2022-12-11,Sunday,12,51,11,true,false,4
2022-12-12,Monday,12,51,12,false,false,599
2022-12-13,Tuesday,12,51,13,false,false,883
2022-12-14,Wednesday,12,51,14,false,true,296
2022-12-15,Thursday,12,51,15,false,false,1446
2022-12-16,Friday,12,51,16,false,true,416
2022-12-17,Saturday,12,51,17,true,false,42
2022-12-18,Sunday,12,52,18,true,false,5
2022-12-19,Monday,12,52,19,false,true,649
2022-12-20,Tuesday,12,52,20,false,false,1723
2022-12-21,Wednesday,12,52,21,false,true,594
2022-12-22,Thursday,12,52,22,false,false,1366
2022-12-23,Friday,12,52,23,false,false,704
2022-12-24,Saturday,12,52,24,true,false,21
2022-12-25,Sunday,12,53,25,true,false,4
2022-12-26,Monday,12,53,26,false,true,522
2022-12-27,Tuesday,12,53,27,false,true,1614
2022-12-28,Wednesday,12,53,28,false,true,403
2022-12-29,Thursday,12,53,29,false,true,1052
2022-12-30,Friday,12,53,30,false,false,408
2022-12-31,Saturday,12,53,31,true,false,4
2023-01-01,Sunday,1,2,1,true,false,4
2023-01-02,Monday,1,2,2,false,true,646
2023-01-03,Tuesday,1,2,3,false,true,1132
2023-01-04,Wednesday,1,2,4,false,false,272
2023-01-05,Thursday,1,2,5,false,true,1001
2023-01-06,Friday,1,2,6,false,false,687
2023-01-07,Saturday,1,2,7,true,false,14
2023-01-08,Sunday,1,3,8,true,false,4
2023-01-09,Monday,1,3,9,false,true,602
2023-01-10,Tuesday,1,3,10,false,false,857
2023-01-11,Wednesday,1,3,11,false,true,391
2023-01-12,Thursday,1,3,12,false,true,1292
2023-01-13,Friday,1,3,13,false,false,663
2023-01-14,Saturday,1,3,14,true,false,27
2023-01-15,Sunday,1,4,15,true,false,4
2023-01-16,Monday,1,4,16,false,true,667
2023-01-17,Tuesday,1,4,17,false,false,920
2023-01-18,Wednesday,1,4,18,false,true,466
2023-01-19,Thursday,1,4,19,false,false,1119
2023-01-20,Friday,1,4,20,false,true,378
2023-01-21,Saturday,1,4,21,true,false,14
2023-01-22,Sunday,1,5,22,true,false,5
2023-01-23,Monday,1,5,23,false,true,375
2023-01-24,Tuesday,1,5,24,false,true,1484
2023-01-25,Wednesday,1,5,25,false,false,254
2023-01-26,Thursday,1,5,26,false,true,1401
2023-01-27,Friday,1,5,27,false,true,301
2023-01-28,Saturday,1,5,28,true,false,32
2023-01-29,Sunday,1,6,29,true,false,5
2023-01-30,Monday,1,6,30,false,true,497
2023-01-31,Tuesday,1,6,31,false,true,1080
2023-02-01,Wednesday,2,6,1,false,false,269
2023-02-02,Thursday,2,6,2,false,false,956
2023-02-03,Friday,2,6,3,false,true,704
2023-02-04,Saturday,2,6,4,true,false,38
2023-02-05,Sunday,2,7,5,true,false,3
2023-02-06,Monday,2,7,6,false,true,421
2023-02-07,Tuesday,2,7,7,false,false,930
2023-02-08,Wednesday,2,7,8,false,true,415
2023-02-09,Thursday,2,7,9,false,true,1144
2023-02-10,Friday,2,7,10,false,false,474
2023-02-11,Saturday,2,7,11,true,true,23
2023-02-12,Sunday,2,8,12,true,false,5
2023-02-13,Monday,2,8,13,false,false,321
2023-02-14,Tuesday,2,8,14,false,true,1572
2023-02-15,Wednesday,2,8,15,false,true,590
2023-02-16,Thursday,2,8,16,false,true,1660
2023-02-17,Friday,2,8,17,false,true,393
2023-02-18,Saturday,2,8,18,true,false,39
2023-02-19,Sunday,2,9,19,true,false,4
2023-02-20,Monday,2,9,20,false,false,552
2023-02-21,Tuesday,2,9,21,false,false,1542
2023-02-22,Wednesday,2,9,22,false,false,485
2023-02-23,Thursday,2,9,23,false,true,1624
2023-02-24,Friday,2,9,24,false,false,376
2023-02-25,Saturday,2,9,25,true,false,22
2023-02-26,Sunday,2,10,26,true,true,5
2023-02-27,Monday,2,10,27,false,false,368
2023-02-28,Tuesday,2,10,28,false,false,1136
2023-03-01,Wednesday,3,10,1,false,false,402
2023-03-02,Thursday,3,10,2,false,false,1565
2023-03-03,Friday,3,10,3,false,true,534
2023-03-04,Saturday,3,10,4,true,false,27
2023-03-05,Sunday,3,11,5,true,true,3
2023-03-06,Monday,3,11,6,false,true,298
2023-03-07,Tuesday,3,11,7,false,false,1028
2023-03-08,Wednesday,3,11,8,false,true,282
2023-03-09,Thursday,3,11,9,false,true,1217
2023-03-10,Friday,3,11,10,false,true,323
2023-03-11,Saturday,3,11,11,true,false,38
2023-03-12,Sunday,3,12,12,true,true,5
2023-03-13,Monday,3,12,13,false,true,536
2023-03-14,Tuesday,3,12,14,false,false,1643
2023-03-15,Wednesday,3,12,15,false,false,460
2023-03-16,Thursday,3,12,16,false,true,1166
2023-03-17,Friday,3,12,17,false,false,458
2023-03-18,Saturday,3,12,18,true,true,8
2023-03-19,Sunday,3,13,19,true,false,5
2023-03-20,Monday,3,13,20,false,false,472
2023-03-21,Tuesday,3,13,21,false,false,1724
2023-03-22,Wednesday,3,13,22,false,true,520
2023-03-23,Thursday,3,13,23,false,true,1729
2023-03-24,Friday,3,13,24,false,false,575
2023-03-25,Saturday,3,13,25,true,true,34
2023-03-26,Sunday,3,14,26,true,false,3
2023-03-27,Monday,3,14,27,false,true,328
2023-03-28,Tuesday,3,14,28,false,true,1604
2023-03-29,Wednesday,3,14,29,false,true,530
2023-03-30,Thursday,3,14,30,false,false,1035
2023-03-31,Friday,3,14,31,false,true,573
2023-04-01,Saturday,4,14,1,true,false,49
2023-04-02,Sunday,4,15,2,true,false,5
2023-04-03,Monday,4,15,3,false,true,271
2023-04-04,Tuesday,4,15,4,false,true,1412
2023-04-05,Wednesday,4,15,5,false,true,465
2023-04-06,Thursday,4,15,6,false,false,1679
2023-04-07,Friday,4,15,7,false,true,332
2023-04-08,Saturday,4,15,8,true,false,49
2023-04-09,Sunday,4,16,9,true,false,5
2023-04-10,Monday,4,16,10,false,true,352
2023-04-11,Tuesday,4,16,11,false,true,1427
2023-04-12,Wednesday,4,16,12,false,false,327
2023-04-13,Thursday,4,16,13,false,true,1325
2023-04-14,Friday,4,16,14,false,true,417
2023-04-15,Saturday,4,16,15,true,false,10
2023-04-16,Sunday,4,17,16,true,true,4
2023-04-17,Monday,4,17,17,false,true,366
2023-04-18,Tuesday,4,17,18,false,true,896
2023-04-19,Wednesday,4,17,19,false,true,533
2023-04-20,Thursday,4,17,20,false,true,1374
2023-04-21,Friday,4,17,21,false,true,672
2023-04-22,Saturday,4,17,22,true,false,26
2023-04-23,Sunday,4,18,23,true,true,5
2023-04-24,Monday,4,18,24,false,false,280
2023-04-25,Tuesday,4,18,25,false,true,1085
2023-04-26,Wednesday,4,18,26,false,false,276
2023-04-27,Thursday,4,18,27,false,true,1348
2023-04-28,Friday,4,18,28,false,true,643
2023-04-29,Saturday,4,18,29,true,false,34
2023-04-30,Sunday,4,19,30,true,false,3
2023-05-01,Monday,5,19,1,false,true,323
2023-05-02,Tuesday,5,19,2,false,true,927
2023-05-03,Wednesday,5,19,3,false,true,247
2023-05-04,Thursday,5,19,4,false,true,1312
2023-05-05,Friday,5,19,5,false,true,361
2023-05-06,Saturday,5,19,6,true,false,39
2023-05-07,Sunday,5,20,7,true,false,3
2023-05-08,Monday,5,20,8,false,true,505
2023-05-09,Tuesday,5,20,9,false,true,1637
2023-05-10,Wednesday,5,20,10,false,true,278
2023-05-11,Thursday,5,20,11,false,true,1594
2023-05-12,Friday,5,20,12,false,false,671
2023-05-13,Saturday,5,20,13,true,true,49
2023-05-14,Sunday,5,21,14,true,false,4
2023-05-15,Monday,5,21,15,false,false,697
2023-05-16,Tuesday,5,21,16,false,true,1269
2023-05-17,Wednesday,5,21,17,false,true,669
2023-05-18,Thursday,5,21,18,false,true,1315
2023-05-19,Friday,5,21,19,false,true,383
2023-05-20,Saturday,5,21,20,true,true,48
2023-05-21,Sunday,5,22,21,true,false,3
2023-05-22,Monday,5,22,22,false,true,544
2023-05-23,Tuesday,5,22,23,false,true,1545
2023-05-24,Wednesday,5,22,24,false,true,403
2023-05-25,Thursday,5,22,25,false,false,984
2023-05-26,Friday,5,22,26,false,true,475
2023-05-27,Saturday,5,22,27,true,false,31
2023-05-28,Sunday,5,23,28,true,false,4
2023-05-29,Monday,5,23,29,false,true,413
2023-05-30,Tuesday,5,23,30,false,true,1025
2023-05-31,Wednesday,5,23,31,false,true,325
2023-06-01,Thursday,6,23,1,false,false,1518
2023-06-02,Friday,6,23,2,false,false,678
2023-06-03,Saturday,6,23,3,true,false,46
2023-06-04,Sunday,6,24,4,true,false,4
2023-06-05,Monday,6,24,5,false,false,300
2023-06-06,Tuesday,6,24,6,false,true,1261
2023-06-07,Wednesday,6,24,7,false,false,601
2023-06-08,Thursday,6,24,8,false,false,1395
2023-06-09,Friday,6,24,9,false,true,654
2023-06-10,Saturday,6,24,10,true,true,26
2023-06-11,Sunday,6,25,11,true,false,3
2023-06-12,Monday,6,25,12,false,true,698
2023-06-13,Tuesday,6,25,13,false,true,1285
2023-06-14,Wednesday,6,25,14,false,true,316
2023-06-15,Thursday,6,25,15,false,false,808
2023-06-16,Friday,6,25,16,false,false,415
2023-06-17,Saturday,6,25,17,true,false,33
2023-06-18,Sunday,6,26,18,true,false,4
2023-06-19,Monday,6,26,19,false,true,642
2023-06-20,Tuesday,6,26,20,false,true,1330
2023-06-21,Wednesday,6,26,21,false,true,373
2023-06-22,Thursday,6,26,22,false,false,858
2023-06-23,Friday,6,26,23,false,false,591
2023-06-24,Saturday,6,26,24,true,false,29
2023-06-25,Sunday,6,27,25,true,true,5
2023-06-26,Monday,6,27,26,false,false,354
2023-06-27,Tuesday,6,27,27,false,false,1424
2023-06-28,Wednesday,6,27,28,false,true,259
2023-06-29,Thursday,6,27,29,false,true,1105
2023-06-30,Friday,6,27,30,false,false,449
2023-07-01,Saturday,7,27,1,true,false,22
2023-07-02,Sunday,7,28,2,true,false,3
2023-07-03,Monday,7,28,3,false,true,280
2023-07-04,Tuesday,7,28,4,false,true,1614
2023-07-05,Wednesday,7,28,5,false,false,489
2023-07-06,Thursday,7,28,6,false,false,1207
2023-07-07,Friday,7,28,7,false,true,384
2023-07-08,Saturday,7,28,8,true,false,30
2023-07-09,Sunday,7,29,9,true,false,4
2023-07-10,Monday,7,29,10,false,false,424
2023-07-11,Tuesday,7,29,11,false,true,1380
2023-07-12,Wednesday,7,29,12,false,true,595
2023-07-13,Thursday,7,29,13,false,true,866
2023-07-14,Friday,7,29,14,false,true,615
2023-07-15,Saturday,7,29,15,true,false,32
2023-07-16,Sunday,7,30,16,true,false,4
2023-07-17,Monday,7,30,17,false,false,310
2023-07-18,Tuesday,7,30,18,false,false,844
2023-07-19,Wednesday,7,30,19,false,true,427
2023-07-20,Thursday,7,30,20,false,true,886
2023-07-21,Friday,7,30,21,false,false,646
2023-07-22,Saturday,7,30,22,true,false,0
2023-07-23,Sunday,7,31,23,true,false,5
2023-07-24,Monday,7,31,24,false,false,263
2023-07-25,Tuesday,7,31,25,false,true,1258
2023-07-26,Wednesday,7,31,26,false,true,235
2023-07-27,Thursday,7,31,27,false,false,1508
2023-07-28,Friday,7,31,28,false,true,374
2023-07-29,Saturday,7,31,29,true,false,48
2023-07-30,Sunday,7,32,30,true,false,5
2023-07-31,Monday,7,32,31,false,true,365
2023-08-01,Tuesday,8,32,1,false,false,1130
2023-08-02,Wednesday,8,32,2,false,false,433
2023-08-03,Thursday,8,32,3,false,false,1128
2023-08-04,Friday,8,32,4,false,false,544
2023-08-05,Saturday,8,32,5,true,false,13
2023-08-06,Sunday,8,33,6,true,true,4
2023-08-07,Monday,8,33,7,false,false,271
2023-08-08,Tuesday,8,33,8,false,true,894
2023-08-09,Wednesday,8,33,9,false,true,451
2023-08-10,Thursday,8,33,10,false,true,1264
2023-08-11,Friday,8,33,11,false,false,580
2023-08-12,Saturday,8,33,12,true,false,43
2023-08-13,Sunday,8,34,13,true,false,5
2023-08-14,Monday,8,34,14,false,true,469
2023-08-15,Tuesday,8,34,15,false,true,1491
2023-08-16,Wednesday,8,34,16,false,true,485
2023-08-17,Thursday,8,34,17,false,true,1039
2023-08-18,Friday,8,34,18,false,false,522
2023-08-19,Saturday,8,34,19,true,false,11
2023-08-20,Sunday,8,35,20,true,false,3
2023-08-21,Monday,8,35,21,false,true,466
2023-08-22,Tuesday,8,35,22,false,true,978
2023-08-23,Wednesday,8,35,23,false,false,545
2023-08-24,Thursday,8,35,24,false,false,1224
2023-08-25,Friday,8,35,25,false,true,436
2023-08-26,Saturday,8,35,26,true,false,6
2023-08-27,Sunday,8,36,27,true,false,3
2023-08-28,Monday,8,36,28,false,true,289
2023-08-29,Tuesday,8,36,29,false,false,1387
2023-08-30,Wednesday,8,36,30,false,true,513
2023-08-31,Thursday,8,36,31,false,true,1624
2023-09-01,Friday,9,36,1,false,true,428
2023-09-02,Saturday,9,36,2,true,false,22
2023-09-03,Sunday,9,37,3,true,false,5
2023-09-04,Monday,9,37,4,false,false,579
2023-09-05,Tuesday,9,37,5,false,false,1188
2023-09-06,Wednesday,9,37,6,false,true,648
2023-09-07,Thursday,9,37,7,false,true,1653
2023-09-08,Friday,9,37,8,false,true,591
2023-09-09,Saturday,9,37,9,true,true,1
2023-09-10,Sunday,9,38,10,true,false,3
2023-09-11,Monday,9,38,11,false,true,269
2023-09-12,Tuesday,9,38,12,false,true,918
2023-09-13,Wednesday,9,38,13,false,true,260
2023-09-14,Thursday,9,38,14,false,true,1728
2023-09-15,Friday,9,38,15,false,true,541
2023-09-16,Saturday,9,38,16,true,false,28
2023-09-17,Sunday,9,39,17,true,false,4
2023-09-18,Monday,9,39,18,false,true,578
2023-09-19,Tuesday,9,39,19,false,false,1146
2023-09-20,Wednesday,9,39,20,false,true,282
2023-09-21,Thursday,9,39,21,false,true,1181
2023-09-22,Friday,9,39,22,false,false,522
2023-09-23,Saturday,9,39,23,true,false,9
2023-09-24,Sunday,9,40,24,true,false,5
2023-09-25,Monday,9,40,25,false,true,348
2023-09-26,Tuesday,9,40,26,false,true,922
2023-09-27,Wednesday,9,40,27,false,true,507
2023-09-28,Thursday,9,40,28,false,true,1019
2023-09-29,Friday,9,40,29,false,false,313
2023-09-30,Saturday,9,40,30,true,false,25
2023-10-01,Sunday,10,41,1,true,false,4
2023-10-02,Monday,10,41,2,false,true,498
2023-10-03,Tuesday,10,41,3,false,false,822
2023-10-04,Wednesday,10,41,4,false,true,355
2023-10-05,Thursday,10,41,5,false,true,1258
2023-10-06,Friday,10,41,6,false,false,477
2023-10-07,Saturday,10,41,7,true,false,48
2023-10-08,Sunday,10,42,8,true,false,5
2023-10-09,Monday,10,42,9,false,false,672
2023-10-10,Tuesday,10,42,10,false,true,1178
2023-10-11,Wednesday,10,42,11,false,true,299
2023-10-12,Thursday,10,42,12,false,true,1659
2023-10-13,Friday,10,42,13,false,true,392
2023-10-14,Saturday,10,42,14,true,true,44
2023-10-15,Sunday,10,43,15,true,false,3
2023-10-16,Monday,10,43,16,false,true,695
2023-10-17,Tuesday,10,43,17,false,false,1316
2023-10-18,Wednesday,10,43,18,false,true,569
2023-10-19,Thursday,10,43,19,false,true,1459
2023-10-20,Friday,10,43,20,false,true,411
2023-10-21,Saturday,10,43,21,true,false,24
2023-10-22,Sunday,10,44,22,true,false,3
2023-10-23,Monday,10,44,23,false,true,649
2023-10-24,Tuesday,10,44,24,false,true,1179
2023-10-25,Wednesday,10,44,25,false,true,440
2023-10-26,Thursday,10,44,26,false,false,1224
2023-10-27,Friday,10,44,27,false,true,357
2023-10-28,Saturday,10,44,28,true,false,9
2023-10-29,Sunday,10,45,29,true,false,5
2023-10-30,Monday,10,45,30,false,true,354
2023-10-31,Tuesday,10,45,31,false,true,1490
2023-11-01,Wednesday,11,45,1,false,true,315
2023-11-02,Thursday,11,45,2,false,true,1594
2023-11-03,Friday,11,45,3,false,true,531
2023-11-04,Saturday,11,45,4,true,false,40
2023-11-05,Sunday,11,46,5,true,false,5
2023-11-06,Monday,11,46,6,false,true,640
2023-11-07,Tuesday,11,46,7,false,false,948
2023-11-08,Wednesday,11,46,8,false,false,319
2023-11-09,Thursday,11,46,9,false,false,1113
2023-11-10,Friday,11,46,10,false,true,373
2023-11-11,Saturday,11,46,11,true,true,19
2023-11-12,Sunday,11,47,12,true,false,4
2023-11-13,Monday,11,47,13,false,true,466
2023-11-14,Tuesday,11,47,14,false,true,1012
2023-11-15,Wednesday,11,47,15,false,true,646
2023-11-16,Thursday,11,47,16,false,true,1595
2023-11-17,Friday,11,47,17,false,true,476
2023-11-18,Saturday,11,47,18,true,false,29
2023-11-19,Sunday,11,48,19,true,false,5
2023-11-20,Monday,11,48,20,false,true,352
2023-11-21,Tuesday,11,48,21,false,true,1528
2023-11-22,Wednesday,11,48,22,false,true,454
2023-11-23,Thursday,11,48,23,false,true,1654
2023-11-24,Friday,11,48,24,false,false,311
2023-11-25,Saturday,11,48,25,true,false,3
2023-11-26,Sunday,11,49,26,true,false,4
2023-11-27,Monday,11,49,27,false,false,377
2023-11-28,Tuesday,11,49,28,false,true,1626
2023-11-29,Wednesday,11,49,29,false,true,417
2023-11-30,Thursday,11,49,30,false,true,1017
2023-12-01,Friday,12,49,1,false,false,442
2023-12-02,Saturday,12,49,2,true,false,48
2023-12-03,Sunday,12,50,3,true,false,3
2023-12-04,Monday,12,50,4,false,false,532
2023-12-05,Tuesday,12,50,5,false,true,1330
2023-12-06,Wednesday,12,50,6,false,true,456
2023-12-07,Thursday,12,50,7,false,false,1309
2023-12-08,Friday,12,50,8,false,true,520
2023-12-09,Saturday,12,50,9,true,false,17
2023-12-10,Sunday,12,51,10,true,true,5
2023-12-11,Monday,12,51,11,false,true,515
2023-12-12,Tuesday,12,51,12,false,false,828
2023-12-13,Wednesday,12,51,13,false,true,378
2023-12-14,Thursday,12,51,14,false,false,885
2023-12-15,Friday,12,51,15,false,true,621
2023-12-16,Saturday,12,51,16,true,false,5
2023-12-17,Sunday,12,52,17,true,false,5
2023-12-18,Monday,12,52,18,false,true,647
2023-12-19,Tuesday,12,52,19,false,false,1201
2023-12-20,Wednesday,12,52,20,false,true,297
2023-12-21,Thursday,12,52,21,false,false,1607
2023-12-22,Friday,12,52,22,false,false,609
2023-12-23,Saturday,12,52,23,true,false,49
2023-12-24,Sunday,12,53,24,true,false,3
2023-12-25,Monday,12,53,25,false,false,661
2023-12-26,Tuesday,12,53,26,false,true,1081
2023-12-27,Wednesday,12,53,27,false,false,356
2023-12-28,Thursday,12,53,28,false,true,1472
2023-12-29,Friday,12,53,29,false,true,410
2023-12-30,Saturday,12,53,30,true,false,49
2023-12-31,Sunday,12,54,31,true,false,5
2024-01-01,Monday,1,1,1,false,true,270
2024-01-02,Tuesday,1,1,2,false,false,1442
2024-01-03,Wednesday,1,1,3,false,false,566
2024-01-04,Thursday,1,1,4,false,true,1274
2024-01-05,Friday,1,1,5,false,true,667
2024-01-06,Saturday,1,1,6,true,false,38
2024-01-07,Sunday,1,2,7,true,false,5
2024-01-08,Monday,1,2,8,false,true,497
2024-01-09,Tuesday,1,2,9,false,true,820
2024-01-10,Wednesday,1,2,10,false,false,371
2024-01-11,Thursday,1,2,11,false,false,1249
2024-01-12,Friday,1,2,12,false,false,465
2024-01-13,Saturday,1,2,13,true,false,11
2024-01-14,Sunday,1,3,14,true,false,5
2024-01-15,Monday,1,3,15,false,false,478
2024-01-16,Tuesday,1,3,16,false,true,1264
2024-01-17,Wednesday,1,3,17,false,true,470
2024-01-18,Thursday,1,3,18,false,true,893
2024-01-19,Friday,1,3,19,false,true,601
2024-01-20,Saturday,1,3,20,true,false,9
2024-01-21,Sunday,1,4,21,true,false,4
2024-01-22,Monday,1,4,22,false,true,624
2024-01-23,Tuesday,1,4,23,false,true,1218
2024-01-24,Wednesday,1,4,24,false,true,273
2024-01-25,Thursday,1,4,25,false,true,1181
2024-01-26,Friday,1,4,26,false,false,336
2024-01-27,Saturday,1,4,27,true,true,25
2024-01-28,Sunday,1,5,28,true,true,5
2024-01-29,Monday,1,5,29,false,true,559
2024-01-30,Tuesday,1,5,30,false,false,1680
2024-01-31,Wednesday,1,5,31,false,true,334
2024-02-01,Thursday,2,5,1,false,true,1609
2024-02-02,Friday,2,5,2,false,true,360
2024-02-03,Saturday,2,5,3,true,true,39
2024-02-04,Sunday,2,6,4,true,false,3
2024-02-05,Monday,2,6,5,false,true,372
2024-02-06,Tuesday,2,6,6,false,false,1059
2024-02-07,Wednesday,2,6,7,false,false,394
2024-02-08,Thursday,2,6,8,false,false,956
2024-02-09,Friday,2,6,9,false,false,487
2024-02-10,Saturday,2,6,10,true,false,17
2024-02-11,Sunday,2,7,11,true,false,5
2024-02-12,Monday,2,7,12,false,false,452
2024-02-13,Tuesday,2,7,13,false,true,1236
2024-02-14,Wednesday,2,7,14,false,false,598
2024-02-15,Thursday,2,7,15,false,false,805
2024-02-16,Friday,2,7,16,false,false,679
2024-02-17,Saturday,2,7,17,true,false,0
2024-02-18,Sunday,2,8,18,true,false,4
2024-02-19,Monday,2,8,19,false,true,526
2024-02-20,Tuesday,2,8,20,false,true,1745
2024-02-21,Wednesday,2,8,21,false,true,317
2024-02-22,Thursday,2,8,22,false,true,1506
2024-02-23,Friday,2,8,23,false,true,590
2024-02-24,Saturday,2,8,24,true,false,27
2024-02-25,Sunday,2,9,25,true,false,5
2024-02-26,Monday,2,9,26,false,false,363
2024-02-27,Tuesday,2,9,27,false,true,1118
2024-02-28,Wednesday,2,9,28,false,true,342
2024-02-29,Thursday,2,9,29,false,false,844
2024-03-01,Friday,3,9,1,false,true,609
2024-03-02,Saturday,3,9,2,true,false,17
2024-03-03,Sunday,3,10,3,true,true,3
2024-03-04,Monday,3,10,4,false,true,396
2024-03-05,Tuesday,3,10,5,false,true,1519
2024-03-06,Wednesday,3,10,6,false,true,554
2024-03-07,Thursday,3,10,7,false,true,902
2024-03-08,Friday,3,10,8,false,true,378
2024-03-09,Saturday,3,10,9,true,false,22
2024-03-10,Sunday,3,11,10,true,false,5
2024-03-11,Monday,3,11,11,false,true,258
2024-03-12,Tuesday,3,11,12,false,false,1263
2024-03-13,Wednesday,3,11,13,false,true,276
2024-03-14,Thursday,3,11,14,false,false,1342
2024-03-15,Friday,3,11,15,false,false,600
2024-03-16,Saturday,3,11,16,true,false,8
2024-03-17,Sunday,3,12,17,true,false,4
2024-03-18,Monday,3,12,18,false,false,377
2024-03-19,Tuesday,3,12,19,false,true,1619
2024-03-20,Wednesday,3,12,20,false,false,235
2024-03-21,Thursday,3,12,21,false,false,818
2024-03-22,Friday,3,12,22,false,false,595
2024-03-23,Saturday,3,12,23,true,false,30
2024-03-24,Sunday,3,13,24,true,false,5
2024-03-25,Monday,3,13,25,false,true,534
2024-03-26,Tuesday,3,13,26,false,true,1562
2024-03-27,Wednesday,3,13,27,false,true,585
2024-03-28,Thursday,3,13,28,false,true,1088
2024-03-29,Friday,3,13,29,false,true,491
2024-03-30,Saturday,3,13,30,true,true,4
2024-03-31,Sunday,3,14,31,true,false,4
2024-04-01,Monday,4,14,1,false,false,300
2024-04-02,Tuesday,4,14,2,false,true,1400
2024-04-03,Wednesday,4,14,3,false,false,333
2024-04-04,Thursday,4,14,4,false,true,1534
2024-04-05,Friday,4,14,5,false,true,534
2024-04-06,Saturday,4,14,6,true,true,34
2024-04-07,Sunday,4,15,7,true,false,4
2024-04-08,Monday,4,15,8,false,false,586
2024-04-09,Tuesday,4,15,9,false,false,1525
2024-04-10,Wednesday,4,15,10,false,true,442
2024-04-11,Thursday,4,15,11,false,true,947
2024-04-12,Friday,4,15,12,false,false,424
2024-04-13,Saturday,4,15,13,true,true,14
2024-04-14,Sunday,4,16,14,true,false,5
2024-04-15,Monday,4,16,15,false,true,349
2024-04-16,Tuesday,4,16,16,false,true,1047
2024-04-17,Wednesday,4,16,17,false,true,673
2024-04-18,Thursday,4,16,18,false,true,1486
2024-04-19,Friday,4,16,19,false,false,445
2024-04-20,Saturday,4,16,20,true,true,5
2024-04-21,Sunday,4,17,21,true,true,5
2024-04-22,Monday,4,17,22,false,true,428
2024-04-23,Tuesday,4,17,23,false,true,1350
2024-04-24,Wednesday,4,17,24,false,false,392
2024-04-25,Thursday,4,17,25,false,false,877
2024-04-26,Friday,4,17,26,false,true,623
2024-04-27,Saturday,4,17,27,true,false,45
2024-04-28,Sunday,4,18,28,true,false,3
2024-04-29,Monday,4,18,29,false,true,343
2024-04-30,Tuesday,4,18,30,false,true,1163
2024-05-01,Wednesday,5,18,1,false,false,417
2024-05-02,Thursday,5,18,2,false,true,1224
2024-05-03,Friday,5,18,3,false,true,465
2024-05-04,Saturday,5,18,4,true,false,23
2024-05-05,Sunday,5,19,5,true,false,3
2024-05-06,Monday,5,19,6,false,true,479
2024-05-07,Tuesday,5,19,7,false,false,1409
2024-05-08,Wednesday,5,19,8,false,true,560
2024-05-09,Thursday,5,19,9,false,true,1677
2024-05-10,Friday,5,19,10,false,true,641
2024-05-11,Saturday,5,19,11,true,false,4
2024-05-12,Sunday,5,20,12,true,false,3
2024-05-13,Monday,5,20,13,false,false,551
2024-05-14,Tuesday,5,20,14,false,true,1458
2024-05-15,Wednesday,5,20,15,false,false,606
2024-05-16,Thursday,5,20,16,false,false,1551
2024-05-17,Friday,5,20,17,false,false,669
2024-05-18,Saturday,5,20,18,true,false,28
2024-05-19,Sunday,5,21,19,true,false,5
2024-05-20,Monday,5,21,20,false,true,644
2024-05-21,Tuesday,5,21,21,false,true,1392
2024-05-22,Wednesday,5,21,22,false,true,521
2024-05-23,Thursday,5,21,23,false,false,1218
2024-05-24,Friday,5,21,24,false,true,602
2024-05-25,Saturday,5,21,25,true,false,39
2024-05-26,Sunday,5,22,26,true,false,4
2024-05-27,Monday,5,22,27,false,false,562
2024-05-28,Tuesday,5,22,28,false,true,1167
2024-05-29,Wednesday,5,22,29,false,true,666
2024-05-30,Thursday,5,22,30,false,true,1292
2024-05-31,Friday,5,22,31,false,true,573
2024-06-01,Saturday,6,22,1,true,false,13
2024-06-02,Sunday,6,23,2,true,false,4
2024-06-03,Monday,6,23,3,false,true,380
2024-06-04,Tuesday,6,23,4,false,true,987
2024-06-05,Wednesday,6,23,5,false,true,523
2024-06-06,Thursday,6,23,6,false,true,1184
2024-06-07,Friday,6,23,7,false,false,445
2024-06-08,Saturday,6,23,8,true,false,34
2024-06-09,Sunday,6,24,9,true,false,4
2024-06-10,Monday,6,24,10,false,true,682
2024-06-11,Tuesday,6,24,11,false,false,831
2024-06-12,Wednesday,6,24,12,false,true,268
2024-06-13,Thursday,6,24,13,false,false,812
2024-06-14,Friday,6,24,14,false,true,483
2024-06-15,Saturday,6,24,15,true,true,39
2024-06-16,Sunday,6,25,16,true,false,5
2024-06-17,Monday,6,25,17,false,true,389
2024-06-18,Tuesday,6,25,18,false,true,1698
2024-06-19,Wednesday,6,25,19,false,true,250
2024-06-20,Thursday,6,25,20,false,true,1590
2024-06-21,Friday,6,25,21,false,true,559
2024-06-22,Saturday,6,25,22,true,false,14
2024-06-23,Sunday,6,26,23,true,false,5
2024-06-24,Monday,6,26,24,false,false,401
2024-06-25,Tuesday,6,26,25,false,false,1537
2024-06-26,Wednesday,6,26,26,false,true,272
2024-06-27,Thursday,6,26,27,false,true,1201
2024-06-28,Friday,6,26,28,false,false,564
2024-06-29,Saturday,6,26,29,true,false,5
2024-06-30,Sunday,6,27,30,true,true,4
2024-07-01,Monday,7,27,1,false,true,292
2024-07-02,Tuesday,7,27,2,false,true,1361
2024-07-03,Wednesday,7,27,3,false,true,519
2024-07-04,Thursday,7,27,4,false,false,990
2024-07-05,Friday,7,27,5,false,false,309
2024-07-06,Saturday,7,27,6,true,false,8
2024-07-07,Sunday,7,28,7,true,true,5
2024-07-08,Monday,7,28,8,false,false,288
2024-07-09,Tuesday,7,28,9,false,true,1438
2024-07-10,Wednesday,7,28,10,false,true,241
2024-07-11,Thursday,7,28,11,false,false,1626
2024-07-12,Friday,7,28,12,false,true,572
2024-07-13,Saturday,7,28,13,true,false,13
2024-07-14,Sunday,7,29,14,true,false,3
2024-07-15,Monday,7,29,15,false,false,260
2024-07-16,Tuesday,7,29,16,false,true,1293
2024-07-17,Wednesday,7,29,17,false,true,481
2024-07-18,Thursday,7,29,18,false,false,1326
2024-07-19,Friday,7,29,19,false,true,566
2024-07-20,Saturday,7,29,20,true,false,20
2024-07-21,Sunday,7,30,21,true,false,4
2024-07-22,Monday,7,30,22,false,true,463
2024-07-23,Tuesday,7,30,23,false,true,1736
2024-07-24,Wednesday,7,30,24,false,true,247
2024-07-25,Thursday,7,30,25,false,true,1743
2024-07-26,Friday,7,30,26,false,false,520
2024-07-27,Saturday,7,30,27,true,false,4
2024-07-28,Sunday,7,31,28,true,false,5
2024-07-29,Monday,7,31,29,false,true,371
2024-07-30,Tuesday,7,31,30,false,false,905
2024-07-31,Wednesday,7,31,31,false,false,674
2024-08-01,Thursday,8,31,1,false,true,1474
2024-08-02,Friday,8,31,2,false,true,419
2024-08-03,Saturday,8,31,3,true,false,34
2024-08-04,Sunday,8,32,4,true,false,4
2024-08-05,Monday,8,32,5,false,true,614
2024-08-06,Tuesday,8,32,6,false,true,904
2024-08-07,Wednesday,8,32,7,false,true,617
2024-08-08,Thursday,8,32,8,false,false,1363
2024-08-09,Friday,8,32,9,false,true,582
2024-08-10,Saturday,8,32,10,true,false,12
2024-08-11,Sunday,8,33,11,true,false,5
2024-08-12,Monday,8,33,12,false,true,633
2024-08-13,Tuesday,8,33,13,false,false,1037
2024-08-14,Wednesday,8,33,14,false,true,581
2024-08-15,Thursday,8,33,15,false,false,1304
2024-08-16,Friday,8,33,16,false,true,528
2024-08-17,Saturday,8,33,17,true,false,22
2024-08-18,Sunday,8,34,18,true,true,3
2024-08-19,Monday,8,34,19,false,false,398
2024-08-20,Tuesday,8,34,20,false,false,1005
2024-08-21,Wednesday,8,34,21,false,true,447
2024-08-22,Thursday,8,34,22,false,true,1043
2024-08-23,Friday,8,34,23,false,true,635
2024-08-24,Saturday,8,34,24,true,false,39
2024-08-25,Sunday,8,35,25,true,false,3
2024-08-26,Monday,8,35,26,false,true,420
2024-08-27,Tuesday,8,35,27,false,true,1381
2024-08-28,Wednesday,8,35,28,false,true,229
2024-08-29,Thursday,8,35,29,false,true,1111
2024-08-30,Friday,8,35,30,false,false,327
2024-08-31,Saturday,8,35,31,true,false,13
2024-09-01,Sunday,9,36,1,true,false,4
2024-09-02,Monday,9,36,2,false,false,439
2024-09-03,Tuesday,9,36,3,false,true,1691
2024-09-04,Wednesday,9,36,4,false,false,581
2024-09-05,Thursday,9,36,5,false,false,912
2024-09-06,Friday,9,36,6,false,true,615
2024-09-07,Saturday,9,36,7,true,true,47
2024-09-08,Sunday,9,37,8,true,false,3
2024-09-09,Monday,9,37,9,false,false,633
2024-09-10,Tuesday,9,37,10,false,true,1594
2024-09-11,Wednesday,9,37,11,false,true,520
2024-09-12,Thursday,9,37,12,false,false,1174
2024-09-13,Friday,9,37,13,false,true,581
2024-09-14,Saturday,9,37,14,true,false,48
2024-09-15,Sunday,9,38,15,true,false,4
2024-09-16,Monday,9,38,16,false,false,571
2024-09-17,Tuesday,9,38,17,false,false,1081
2024-09-18,Wednesday,9,38,18,false,false,273
2024-09-19,Thursday,9,38,19,false,true,1154
2024-09-20,Friday,9,38,20,false,true,552
2024-09-21,Saturday,9,38,21,true,false,13
2024-09-22,Sunday,9,39,22,true,false,5
2024-09-23,Monday,9,39,23,false,false,445
2024-09-24,Tuesday,9,39,24,false,false,1149
2024-09-25,Wednesday,9,39,25,false,true,629
2024-09-26,Thursday,9,39,26,false,false,1206
2024-09-27,Friday,9,39,27,false,true,397
2024-09-28,Saturday,9,39,28,true,true,35
2024-09-29,Sunday,9,40,29,true,false,5
2024-09-30,Monday,9,40,30,false,false,540
2024-10-01,Tuesday,10,40,1,false,true,1438
2024-10-02,Wednesday,10,40,2,false,false,503
2024-10-03,Thursday,10,40,3,false,true,1702
2024-10-04,Friday,10,40,4,false,false,400
2024-10-05,Saturday,10,40,5,true,false,20
2024-10-06,Sunday,10,41,6,true,false,5
2024-10-07,Monday,10,41,7,false,true,445
2024-10-08,Tuesday,10,41,8,false,true,1603
2024-10-09,Wednesday,10,41,9,false,true,582
2024-10-10,Thursday,10,41,10,false,true,1574
2024-10-11,Friday,10,41,11,false,false,437
2024-10-12,Saturday,10,41,12,true,false,45
2024-10-13,Sunday,10,42,13,true,false,3
2024-10-14,Monday,10,42,14,false,false,675
2024-10-15,Tuesday,10,42,15,false,false,1198
2024-10-16,Wednesday,10,42,16,false,true,365
2024-10-17,Thursday,10,42,17,false,false,1113
2024-10-18,Friday,10,42,18,false,false,704
2024-10-19,Saturday,10,42,19,true,true,41
2024-10-20,Sunday,10,43,20,true,false,3
2024-10-21,Monday,10,43,21,false,true,350
2024-10-22,Tuesday,10,43,22,false,false,1453
2024-10-23,Wednesday,10,43,23,false,true,437
2024-10-24,Thursday,10,43,24,false,false,1207
2024-10-25,Friday,10,43,25,false,true,301
2024-10-26,Saturday,10,43,26,true,false,42
2024-10-27,Sunday,10,44,27,true,false,4
2024-10-28,Monday,10,44,28,false,true,654
2024-10-29,Tuesday,10,44,29,false,true,823
2024-10-30,Wednesday,10,44,30,false,true,393
2024-10-31,Thursday,10,44,31,false,true,1696
2024-11-01,Friday,11,44,1,false,false,606
2024-11-02,Saturday,11,44,2,true,false,9
2024-11-03,Sunday,11,45,3,true,true,5
2024-11-04,Monday,11,45,4,false,true,665
2024-11-05,Tuesday,11,45,5,false,false,926
2024-11-06,Wednesday,11,45,6,false,true,243
2024-11-07,Thursday,11,45,7,false,true,953
2024-11-08,Friday,11,45,8,false,false,353
2024-11-09,Saturday,11,45,9,true,false,19
2024-11-10,Sunday,11,46,10,true,false,5
2024-11-11,Monday,11,46,11,false,true,514
2024-11-12,Tuesday,11,46,12,false,true,1280
2024-11-13,Wednesday,11,46,13,false,false,346
2024-11-14,Thursday,11,46,14,false,true,1481
2024-11-15,Friday,11,46,15,false,true,379
2024-11-16,Saturday,11,46,16,true,false,43
2024-11-17,Sunday,11,47,17,true,true,3
2024-11-18,Monday,11,47,18,false,true,347
2024-11-19,Tuesday,11,47,19,false,true,967
2024-11-20,Wednesday,11,47,20,false,false,561
2024-11-21,Thursday,11,47,21,false,false,1401
2024-11-22,Friday,11,47,22,false,false,337
2024-11-23,Saturday,11,47,23,true,false,11
2024-11-24,Sunday,11,48,24,true,false,5
2024-11-25,Monday,11,48,25,false,true,470
2024-11-26,Tuesday,11,48,26,false,true,1614
2024-11-27,Wednesday,11,48,27,false,true,313
2024-11-28,Thursday,11,48,28,false,true,916
2024-11-29,Friday,11,48,29,false,false,708
2024-11-30,Saturday,11,48,30,true,false,14
2024-12-01,Sunday,12,49,1,true,false,3
2024-12-02,Monday,12,49,2,false,true,314
2024-12-03,Tuesday,12,49,3,false,false,1470
2024-12-04,Wednesday,12,49,4,false,true,298
2024-12-05,Thursday,12,49,5,false,true,1134
2024-12-06,Friday,12,49,6,false,true,658
2024-12-07,Saturday,12,49,7,true,false,5
2024-12-08,Sunday,12,50,8,true,false,5
2024-12-09,Monday,12,50,9,false,true,252
2024-12-10,Tuesday,12,50,10,false,true,1032
2024-12-11,Wednesday,12,50,11,false,true,657
2024-12-12,Thursday,12,50,12,false,false,1226
2024-12-13,Friday,12,50,13,false,true,436
2024-12-14,Saturday,12,50,14,true,false,33
2024-12-15,Sunday,12,51,15,true,false,4
2024-12-16,Monday,12,51,16,false,false,657
2024-12-17,Tuesday,12,51,17,false,true,999
2024-12-18,Wednesday,12,51,18,false,false,308
2024-12-19,Thursday,12,51,19,false,false,1098
2024-12-20,Friday,12,51,20,false,true,378
2024-12-21,Saturday,12,51,21,true,false,19
2024-12-22,Sunday,12,52,22,true,false,5
2024-12-23,Monday,12,52,23,false,false,495
2024-12-24,Tuesday,12,52,24,false,false,1150
2024-12-25,Wednesday,12,52,25,false,false,238
2024-12-26,Thursday,12,52,26,false,true,920
2024-12-27,Friday,12,52,27,false,true,665
2024-12-28,Saturday,12,52,28,true,false,49
2024-12-29,Sunday,12,53,29,true,false,4
2024-12-30,Monday,12,53,30,false,false,672
2024-12-31,Tuesday,12,53,31,false,false,1325
2025-01-01,Wednesday,1,1,1,false,false,463
2025-01-02,Thursday,1,1,2,false,true,898
2025-01-03,Friday,1,1,3,false,true,668
2025-01-04,Saturday,1,1,4,true,false,26
2025-01-05,Sunday,1,2,5,true,true,3
2025-01-06,Monday,1,2,6,false,true,283
2025-01-07,Tuesday,1,2,7,false,false,991
2025-01-08,Wednesday,1,2,8,false,true,546
2025-01-09,Thursday,1,2,9,false,false,1259
2025-01-10,Friday,1,2,10,false,true,513
2025-01-11,Saturday,1,2,11,true,false,11
2025-01-12,Sunday,1,3,12,true,true,3
2025-01-13,Monday,1,3,13,false,false,606
2025-01-14,Tuesday,1,3,14,false,true,986
2025-01-15,Wednesday,1,3,15,false,true,239
2025-01-16,Thursday,1,3,16,false,true,1531
2025-01-17,Friday,1,3,17,false,true,427
2025-01-18,Saturday,1,3,18,true,false,25
2025-01-19,Sunday,1,4,19,true,false,3
2025-01-20,Monday,1,4,20,false,true,608
2025-01-21,Tuesday,1,4,21,false,true,1725
2025-01-22,Wednesday,1,4,22,false,false,339
2025-01-23,Thursday,1,4,23,false,true,922
2025-01-24,Friday,1,4,24,false,false,344
2025-01-25,Saturday,1,4,25,true,true,1
2025-01-26,Sunday,1,5,26,true,false,5
2025-01-27,Monday,1,5,27,false,false,656
2025-01-28,Tuesday,1,5,28,false,false,1665
2025-01-29,Wednesday,1,5,29,false,true,540
2025-01-30,Thursday,1,5,30,false,true,1564
2025-01-31,Friday,1,5,31,false,true,439
2025-02-01,Saturday,2,5,1,true,true,7
2025-02-02,Sunday,2,6,2,true,false,3
2025-02-03,Monday,2,6,3,false,false,365
2025-02-04,Tuesday,2,6,4,false,false,1621
2025-02-05,Wednesday,2,6,5,false,true,679
2025-02-06,Thursday,2,6,6,false,false,1261
2025-02-07,Friday,2,6,7,false,true,638
2025-02-08,Saturday,2,6,8,true,false,49
2025-02-09,Sunday,2,7,9,true,false,4
2025-02-10,Monday,2,7,10,false,true,519
2025-02-11,Tuesday,2,7,11,false,true,1229
2025-02-12,Wednesday,2,7,12,false,false,479
2025-02-13,Thursday,2,7,13,false,false,805
2025-02-14,Friday,2,7,14,false,true,441
2025-02-15,Saturday,2,7,15,true,false,43
2025-02-16,Sunday,2,8,16,true,false,3
2025-02-17,Monday,2,8,17,false,true,286
2025-02-18,Tuesday,2,8,18,false,false,1217
2025-02-19,Wednesday,2,8,19,false,false,474
2025-02-20,Thursday,2,8,20,false,true,1254
2025-02-21,Friday,2,8,21,false,true,393
2025-02-22,Saturday,2,8,22,true,true,4
2025-02-23,Sunday,2,9,23,true,false,5
2025-02-24,Monday,2,9,24,false,true,660
2025-02-25,Tuesday,2,9,25,false,true,1174
2025-02-26,Wednesday,2,9,26,false,true,277
2025-02-27,Thursday,2,9,27,false,true,1071
2025-02-28,Friday,2,9,28,false,false,307
2025-03-01,Saturday,3,9,1,true,true,3
