id,Month,Year,Season,Quarter,Is_Holiday,Occupancy
1,January,2021,Summer,Q1,true,6479.4
2,February,2021,Summer,Q1,false,1752.3
3,March,2021,Autumn,Q1,false,6002.8
4,April,2021,Autumn,Q2,false,5415.9
5,May,2021,Autumn,Q2,false,9202.0
6,June,2021,Winter,Q2,false,4339.3
7,July,2021,Winter,Q3,false,7858.6
8,August,2021,Winter,Q3,false,3843.7
9,September,2021,Spring,Q3,false,569.2
10,October,2021,Spring,Q4,false,6362.0
11,November,2021,Spring,Q4,false,5833.1
12,December,2021,Summer,Q4,true,5506.3
13,January,2022,Summer,Q1,true,7917.2
14,February,2022,Summer,Q1,false,322.3
15,March,2022,Autumn,Q1,false,1537.8
16,April,2022,Autumn,Q2,false,2927.1
17,May,2022,Autumn,Q2,false,4837.2
18,June,2022,Winter,Q2,false,1507.8
19,July,2022,Winter,Q3,false,8175.5
20,August,2022,Winter,Q3,false,22.4
21,September,2022,Spring,Q3,false,1930.2
22,October,2022,Spring,Q4,false,839.8
23,November,2022,Spring,Q4,false,3317.4
24,December,2022,Summer,Q4,true,1572.0
25,January,2023,Summer,Q1,true,2746.9
26,February,2023,Summer,Q1,false,9933.8
27,March,2023,Autumn,Q1,false,5394.8
28,April,2023,Autumn,Q2,false,885.4
29,May,2023,Autumn,Q2,false,4545.2
30,June,2023,Winter,Q2,false,6789.6
31,July,2023,Winter,Q3,false,8880.7
32,August,2023,Winter,Q3,false,6301.5
33,September,2023,Spring,Q3,false,1113.5
34,October,2023,Spring,Q4,false,7209.7
35,November,2023,Spring,Q4,false,8902.9
36,December,2023,Summer,Q4,true,7805.8
37,January,2024,Summer,Q1,true,2733.3
38,February,2024,Summer,Q1,false,3392.3
39,March,2024,Autumn,Q1,false,8897.7
40,April,2024,Autumn,Q2,false,3231.3
41,May,2024,Autumn,Q2,false,459.8
42,June,2024,Winter,Q2,false,8175.4
43,July,2024,Winter,Q3,false,5657.4
44,August,2024,Winter,Q3,false,1357.5
45,September,2024,Spring,Q3,false,8584.4
46,October,2024,Spring,Q4,false,7973.7
47,November,2024,Spring,Q4,false,1545.6
48,December,2024,Summer,Q4,true,4246.0
49,January,2025,Summer,Q1,true,2102.6
50,February,2025,Summer,Q1,false,4034.1
51,March,2025,Autumn,Q1,false,9372.6
52,April,2025,Autumn,Q2,false,53.7
53,May,2025,Autumn,Q2,false,9073.7
54,June,2025,Winter,Q2,false,7183.2
55,July,2025,Winter,Q3,false,6519.4
56,August,2025,Winter,Q3,false,7261.6
57,September,2025,Spring,Q3,false,8059.9
58,October,2025,Spring,Q4,false,6582.8
59,November,2025,Spring,Q4,false,8671.4
60,December,2025,Summer,Q4,true,9651.5
61,January,2026,Summer,Q1,true,1540.3
62,February,2026,Summer,Q1,false,1031.6
63,March,2026,Autumn,Q1,false,1985.1
64,April,2026,Autumn,Q2,false,37.3
65,May,2026,Autumn,Q2,false,5400.6
66,June,2026,Winter,Q2,false,5413.7
67,July,2026,Winter,Q3,false,83.0
68,August,2026,Winter,Q3,false,2467.3
69,September,2026,Spring,Q3,false,344.9
70,October,2026,Spring,Q4,false,5097.2
71,November,2026,Spring,Q4,false,5904.1
72,December,2026,Summer,Q4,true,9716.5
73,January,2027,Summer,Q1,true,335.8
74,February,2027,Summer,Q1,false,773.2
75,March,2027,Autumn,Q1,false,8726.6
76,April,2027,Autumn,Q2,false,2508.7
77,May,2027,Autumn,Q2,false,4182.9
78,June,2027,Winter,Q2,false,2595.6
79,July,2027,Winter,Q3,false,2562.7
80,August,2027,Winter,Q3,false,5586.2
81,September,2027,Spring,Q3,false,8730.9
82,October,2027,Spring,Q4,false,7859.8
83,November,2027,Spring,Q4,false,1855.1
84,December,2027,Summer,Q4,true,4853.3
85,January,2028,Summer,Q1,true,8382.1
86,February,2028,Summer,Q1,false,6478.7
87,March,2028,Autumn,Q1,false,9758.8
88,April,2028,Autumn,Q2,false,4853.6
89,May,2028,Autumn,Q2,false,6634.4
90,June,2028,Winter,Q2,false,6971.8
91,July,2028,Winter,Q3,false,5176.9
92,August,2028,Winter,Q3,false,6660.6
93,September,2028,Spring,Q3,false,8757.3
94,October,2028,Spring,Q4,false,4918.8
95,November,2028,Spring,Q4,false,2174.7
96,December,2028,Summer,Q4,true,6280.3
97,January,2029,Summer,Q1,true,6994.3
98,February,2029,Summer,Q1,false,1490.5
99,March,2029,Autumn,Q1,false,3883.3
100,April,2029,Autumn,Q2,false,2048.3
101,May,2029,Autumn,Q2,false,5862.8
102,June,2029,Winter,Q2,false,7282.8
103,July,2029,Winter,Q3,false,4820.0
104,August,2029,Winter,Q3,false,4550.5
105,September,2029,Spring,Q3,false,3496.4
106,October,2029,Spring,Q4,false,1314.5
107,November,2029,Spring,Q4,false,6048.3
108,December,2029,Summer,Q4,true,738.5
109,January,2030,Summer,Q1,true,8633.6
110,February,2030,Summer,Q1,false,8432.5
111,March,2030,Autumn,Q1,false,1088.9
112,April,2030,Autumn,Q2,false,1163.5
113,May,2030,Autumn,Q2,false,9358.2
114,June,2030,Winter,Q2,false,8093.8
115,July,2030,Winter,Q3,false,6829.1
116,August,2030,Winter,Q3,false,1431.0
117,September,2030,Spring,Q3,false,3450.3
118,October,2030,Spring,Q4,false,687.8
119,November,2030,Spring,Q4,false,9606.4
120,December,2030,Summer,Q4,true,8159.7
121,January,2031,Summer,Q1,true,332.4
122,February,2031,Summer,Q1,false,4935.3
123,March,2031,Autumn,Q1,false,0.0
124,April,2031,Autumn,Q2,false,1602.4
125,May,2031,Autumn,Q2,false,7781.1
126,June,2031,Winter,Q2,false,7768.2
127,July,2031,Winter,Q3,false,7163.9
128,August,2031,Winter,Q3,false,2235.0
129,September,2031,Spring,Q3,false,8159.9
130,October,2031,Spring,Q4,false,8033.4
131,November,2031,Spring,Q4,false,2142.5
132,December,2031,Summer,Q4,true,9584.6
133,January,2032,Summer,Q1,true,262.4
134,February,2032,Summer,Q1,false,4776.4
135,March,2032,Autumn,Q1,false,4463.5
136,April,2032,Autumn,Q2,false,5406.0
137,May,2032,Autumn,Q2,false,7116.6
138,June,2032,Winter,Q2,false,4196.3
139,July,2032,Winter,Q3,false,4328.2
140,August,2032,Winter,Q3,false,3062.6
141,September,2032,Spring,Q3,false,8162.5
142,October,2032,Spring,Q4,false,2499.6
143,November,2032,Spring,Q4,false,2702.2
144,December,2032,Summer,Q4,true,8047.3
145,January,2033,Summer,Q1,true,4915.7
146,February,2033,Summer,Q1,false,348.5
147,March,2033,Autumn,Q1,false,3964.5
148,April,2033,Autumn,Q2,false,9496.9
149,May,2033,Autumn,Q2,false,9299.3
150,June,2033,Winter,Q2,false,2800.9
151,July,2033,Winter,Q3,false,7347.7
152,August,2033,Winter,Q3,false,2492.5
153,September,2033,Spring,Q3,false,470.0
154,October,2033,Spring,Q4,false,9842.6
155,November,2033,Spring,Q4,false,5423.2
156,December,2033,Summer,Q4,true,8465.1
157,January,2034,Summer,Q1,true,1024.7
158,February,2034,Summer,Q1,false,8474.3
159,March,2034,Autumn,Q1,false,8052.2
160,April,2034,Autumn,Q2,false,997.9
161,May,2034,Autumn,Q2,false,5958.4
162,June,2034,Winter,Q2,false,6725.2
163,July,2034,Winter,Q3,false,6884.8
164,August,2034,Winter,Q3,false,2525.4
165,September,2034,Spring,Q3,false,1447.4
166,October,2034,Spring,Q4,false,3239.5
167,November,2034,Spring,Q4,false,8068.4
168,December,2034,Summer,Q4,true,2984.4
169,January,2035,Summer,Q1,true,1719.9
170,February,2035,Summer,Q1,false,5756.3
171,March,2035,Autumn,Q1,false,7148.1
172,April,2035,Autumn,Q2,false,5626.9
173,May,2035,Autumn,Q2,false,8115.3
174,June,2035,Winter,Q2,false,4768.7
175,July,2035,Winter,Q3,false,6858.9
176,August,2035,Winter,Q3,false,3230.3
177,September,2035,Spring,Q3,false,4489.1
178,October,2035,Spring,Q4,false,9304.7
179,November,2035,Spring,Q4,false,2253.3
180,December,2035,Summer,Q4,true,9393.9
181,January,2036,Summer,Q1,true,1747.2
182,February,2036,Summer,Q1,false,6737.5
183,March,2036,Autumn,Q1,false,3944.9
184,April,2036,Autumn,Q2,false,1704.0
185,May,2036,Autumn,Q2,false,8098.2
186,June,2036,Winter,Q2,false,6413.6
187,July,2036,Winter,Q3,false,8664.1
188,August,2036,Winter,Q3,false,8842.5
189,September,2036,Spring,Q3,false,2332.1
190,October,2036,Spring,Q4,false,7476.6
191,November,2036,Spring,Q4,false,6987.0
192,December,2036,Summer,Q4,true,3365.4
193,January,2037,Summer,Q1,true,5663.1
194,February,2037,Summer,Q1,false,6572.6
195,March,2037,Autumn,Q1,false,3380.0
196,April,2037,Autumn,Q2,false,4132.5
197,May,2037,Autumn,Q2,false,651.7
198,June,2037,Winter,Q2,false,1566.6
199,July,2037,Winter,Q3,false,9052.3
200,August,2037,Winter,Q3,false,2950.8
201,September,2037,Spring,Q3,false,1541.4
202,October,2037,Spring,Q4,false,6246.6
203,November,2037,Spring,Q4,false,7574.9
204,December,2037,Summer,Q4,true,3110.0
205,January,2038,Summer,Q1,true,6458.8
206,February,2038,Summer,Q1,false,2930.6
207,March,2038,Autumn,Q1,false,8106.6
208,April,2038,Autumn,Q2,false,5441.9
209,May,2038,Autumn,Q2,false,1393.1
210,June,2038,Winter,Q2,false,4990.2
211,July,2038,Winter,Q3,false,2748.3
212,August,2038,Winter,Q3,false,3682.4
213,September,2038,Spring,Q3,false,1601.2
214,October,2038,Spring,Q4,false,1255.3
215,November,2038,Spring,Q4,false,9137.9
216,December,2038,Summer,Q4,true,6340.5
217,January,2039,Summer,Q1,true,8768.5
218,February,2039,Summer,Q1,false,9154.0
219,March,2039,Autumn,Q1,false,5677.3
220,April,2039,Autumn,Q2,false,7838.6
221,May,2039,Autumn,Q2,false,5508.5
222,June,2039,Winter,Q2,false,1287.0
223,July,2039,Winter,Q3,false,5863.3
224,August,2039,Winter,Q3,false,8202.6
225,September,2039,Spring,Q3,false,454.8
226,October,2039,Spring,Q4,false,1590.8
227,November,2039,Spring,Q4,false,5555.3
228,December,2039,Summer,Q4,true,8855.2
229,January,2040,Summer,Q1,true,6170.1
230,February,2040,Summer,Q1,false,4926.1
231,March,2040,Autumn,Q1,false,6367.6
232,April,2040,Autumn,Q2,false,647.4
233,May,2040,Autumn,Q2,false,7205.0
234,June,2040,Winter,Q2,false,4502.0
235,July,2040,Winter,Q3,false,4429.1
236,August,2040,Winter,Q3,false,6538.3
237,September,2040,Spring,Q3,false,7615.3
238,October,2040,Spring,Q4,false,2622.5
239,November,2040,Spring,Q4,false,545.9
240,December,2040,Summer,Q4,true,3267.8
241,January,2041,Summer,Q1,true,3024.7
242,February,2041,Summer,Q1,false,7784.2
243,March,2041,Autumn,Q1,false,4200.9
244,April,2041,Autumn,Q2,false,9518.6
245,May,2041,Autumn,Q2,false,3334.3
246,June,2041,Winter,Q2,false,966.5
247,July,2041,Winter,Q3,false,1655.2
248,August,2041,Winter,Q3,false,4433.9
249,September,2041,Spring,Q3,false,8318.8
250,October,2041,Spring,Q4,false,965.1
251,November,2041,Spring,Q4,false,5883.2
252,December,2041,Summer,Q4,true,5282.7
253,January,2042,Summer,Q1,true,2701.6
254,February,2042,Summer,Q1,false,2812.8
255,March,2042,Autumn,Q1,false,9497.2
256,April,2042,Autumn,Q2,false,1448.8
257,May,2042,Autumn,Q2,false,9963.2
258,June,2042,Winter,Q2,false,1493.0
259,July,2042,Winter,Q3,false,505.3
260,August,2042,Winter,Q3,false,9197.5
261,September,2042,Spring,Q3,false,3908.6
262,October,2042,Spring,Q4,false,6789.4
263,November,2042,Spring,Q4,false,1220.9
264,December,2042,Summer,Q4,true,6620.4
265,January,2043,Summer,Q1,true,2358.4
266,February,2043,Summer,Q1,false,1522.4
267,March,2043,Autumn,Q1,false,7220.4
268,April,2043,Autumn,Q2,false,7275.7
269,May,2043,Autumn,Q2,false,4102.4
270,June,2043,Winter,Q2,false,8220.3
271,July,2043,Winter,Q3,false,618.5
272,August,2043,Winter,Q3,false,3251.5
273,September,2043,Spring,Q3,false,4078.5
274,October,2043,Spring,Q4,false,9198.8
275,November,2043,Spring,Q4,false,6403.6
276,December,2043,Summer,Q4,true,1706.5
277,January,2044,Summer,Q1,true,4477.9
278,February,2044,Summer,Q1,false,3516.8
279,March,2044,Autumn,Q1,false,4320.4
280,April,2044,Autumn,Q2,false,3159.5
281,May,2044,Autumn,Q2,false,9960.4
282,June,2044,Winter,Q2,false,4057.9
283,July,2044,Winter,Q3,false,637.4
284,August,2044,Winter,Q3,false,409.6
285,September,2044,Spring,Q3,false,6662.8
286,October,2044,Spring,Q4,false,8361.3
287,November,2044,Spring,Q4,false,5997.2
288,December,2044,Summer,Q4,true,9973.0
289,January,2045,Summer,Q1,true,4784.4
290,February,2045,Summer,Q1,false,387.0
291,March,2045,Autumn,Q1,false,6595.7
292,April,2045,Autumn,Q2,false,1907.4
293,May,2045,Autumn,Q2,false,6840.8
294,June,2045,Winter,Q2,false,3803.4
295,July,2045,Winter,Q3,false,8090.7
296,August,2045,Winter,Q3,false,7579.2
297,September,2045,Spring,Q3,false,8441.9
298,October,2045,Spring,Q4,false,3334.1
299,November,2045,Spring,Q4,false,7997.6
300,December,2045,Summer,Q4,true,9023.4
301,January,2046,Summer,Q1,true,6509.5
302,February,2046,Summer,Q1,false,9230.6
303,March,2046,Autumn,Q1,false,951.4
304,April,2046,Autumn,Q2,false,2484.8
305,May,2046,Autumn,Q2,false,4965.6
306,June,2046,Winter,Q2,false,4170.7
307,July,2046,Winter,Q3,false,3440.9
308,August,2046,Winter,Q3,false,7030.1
309,September,2046,Spring,Q3,false,5620.8
310,October,2046,Spring,Q4,false,5966.0
311,November,2046,Spring,Q4,false,3922.2
312,December,2046,Summer,Q4,true,85.8
313,January,2047,Summer,Q1,true,455.8
314,February,2047,Summer,Q1,false,5366.0
315,March,2047,Autumn,Q1,false,3774.2
316,April,2047,Autumn,Q2,false,6090.5
317,May,2047,Autumn,Q2,false,333.6
318,June,2047,Winter,Q2,false,9088.7
319,July,2047,Winter,Q3,false,4378.6
320,August,2047,Winter,Q3,false,7750.2
321,September,2047,Spring,Q3,false,9686.3
322,October,2047,Spring,Q4,false,247.4
323,November,2047,Spring,Q4,false,6577.3
324,December,2047,Summer,Q4,true,8390.9
325,January,2048,Summer,Q1,true,275.7
326,February,2048,Summer,Q1,false,1520.8
327,March,2048,Autumn,Q1,false,3620.1
328,April,2048,Autumn,Q2,false,9375.4
329,May,2048,Autumn,Q2,false,7002.2
330,June,2048,Winter,Q2,false,9204.6
331,July,2048,Winter,Q3,false,3297.6
332,August,2048,Winter,Q3,false,8180.1
333,September,2048,Spring,Q3,false,7136.1
334,October,2048,Spring,Q4,false,3408.1
335,November,2048,Spring,Q4,false,7239.3
336,December,2048,Summer,Q4,true,7798.2
337,January,2049,Summer,Q1,true,7171.8
338,February,2049,Summer,Q1,false,7159.2
339,March,2049,Autumn,Q1,false,6930.8
340,April,2049,Autumn,Q2,false,6224.6
341,May,2049,Autumn,Q2,false,7094.2
342,June,2049,Winter,Q2,false,8448.5
343,July,2049,Winter,Q3,false,9811.2
344,August,2049,Winter,Q3,false,155.2
345,September,2049,Spring,Q3,false,3160.8
346,October,2049,Spring,Q4,false,7220.7
347,November,2049,Spring,Q4,false,9458.5
348,December,2049,Summer,Q4,true,105.3
349,January,2050,Summer,Q1,true,5698.0
350,February,2050,Summer,Q1,false,3191.8
351,March,2050,Autumn,Q1,false,2096.3
352,April,2050,Autumn,Q2,false,3761.5
353,May,2050,Autumn,Q2,false,8318.5
354,June,2050,Winter,Q2,false,5004.7
355,July,2050,Winter,Q3,false,3824.2
356,August,2050,Winter,Q3,false,9795.6
357,September,2050,Spring,Q3,false,1072.6
358,October,2050,Spring,Q4,false,2762.5
359,November,2050,Spring,Q4,false,6440.4
360,December,2050,Summer,Q4,true,3985.8
361,January,2051,Summer,Q1,true,1832.8
362,February,2051,Summer,Q1,false,636.5
363,March,2051,Autumn,Q1,false,9272.4
364,April,2051,Autumn,Q2,false,7466.2
365,May,2051,Autumn,Q2,false,2108.3
366,June,2051,Winter,Q2,false,7208.2
367,July,2051,Winter,Q3,false,6503.8
368,August,2051,Winter,Q3,false,5573.9
369,September,2051,Spring,Q3,false,3456.9
370,October,2051,Spring,Q4,false,9822.1
371,November,2051,Spring,Q4,false,4820.9
372,December,2051,Summer,Q4,true,8330.4
373,January,2052,Summer,Q1,true,4223.9
374,February,2052,Summer,Q1,false,6568.5
375,March,2052,Autumn,Q1,false,3940.4
376,April,2052,Autumn,Q2,false,5644.8
377,May,2052,Autumn,Q2,false,423.0
378,June,2052,Winter,Q2,false,7358.8
379,July,2052,Winter,Q3,false,2377.8
380,August,2052,Winter,Q3,false,8406.6
381,September,2052,Spring,Q3,false,4640.9
382,October,2052,Spring,Q4,false,8444.7
383,November,2052,Spring,Q4,false,627.3
384,December,2052,Summer,Q4,true,6298.4
385,January,2053,Summer,Q1,true,2946.1
386,February,2053,Summer,Q1,false,1835.3
387,March,2053,Autumn,Q1,false,6994.5
388,April,2053,Autumn,Q2,false,1427.6
389,May,2053,Autumn,Q2,false,2421.7
390,June,2053,Winter,Q2,false,3420.7
391,July,2053,Winter,Q3,false,4578.5
392,August,2053,Winter,Q3,false,8941.3
393,September,2053,Spring,Q3,false,9618.8
394,October,2053,Spring,Q4,false,1827.0
395,November,2053,Spring,Q4,false,3637.0
396,December,2053,Summer,Q4,true,7594.0
397,January,2054,Summer,Q1,true,7894.2
398,February,2054,Summer,Q1,false,2616.0
399,March,2054,Autumn,Q1,false,9250.6
400,April,2054,Autumn,Q2,false,1886.2
401,May,2054,Autumn,Q2,false,3237.7
402,June,2054,Winter,Q2,false,5564.7
403,July,2054,Winter,Q3,false,7131.5
404,August,2054,Winter,Q3,false,4489.0
405,September,2054,Spring,Q3,false,5782.8
406,October,2054,Spring,Q4,false,3784.5
407,November,2054,Spring,Q4,false,3275.6
408,December,2054,Summer,Q4,true,7362.1
409,January,2055,Summer,Q1,true,5757.3
410,February,2055,Summer,Q1,false,4154.4
411,March,2055,Autumn,Q1,false,325.4
412,April,2055,Autumn,Q2,false,5542.4
413,May,2055,Autumn,Q2,false,8959.8
414,June,2055,Winter,Q2,false,1968.0
415,July,2055,Winter,Q3,false,6703.3
416,August,2055,Winter,Q3,false,2006.4
417,September,2055,Spring,Q3,false,8946.6
418,October,2055,Spring,Q4,false,9854.2
419,November,2055,Spring,Q4,false,9973.1
420,December,2055,Summer,Q4,true,6799.6
421,January,2056,Summer,Q1,true,2468.3
422,February,2056,Summer,Q1,false,3144.0
423,March,2056,Autumn,Q1,false,747.1
424,April,2056,Autumn,Q2,false,8098.1
425,May,2056,Autumn,Q2,false,506.2
426,June,2056,Winter,Q2,false,7616.2
427,July,2056,Winter,Q3,false,2475.7
428,August,2056,Winter,Q3,false,4465.3
429,September,2056,Spring,Q3,false,1995.0
430,October,2056,Spring,Q4,false,5857.1
431,November,2056,Spring,Q4,false,4286.9
432,December,2056,Summer,Q4,true,6265.1
433,January,2057,Summer,Q1,true,2089.6
434,February,2057,Summer,Q1,false,3097.2
435,March,2057,Autumn,Q1,false,7079.3
436,April,2057,Autumn,Q2,false,6652.1
437,May,2057,Autumn,Q2,false,4756.8
438,June,2057,Winter,Q2,false,2478.7
439,July,2057,Winter,Q3,false,3883.7
440,August,2057,Winter,Q3,false,5554.5
441,September,2057,Spring,Q3,false,9919.1
442,October,2057,Spring,Q4,false,7226.0
443,November,2057,Spring,Q4,false,4251.8
444,December,2057,Summer,Q4,true,2799.0
445,January,2058,Summer,Q1,true,1831.2
446,February,2058,Summer,Q1,false,7630.9
447,March,2058,Autumn,Q1,false,8659.1
448,April,2058,Autumn,Q2,false,767.2
449,May,2058,Autumn,Q2,false,4469.8
450,June,2058,Winter,Q2,false,4511.2
451,July,2058,Winter,Q3,false,2300.5
452,August,2058,Winter,Q3,false,1977.4
453,September,2058,Spring,Q3,false,9787.8
454,October,2058,Spring,Q4,false,1302.0
455,November,2058,Spring,Q4,false,557.9
456,December,2058,Summer,Q4,true,7567.3
457,January,2059,Summer,Q1,true,3612.3
458,February,2059,Summer,Q1,false,5013.4
459,March,2059,Autumn,Q1,false,2442.7
460,April,2059,Autumn,Q2,false,39.2
461,May,2059,Autumn,Q2,false,997.8
462,June,2059,Winter,Q2,false,9141.4
463,July,2059,Winter,Q3,false,1572.4
464,August,2059,Winter,Q3,false,2625.7
465,September,2059,Spring,Q3,false,3132.0
466,October,2059,Spring,Q4,false,4.5
467,November,2059,Spring,Q4,false,9894.2
468,December,2059,Summer,Q4,true,9868.2
469,January,2060,Summer,Q1,true,2824.4
470,February,2060,Summer,Q1,false,5378.6
471,March,2060,Autumn,Q1,false,9446.3
472,April,2060,Autumn,Q2,false,6077.0
473,May,2060,Autumn,Q2,false,175.1
474,June,2060,Winter,Q2,false,7654.7
475,July,2060,Winter,Q3,false,7740.6
476,August,2060,Winter,Q3,false,9763.9
477,September,2060,Spring,Q3,false,8645.2
478,October,2060,Spring,Q4,false,949.7
479,November,2060,Spring,Q4,false,4089.4
480,December,2060,Summer,Q4,true,7302.5
481,January,2061,Summer,Q1,true,6435.5
482,February,2061,Summer,Q1,false,5757.1
483,March,2061,Autumn,Q1,false,957.9
484,April,2061,Autumn,Q2,false,7465.2
485,May,2061,Autumn,Q2,false,2554.4
486,June,2061,Winter,Q2,false,3805.1
487,July,2061,Winter,Q3,false,6282.7
488,August,2061,Winter,Q3,false,6981.4
489,September,2061,Spring,Q3,false,274.6
490,October,2061,Spring,Q4,false,379.4
491,November,2061,Spring,Q4,false,1744.5
492,December,2061,Summer,Q4,true,8770.5
493,January,2062,Summer,Q1,true,38.7
494,February,2062,Summer,Q1,false,8530.2
495,March,2062,Autumn,Q1,false,9901.0
496,April,2062,Autumn,Q2,false,8462.0
497,May,2062,Autumn,Q2,false,2816.4
498,June,2062,Winter,Q2,false,3919.0
499,July,2062,Winter,Q3,false,2995.6
500,August,2062,Winter,Q3,false,9225.0
501,September,2062,Spring,Q3,false,3929.9
502,October,2062,Spring,Q4,false,9717.6
503,November,2062,Spring,Q4,false,171.2
504,December,2062,Summer,Q4,true,4880.2
505,January,2063,Summer,Q1,true,7298.6
506,February,2063,Summer,Q1,false,2688.5
507,March,2063,Autumn,Q1,false,4597.9
508,April,2063,Autumn,Q2,false,5446.9
509,May,2063,Autumn,Q2,false,9390.9
510,June,2063,Winter,Q2,false,7747.6
511,July,2063,Winter,Q3,false,2492.1
512,August,2063,Winter,Q3,false,1064.9
513,September,2063,Spring,Q3,false,3742.8
514,October,2063,Spring,Q4,false,9193.9
515,November,2063,Spring,Q4,false,6558.8
516,December,2063,Summer,Q4,true,5788.7
517,January,2064,Summer,Q1,true,3078.6
518,February,2064,Summer,Q1,false,5215.7
519,March,2064,Autumn,Q1,false,3309.8
520,April,2064,Autumn,Q2,false,6729.2
521,May,2064,Autumn,Q2,false,9061.5
522,June,2064,Winter,Q2,false,7610.6
523,July,2064,Winter,Q3,false,9077.7
524,August,2064,Winter,Q3,false,5298.3
525,September,2064,Spring,Q3,false,2638.5
526,October,2064,Spring,Q4,false,7924.7
527,November,2064,Spring,Q4,false,2793.2
528,December,2064,Summer,Q4,true,4627.1
529,January,2065,Summer,Q1,true,7648.8
530,February,2065,Summer,Q1,false,2564.9
531,March,2065,Autumn,Q1,false,6136.3
532,April,2065,Autumn,Q2,false,724.5
533,May,2065,Autumn,Q2,false,9046.6
534,June,2065,Winter,Q2,false,6332.5
535,July,2065,Winter,Q3,false,205.9
536,August,2065,Winter,Q3,false,2917.3
537,September,2065,Spring,Q3,false,5783.3
538,October,2065,Spring,Q4,false,4449.0
539,November,2065,Spring,Q4,false,4150.0
540,December,2065,Summer,Q4,true,1537.0
541,January,2066,Summer,Q1,true,3070.5
542,February,2066,Summer,Q1,false,2479.7
543,March,2066,Autumn,Q1,false,4887.8
544,April,2066,Autumn,Q2,false,3308.2
545,May,2066,Autumn,Q2,false,9647.9
546,June,2066,Winter,Q2,false,6753.6
547,July,2066,Winter,Q3,false,6508.6
548,August,2066,Winter,Q3,false,9165.2
549,September,2066,Spring,Q3,false,426.7
550,October,2066,Spring,Q4,false,1620.0
551,November,2066,Spring,Q4,false,8517.6
552,December,2066,Summer,Q4,true,2725.4
553,January,2067,Summer,Q1,true,1749.9
554,February,2067,Summer,Q1,false,1878.1
555,March,2067,Autumn,Q1,false,1903.1
556,April,2067,Autumn,Q2,false,3075.1
557,May,2067,Autumn,Q2,false,656.0
558,June,2067,Winter,Q2,false,1557.7
559,July,2067,Winter,Q3,false,4747.7
560,August,2067,Winter,Q3,false,4667.6
561,September,2067,Spring,Q3,false,9731.7
562,October,2067,Spring,Q4,false,8351.2
563,November,2067,Spring,Q4,false,5815.6
564,December,2067,Summer,Q4,true,3891.4
565,January,2068,Summer,Q1,true,8992.9
566,February,2068,Summer,Q1,false,1147.3
567,March,2068,Autumn,Q1,false,5114.2
568,April,2068,Autumn,Q2,false,7003.6
569,May,2068,Autumn,Q2,false,6718.9
570,June,2068,Winter,Q2,false,6321.9
571,July,2068,Winter,Q3,false,7731.3
572,August,2068,Winter,Q3,false,470.4
573,September,2068,Spring,Q3,false,1269.8
574,October,2068,Spring,Q4,false,5526.8
575,November,2068,Spring,Q4,false,526.1
576,December,2068,Summer,Q4,true,1434.3
577,January,2069,Summer,Q1,true,3168.5
578,February,2069,Summer,Q1,false,2477.8
579,March,2069,Autumn,Q1,false,5847.0
580,April,2069,Autumn,Q2,false,2626.9
581,May,2069,Autumn,Q2,false,555.1
582,June,2069,Winter,Q2,false,8229.6
583,July,2069,Winter,Q3,false,8395.8
584,August,2069,Winter,Q3,false,6022.0
585,September,2069,Spring,Q3,false,6991.8
586,October,2069,Spring,Q4,false,6767.4
587,November,2069,Spring,Q4,false,6457.7
588,December,2069,Summer,Q4,true,336.0
589,January,2070,Summer,Q1,true,1729.1
590,February,2070,Summer,Q1,false,8957.4
591,March,2070,Autumn,Q1,false,4546.6
592,April,2070,Autumn,Q2,false,8037.3
593,May,2070,Autumn,Q2,false,4404.7
594,June,2070,Winter,Q2,false,3404.2
595,July,2070,Winter,Q3,false,8077.2
596,August,2070,Winter,Q3,false,959.9
597,September,2070,Spring,Q3,false,4782.8
598,October,2070,Spring,Q4,false,1253.6
599,November,2070,Spring,Q4,false,4999.1
600,December,2070,Summer,Q4,true,1869.7
601,January,2071,Summer,Q1,true,444.8
602,February,2071,Summer,Q1,false,4630.9
603,March,2071,Autumn,Q1,false,6726.2
604,April,2071,Autumn,Q2,false,3253.4
605,May,2071,Autumn,Q2,false,9978.9
606,June,2071,Winter,Q2,false,2492.1
607,July,2071,Winter,Q3,false,1730.4
608,August,2071,Winter,Q3,false,8815.4
609,September,2071,Spring,Q3,false,7573.3
610,October,2071,Spring,Q4,false,1321.9
611,November,2071,Spring,Q4,false,731.1
612,December,2071,Summer,Q4,true,2593.0
613,January,2072,Summer,Q1,true,4779.9
614,February,2072,Summer,Q1,false,2451.4
615,March,2072,Autumn,Q1,false,2191.8
616,April,2072,Autumn,Q2,false,9003.1
617,May,2072,Autumn,Q2,false,7381.9
618,June,2072,Winter,Q2,false,3282.6
619,July,2072,Winter,Q3,false,5267.6
620,August,2072,Winter,Q3,false,3760.0
621,September,2072,Spring,Q3,false,8098.3
622,October,2072,Spring,Q4,false,6989.8
623,November,2072,Spring,Q4,false,4093.9
624,December,2072,Summer,Q4,true,3866.3
625,January,2073,Summer,Q1,true,2875.4
626,February,2073,Summer,Q1,false,699.4
627,March,2073,Autumn,Q1,false,1313.9
628,April,2073,Autumn,Q2,false,4302.2
629,May,2073,Autumn,Q2,false,4948.4
630,June,2073,Winter,Q2,false,5927.4
631,July,2073,Winter,Q3,false,6660.4
632,August,2073,Winter,Q3,false,1762.3
633,September,2073,Spring,Q3,false,5396.6
634,October,2073,Spring,Q4,false,5789.0
635,November,2073,Spring,Q4,false,6830.9
636,December,2073,Summer,Q4,true,1571.0
637,January,2074,Summer,Q1,true,9241.9
638,February,2074,Summer,Q1,false,756.8
639,March,2074,Autumn,Q1,false,1883.9
640,April,2074,Autumn,Q2,false,6486.5
641,May,2074,Autumn,Q2,false,4923.9
642,June,2074,Winter,Q2,false,7387.5
643,July,2074,Winter,Q3,false,7059.1
644,August,2074,Winter,Q3,false,9140.9
645,September,2074,Spring,Q3,false,7533.3
646,October,2074,Spring,Q4,false,4470.4
647,November,2074,Spring,Q4,false,4165.5
648,December,2074,Summer,Q4,true,7155.0
649,January,2075,Summer,Q1,true,9159.5
650,February,2075,Summer,Q1,false,3456.8
651,March,2075,Autumn,Q1,false,4234.9
652,April,2075,Autumn,Q2,false,285.9
653,May,2075,Autumn,Q2,false,7624.2
654,June,2075,Winter,Q2,false,294.6
655,July,2075,Winter,Q3,false,2953.9
656,August,2075,Winter,Q3,false,5620.3
657,September,2075,Spring,Q3,false,859.5
658,October,2075,Spring,Q4,false,4953.3
659,November,2075,Spring,Q4,false,4630.8
660,December,2075,Summer,Q4,true,7528.0
661,January,2076,Summer,Q1,true,6898.6
662,February,2076,Summer,Q1,false,5260.5
663,March,2076,Autumn,Q1,false,3687.3
664,April,2076,Autumn,Q2,false,7792.2
665,May,2076,Autumn,Q2,false,2179.3
666,June,2076,Winter,Q2,false,5114.6
667,July,2076,Winter,Q3,false,9345.7
668,August,2076,Winter,Q3,false,1526.3
669,September,2076,Spring,Q3,false,1251.1
670,October,2076,Spring,Q4,false,6631.7
671,November,2076,Spring,Q4,false,4436.3
672,December,2076,Summer,Q4,true,9086.0
673,January,2077,Summer,Q1,true,6630.4
674,February,2077,Summer,Q1,false,1088.8
675,March,2077,Autumn,Q1,false,9149.4
676,April,2077,Autumn,Q2,false,7310.7
677,May,2077,Autumn,Q2,false,7546.1
678,June,2077,Winter,Q2,false,1156.7
679,July,2077,Winter,Q3,false,8351.4
680,August,2077,Winter,Q3,false,9847.5
681,September,2077,Spring,Q3,false,3581.7
682,October,2077,Spring,Q4,false,6852.2
683,November,2077,Spring,Q4,false,488.1
684,December,2077,Summer,Q4,true,9685.8
685,January,2078,Summer,Q1,true,1695.8
686,February,2078,Summer,Q1,false,9222.3
687,March,2078,Autumn,Q1,false,4580.1
688,April,2078,Autumn,Q2,false,3603.9
689,May,2078,Autumn,Q2,false,1670.2
690,June,2078,Winter,Q2,false,8614.9
691,July,2078,Winter,Q3,false,7240.0
692,August,2078,Winter,Q3,false,1525.8
693,September,2078,Spring,Q3,false,9190.1
694,October,2078,Spring,Q4,false,3308.3
695,November,2078,Spring,Q4,false,5131.6
696,December,2078,Summer,Q4,true,8115.9
697,January,2079,Summer,Q1,true,3433.1
698,February,2079,Summer,Q1,false,7659.5
699,March,2079,Autumn,Q1,false,2987.8
700,April,2079,Autumn,Q2,false,7599.1
701,May,2079,Autumn,Q2,false,9323.7
702,June,2079,Winter,Q2,false,8351.0
703,July,2079,Winter,Q3,false,9625.7
704,August,2079,Winter,Q3,false,9174.7
705,September,2079,Spring,Q3,false,8787.3
706,October,2079,Spring,Q4,false,4806.9
707,November,2079,Spring,Q4,false,3283.7
708,December,2079,Summer,Q4,true,6626.3
709,January,2080,Summer,Q1,true,4737.3
710,February,2080,Summer,Q1,false,8980.8
711,March,2080,Autumn,Q1,false,617.0
712,April,2080,Autumn,Q2,false,5745.6
713,May,2080,Autumn,Q2,false,8255.1
714,June,2080,Winter,Q2,false,3599.5
715,July,2080,Winter,Q3,false,9359.6
716,August,2080,Winter,Q3,false,4948.4
717,September,2080,Spring,Q3,false,32.9
718,October,2080,Spring,Q4,false,3071.1
719,November,2080,Spring,Q4,false,2256.0
720,December,2080,Summer,Q4,true,4783.6
721,January,2081,Summer,Q1,true,6892.2
722,February,2081,Summer,Q1,false,2276.5
723,March,2081,Autumn,Q1,false,2623.2
724,April,2081,Autumn,Q2,false,8552.3
725,May,2081,Autumn,Q2,false,6199.7
726,June,2081,Winter,Q2,false,5053.2
727,July,2081,Winter,Q3,false,7201.6
728,August,2081,Winter,Q3,false,4647.6
729,September,2081,Spring,Q3,false,6998.5
730,October,2081,Spring,Q4,false,5634.8
731,November,2081,Spring,Q4,false,7286.6
732,December,2081,Summer,Q4,true,8459.9
733,January,2082,Summer,Q1,true,751.3
734,February,2082,Summer,Q1,false,3463.5
735,March,2082,Autumn,Q1,false,9440.7
736,April,2082,Autumn,Q2,false,5038.6
737,May,2082,Autumn,Q2,false,8488.3
738,June,2082,Winter,Q2,false,122.2
739,July,2082,Winter,Q3,false,6504.1
740,August,2082,Winter,Q3,false,2613.0
741,September,2082,Spring,Q3,false,6102.2
742,October,2082,Spring,Q4,false,2607.1
743,November,2082,Spring,Q4,false,9942.7
744,December,2082,Summer,Q4,true,4646.2
745,January,2083,Summer,Q1,true,7286.7
746,February,2083,Summer,Q1,false,4225.5
747,March,2083,Autumn,Q1,false,9085.0
748,April,2083,Autumn,Q2,false,1080.3
749,May,2083,Autumn,Q2,false,7097.6
750,June,2083,Winter,Q2,false,8853.0
751,July,2083,Winter,Q3,false,9041.6
752,August,2083,Winter,Q3,false,928.4
753,September,2083,Spring,Q3,false,9115.8
754,October,2083,Spring,Q4,false,5367.1
755,November,2083,Spring,Q4,false,4493.8
756,December,2083,Summer,Q4,true,3765.6
757,January,2084,Summer,Q1,true,7655.0
758,February,2084,Summer,Q1,false,1851.7
759,March,2084,Autumn,Q1,false,8131.8
760,April,2084,Autumn,Q2,false,8917.5
761,May,2084,Autumn,Q2,false,1413.5
762,June,2084,Winter,Q2,false,9628.0
763,July,2084,Winter,Q3,false,5857.9
764,August,2084,Winter,Q3,false,3528.7
765,September,2084,Spring,Q3,false,6297.1
766,October,2084,Spring,Q4,false,1251.8
767,November,2084,Spring,Q4,false,1866.4
768,December,2084,Summer,Q4,true,4347.6
769,January,2085,Summer,Q1,true,7411.4
770,February,2085,Summer,Q1,false,7880.4
771,March,2085,Autumn,Q1,false,5802.9
772,April,2085,Autumn,Q2,false,4744.0
773,May,2085,Autumn,Q2,false,9360.9
774,June,2085,Winter,Q2,false,8815.1
775,July,2085,Winter,Q3,false,3872.2
776,August,2085,Winter,Q3,false,4722.2
777,September,2085,Spring,Q3,false,1089.4
778,October,2085,Spring,Q4,false,4393.6
779,November,2085,Spring,Q4,false,6649.1
780,December,2085,Summer,Q4,true,4573.9
781,January,2086,Summer,Q1,true,7094.6
782,February,2086,Summer,Q1,false,8638.9
783,March,2086,Autumn,Q1,false,8654.9
784,April,2086,Autumn,Q2,false,8543.9
785,May,2086,Autumn,Q2,false,7226.8
786,June,2086,Winter,Q2,false,1250.4
787,July,2086,Winter,Q3,false,6577.8
788,August,2086,Winter,Q3,false,2642.5
789,September,2086,Spring,Q3,false,9585.8
790,October,2086,Spring,Q4,false,8680.2
791,November,2086,Spring,Q4,false,3402.7
792,December,2086,Summer,Q4,true,73.6
793,January,2087,Summer,Q1,true,1441.8
794,February,2087,Summer,Q1,false,4860.5
795,March,2087,Autumn,Q1,false,4482.8
796,April,2087,Autumn,Q2,false,4555.3
797,May,2087,Autumn,Q2,false,7255.7
798,June,2087,Winter,Q2,false,1439.5
799,July,2087,Winter,Q3,false,3246.4
800,August,2087,Winter,Q3,false,1458.5
801,September,2087,Spring,Q3,false,5548.0
802,October,2087,Spring,Q4,false,9215.3
803,November,2087,Spring,Q4,false,9440.8
804,December,2087,Summer,Q4,true,1412.8
805,January,2088,Summer,Q1,true,127.9
806,February,2088,Summer,Q1,false,2547.6
807,March,2088,Autumn,Q1,false,5084.6
808,April,2088,Autumn,Q2,false,9155.0
809,May,2088,Autumn,Q2,false,5503.2
810,June,2088,Winter,Q2,false,2569.2
811,July,2088,Winter,Q3,false,2831.8
812,August,2088,Winter,Q3,false,9425.1
813,September,2088,Spring,Q3,false,1842.1
814,October,2088,Spring,Q4,false,3335.6
815,November,2088,Spring,Q4,false,8227.6
816,December,2088,Summer,Q4,true,9703.9
817,January,2089,Summer,Q1,true,1316.1
818,February,2089,Summer,Q1,false,9914.9
819,March,2089,Autumn,Q1,false,8297.0
820,April,2089,Autumn,Q2,false,5722.7
821,May,2089,Autumn,Q2,false,4797.0
822,June,2089,Winter,Q2,false,8878.5
823,July,2089,Winter,Q3,false,4533.4
824,August,2089,Winter,Q3,false,5731.5
825,September,2089,Spring,Q3,false,8448.5
826,October,2089,Spring,Q4,false,9198.5
827,November,2089,Spring,Q4,false,4217.8
828,December,2089,Summer,Q4,true,7798.7
829,January,2090,Summer,Q1,true,4252.4
830,February,2090,Summer,Q1,false,260.2
831,March,2090,Autumn,Q1,false,8774.9
832,April,2090,Autumn,Q2,false,5786.0
833,May,2090,Autumn,Q2,false,6605.5
834,June,2090,Winter,Q2,false,2514.1
835,July,2090,Winter,Q3,false,4905.6
836,August,2090,Winter,Q3,false,5023.9
837,September,2090,Spring,Q3,false,2265.3
838,October,2090,Spring,Q4,false,7435.2
839,November,2090,Spring,Q4,false,6467.3
840,December,2090,Summer,Q4,true,4801.1
841,January,2091,Summer,Q1,true,7207.0
842,February,2091,Summer,Q1,false,389.1
843,March,2091,Autumn,Q1,false,6563.6
844,April,2091,Autumn,Q2,false,7682.5
845,May,2091,Autumn,Q2,false,1148.7
846,June,2091,Winter,Q2,false,1782.6
847,July,2091,Winter,Q3,false,8558.7
848,August,2091,Winter,Q3,false,3764.7
849,September,2091,Spring,Q3,false,9721.7
850,October,2091,Spring,Q4,false,8551.4
851,November,2091,Spring,Q4,false,6820.1
852,December,2091,Summer,Q4,true,7594.6
853,January,2092,Summer,Q1,true,4201.6
854,February,2092,Summer,Q1,false,9831.0
855,March,2092,Autumn,Q1,false,1047.1
856,April,2092,Autumn,Q2,false,2740.4
857,May,2092,Autumn,Q2,false,4931.0
858,June,2092,Winter,Q2,false,5802.5
859,July,2092,Winter,Q3,false,9214.2
860,August,2092,Winter,Q3,false,7321.4
861,September,2092,Spring,Q3,false,4341.4
862,October,2092,Spring,Q4,false,5516.4
863,November,2092,Spring,Q4,false,8622.4
864,December,2092,Summer,Q4,true,5768.8
865,January,2093,Summer,Q1,true,2699.6
866,February,2093,Summer,Q1,false,6905.4
867,March,2093,Autumn,Q1,false,4568.7
868,April,2093,Autumn,Q2,false,2309.8
869,May,2093,Autumn,Q2,false,5924.9
870,June,2093,Winter,Q2,false,7047.9
871,July,2093,Winter,Q3,false,6359.2
872,August,2093,Winter,Q3,false,8745.6
873,September,2093,Spring,Q3,false,3619.9
874,October,2093,Spring,Q4,false,4447.2
875,November,2093,Spring,Q4,false,3122.8
876,December,2093,Summer,Q4,true,1974.3
877,January,2094,Summer,Q1,true,8203.9
878,February,2094,Summer,Q1,false,3586.9
879,March,2094,Autumn,Q1,false,933.6
880,April,2094,Autumn,Q2,false,1903.4
881,May,2094,Autumn,Q2,false,7762.2
882,June,2094,Winter,Q2,false,4764.6
883,July,2094,Winter,Q3,false,3650.9
884,August,2094,Winter,Q3,false,3100.8
885,September,2094,Spring,Q3,false,6450.9
886,October,2094,Spring,Q4,false,9886.2
887,November,2094,Spring,Q4,false,4910.0
888,December,2094,Summer,Q4,true,4925.9
889,January,2095,Summer,Q1,true,795.5
890,February,2095,Summer,Q1,false,3559.0
891,March,2095,Autumn,Q1,false,8684.1
892,April,2095,Autumn,Q2,false,232.8
893,May,2095,Autumn,Q2,false,8164.1
894,June,2095,Winter,Q2,false,3317.9
895,July,2095,Winter,Q3,false,5527.7
896,August,2095,Winter,Q3,false,3091.0
897,September,2095,Spring,Q3,false,6260.7
898,October,2095,Spring,Q4,false,1559.4
899,November,2095,Spring,Q4,false,4751.2
900,December,2095,Summer,Q4,true,5091.1
901,January,2096,Summer,Q1,true,6510.2
902,February,2096,Summer,Q1,false,5306.9
903,March,2096,Autumn,Q1,false,7651.0
904,April,2096,Autumn,Q2,false,3163.6
905,May,2096,Autumn,Q2,false,4795.5
906,June,2096,Winter,Q2,false,335.4
907,July,2096,Winter,Q3,false,4542.7
908,August,2096,Winter,Q3,false,3787.1
909,September,2096,Spring,Q3,false,9351.2
910,October,2096,Spring,Q4,false,8296.2
911,November,2096,Spring,Q4,false,5015.5
912,December,2096,Summer,Q4,true,5840.7
913,January,2097,Summer,Q1,true,9736.1
914,February,2097,Summer,Q1,false,7331.2
915,March,2097,Autumn,Q1,false,6698.2
916,April,2097,Autumn,Q2,false,5792.1
917,May,2097,Autumn,Q2,false,4105.5
918,June,2097,Winter,Q2,false,9988.3
919,July,2097,Winter,Q3,false,6853.8
920,August,2097,Winter,Q3,false,9433.3
921,September,2097,Spring,Q3,false,8542.3
922,October,2097,Spring,Q4,false,3066.8
923,November,2097,Spring,Q4,false,3209.3
924,December,2097,Summer,Q4,true,4741.7
925,January,2098,Summer,Q1,true,9286.8
926,February,2098,Summer,Q1,false,5172.0
927,March,2098,Autumn,Q1,false,6774.8
928,April,2098,Autumn,Q2,false,1389.0
929,May,2098,Autumn,Q2,false,543.9
930,June,2098,Winter,Q2,false,6274.6
931,July,2098,Winter,Q3,false,7709.4
932,August,2098,Winter,Q3,false,173.7
933,September,2098,Spring,Q3,false,3329.6
934,October,2098,Spring,Q4,false,4075.0
935,November,2098,Spring,Q4,false,8448.2
936,December,2098,Summer,Q4,true,6676.5
937,January,2099,Summer,Q1,true,5200.4
938,February,2099,Summer,Q1,false,5894.6
939,March,2099,Autumn,Q1,false,6316.5
940,April,2099,Autumn,Q2,false,7528.3
941,May,2099,Autumn,Q2,false,6496.3
942,June,2099,Winter,Q2,false,2272.4
943,July,2099,Winter,Q3,false,7408.3
944,August,2099,Winter,Q3,false,5442.3
945,September,2099,Spring,Q3,false,2386.3
946,October,2099,Spring,Q4,false,7495.0
947,November,2099,Spring,Q4,false,2744.9
948,December,2099,Summer,Q4,true,4191.2
949,January,2100,Summer,Q1,true,9521.7
950,February,2100,Summer,Q1,false,5491.8
951,March,2100,Autumn,Q1,false,3721.8
952,April,2100,Autumn,Q2,false,8401.8
953,May,2100,Autumn,Q2,false,7584.5
954,June,2100,Winter,Q2,false,1098.4
955,July,2100,Winter,Q3,false,4259.9
956,August,2100,Winter,Q3,false,4772.6
957,September,2100,Spring,Q3,false,6839.9
958,October,2100,Spring,Q4,false,4285.7
959,November,2100,Spring,Q4,false,7584.5
960,December,2100,Summer,Q4,true,350.5
961,January,2101,Summer,Q1,true,4953.8
962,February,2101,Summer,Q1,false,7761.3
963,March,2101,Autumn,Q1,false,48.3
964,April,2101,Autumn,Q2,false,3665.9
965,May,2101,Autumn,Q2,false,4705.2
966,June,2101,Winter,Q2,false,9061.8
967,July,2101,Winter,Q3,false,8513.7
968,August,2101,Winter,Q3,false,4109.8
969,September,2101,Spring,Q3,false,8901.8
970,October,2101,Spring,Q4,false,9054.9
971,November,2101,Spring,Q4,false,3948.2
972,December,2101,Summer,Q4,true,5455.5
973,January,2102,Summer,Q1,true,9703.8
974,February,2102,Summer,Q1,false,3353.9
975,March,2102,Autumn,Q1,false,7215.8
976,April,2102,Autumn,Q2,false,8264.5
977,May,2102,Autumn,Q2,false,6062.4
978,June,2102,Winter,Q2,false,865.1
979,July,2102,Winter,Q3,false,4923.6
980,August,2102,Winter,Q3,false,8150.1
981,September,2102,Spring,Q3,false,5917.5
982,October,2102,Spring,Q4,false,7995.6
983,November,2102,Spring,Q4,false,9662.5
984,December,2102,Summer,Q4,true,6594.7
985,January,2103,Summer,Q1,true,6031.5
986,February,2103,Summer,Q1,false,9101.8
987,March,2103,Autumn,Q1,false,2878.1
988,April,2103,Autumn,Q2,false,302.7
989,May,2103,Autumn,Q2,false,5966.2
990,June,2103,Winter,Q2,false,3552.8
991,July,2103,Winter,Q3,false,5050.2
992,August,2103,Winter,Q3,false,3581.2
993,September,2103,Spring,Q3,false,6040.3
994,October,2103,Spring,Q4,false,3591.7
995,November,2103,Spring,Q4,false,5252.8
996,December,2103,Summer,Q4,true,8172.3
997,January,2104,Summer,Q1,true,4656.9
998,February,2104,Summer,Q1,false,5639.4
999,March,2104,Autumn,Q1,false,8985.2
1000,April,2104,Autumn,Q2,false,2616.5
