uuid,Employee Name,Department,Visit_Date,Entry_time,Exit_time,Purpose of Visit,Day of Week
66687e6bfc13ae4ed5234936,Chrysa Scemp,Marketing,2024-05-07,6:36,14:53,Work,Tuesday
66687e6bfc13ae4ed5234937,Abie Starbuck,Engineering,2024-01-03,7:19,14:00,Client Visit,Wednesday
66687e6bfc13ae4ed5234938,Bay Chuter,Sales,2024-10-04,9:23,16:21,Meeting,Friday
66687e6bfc13ae4ed5234939,Fanya Kruschov,Accounting,2024-02-04,7:09,14:42,Meeting,Sunday
66687e6bfc13ae4ed523493a,Tod Troman,Training,2024-02-04,8:14,14:24,Work,Sunday
66687e6bfc13ae4ed523493b,Mindy Charles,Training,2024-09-06,6:09,15:38,Training,Friday
66687e6bfc13ae4ed523493c,Berenice Manginot,Product Management,2024-01-04,8:43,16:21,Work,Thursday
66687e6bfc13ae4ed523493d,Rutherford Barnett,Training,2024-08-07,6:24,17:43,Meeting,Wednesday
66687e6bfc13ae4ed523493e,Roselia Labb,Services,2024-07-07,7:54,16:14,Work,Sunday
66687e6bfc13ae4ed523493f,Rheta Nyland,Sales,2024-01-01,7:55,17:41,Work,Monday
66687e6bfc13ae4ed5234940,Noach Brooker,Training,2024-09-03,6:46,15:07,Work,Tuesday
66687e6bfc13ae4ed5234941,Shara Lewisham,Accounting,2024-12-05,6:30,16:55,Work,Thursday
66687e6bfc13ae4ed5234942,Elmo Springthorpe,Product Management,2024-12-06,6:40,15:22,Client Visit,Friday
66687e6bfc13ae4ed5234943,Stacy Greaser,Research and Development,2024-04-07,6:28,16:35,Work,Sunday
66687e6bfc13ae4ed5234944,Winny Cuesta,Engineering,2024-10-03,6:58,17:18,Work,Thursday
66687e6bfc13ae4ed5234945,Sheelagh Endrici,Legal,2024-09-04,9:58,17:38,Work,Wednesday
66687e6bfc13ae4ed5234946,Dix Ricards,Accounting,2024-04-01,9:36,16:56,Training,Monday
66687e6bfc13ae4ed5234947,Timmy Shovelin,Human Resources,2024-10-03,8:14,17:56,Training,Thursday
66687e6bfc13ae4ed5234948,Robinia Stoves,Product Management,2024-03-04,9:53,17:32,Training,Monday
66687e6bfc13ae4ed5234949,Gabriella Stansfield,Marketing,2024-02-04,9:24,15:14,Work,Sunday
66687e6bfc13ae4ed523494a,Desdemona Wardel,Business Development,2024-12-06,7:05,16:27,Work,Friday
66687e6bfc13ae4ed523494b,Averyl Cristofori,Legal,2024-12-04,6:30,14:47,Work,Wednesday
66687e6bfc13ae4ed523494c,Rhodie Ivanchenkov,Support,2024-07-02,7:53,17:37,Work,Tuesday
66687e6bfc13ae4ed523494d,Findley Chavrin,Marketing,2024-03-02,8:24,16:04,Training,Saturday
66687e6bfc13ae4ed523494e,Glennie Glabach,Training,2024-09-05,7:00,15:25,Meeting,Thursday
66687e6bfc13ae4ed523494f,Mercie Audibert,Services,2024-09-03,9:00,17:51,Work,Tuesday
66687e6bfc13ae4ed5234950,Dana Robardet,Training,2024-07-03,7:18,15:45,Meeting,Wednesday
66687e6bfc13ae4ed5234951,Vivian Graveston,Accounting,2024-12-02,6:18,17:01,Work,Monday
66687e6bfc13ae4ed5234952,Elizabet Petrushkevich,Legal,2024-11-03,8:08,16:20,Work,Sunday
66687e6bfc13ae4ed5234953,Brendin Liffe,Services,2024-09-05,7:01,14:29,Work,Thursday
66687e6bfc13ae4ed5234954,Saleem Schwandermann,Training,2024-07-07,9:12,17:55,Meeting,Sunday
66687e6bfc13ae4ed5234955,Zebedee Shellsheere,Product Management,2024-08-01,6:01,17:30,Client Visit,Thursday
66687e6bfc13ae4ed5234956,Ally Marlen,Legal,2024-12-01,6:28,17:53,Work,Sunday
66687e6bfc13ae4ed5234957,Dare Behagg,Sales,2024-06-02,7:33,17:40,Work,Sunday
66687e6bfc13ae4ed5234958,Wes Miranda,Human Resources,2024-06-03,6:24,16:55,Work,Monday
66687e6bfc13ae4ed5234959,Almira Lyford,Legal,2024-03-01,9:18,15:23,Work,Friday
66687e6bfc13ae4ed523495a,Sigfried Atger,Product Management,2024-10-03,9:00,14:40,Work,Thursday
66687e6bfc13ae4ed523495b,Albertina Tarzey,Marketing,2024-02-04,6:06,16:03,Meeting,Sunday
66687e6bfc13ae4ed523495c,Edee Shippard,Human Resources,2024-09-02,8:20,14:18,Training,Monday
66687e6bfc13ae4ed523495d,Anna Sumption,Product Management,2024-07-01,7:28,16:47,Client Visit,Monday
66687e6bfc13ae4ed523495e,Giavani Everex,Engineering,2024-11-04,7:25,16:37,Training,Monday
66687e6bfc13ae4ed523495f,Sheba Zambon,Product Management,2024-01-02,9:17,16:36,Work,Tuesday
66687e6bfc13ae4ed5234960,Abbye Causer,Engineering,2024-02-06,8:24,16:11,Meeting,Tuesday
66687e6bfc13ae4ed5234961,Rube de Chastelain,Engineering,2024-05-07,8:48,15:14,Work,Tuesday
66687e6bfc13ae4ed5234962,Tabbatha Hakking,Sales,2024-11-05,8:07,14:40,Work,Tuesday
66687e6bfc13ae4ed5234963,Lucais Beament,Training,2024-05-04,7:59,17:09,Meeting,Saturday
66687e6bfc13ae4ed5234964,Tera Gonsalvez,Sales,2024-11-02,7:00,14:35,Work,Saturday
66687e6bfc13ae4ed5234965,Gillan Babonau,Legal,2024-08-01,6:42,15:10,Training,Thursday
66687e6bfc13ae4ed5234966,Dunn Martinon,Training,2024-11-04,6:49,15:06,Work,Monday
66687e6bfc13ae4ed5234967,Giustina Rootham,Research and Development,2024-06-07,9:45,14:26,Work,Friday
66687e6bfc13ae4ed5234968,Kyrstin Sammons,Marketing,2024-11-01,7:17,17:16,Training,Friday
66687e6bfc13ae4ed5234969,Margery Jendrassik,Support,2024-11-03,6:22,16:36,Meeting,Sunday
66687e6bfc13ae4ed523496a,Mikey Leeder,Support,2024-07-02,8:24,16:58,Work,Tuesday
66687e6bfc13ae4ed523496b,Gradeigh Avrahamoff,Business Development,2024-04-05,8:25,17:00,Work,Friday
66687e6bfc13ae4ed523496c,Emmeline Butland,Accounting,2024-09-03,6:22,14:44,Work,Tuesday
66687e6bfc13ae4ed523496d,Giovanna Goodoune,Engineering,2024-01-01,9:33,16:54,Work,Monday
66687e6bfc13ae4ed523496e,See Sogg,Product Management,2024-10-01,6:16,16:29,Training,Tuesday
66687e6bfc13ae4ed523496f,Dianemarie Yakovlev,Services,2024-05-05,6:07,15:08,Meeting,Sunday
66687e6bfc13ae4ed5234970,Coreen Bumpass,Training,2024-01-01,6:11,16:17,Meeting,Monday
66687e6bfc13ae4ed5234971,Hans Aspinal,Human Resources,2024-07-03,7:59,16:35,Meeting,Wednesday
66687e6bfc13ae4ed5234972,Standford Pfertner,Legal,2024-11-04,7:37,14:31,Work,Monday
66687e6bfc13ae4ed5234973,Everett Ponceford,Marketing,2024-09-02,8:47,14:23,Work,Monday
66687e6bfc13ae4ed5234974,Dyane Whitmore,Business Development,2024-11-04,9:51,16:48,Training,Monday
66687e6bfc13ae4ed5234975,Elle Trayte,Human Resources,2024-05-03,9:29,15:37,Client Visit,Friday
66687e6bfc13ae4ed5234976,Delora Challenor,Accounting,2024-09-04,9:29,15:47,Training,Wednesday
66687e6bfc13ae4ed5234977,Constance Pilsworth,Human Resources,2024-08-01,9:47,16:08,Work,Thursday
66687e6bfc13ae4ed5234978,Dmitri Hort,Product Management,2024-01-04,6:05,17:41,Client Visit,Thursday
66687e6bfc13ae4ed5234979,Janie Garfit,Marketing,2024-10-06,8:12,16:35,Training,Sunday
66687e6bfc13ae4ed523497a,Felecia Sagg,Services,2024-01-04,7:42,14:23,Work,Thursday
66687e6bfc13ae4ed523497b,Madel Lavery,Services,2024-02-07,7:48,17:15,Work,Wednesday
66687e6bfc13ae4ed523497c,Peyter Minnis,Marketing,2024-06-05,8:54,15:34,Client Visit,Wednesday
66687e6bfc13ae4ed523497d,Lauraine Sandilands,Support,2024-01-07,9:54,14:06,Client Visit,Sunday
66687e6bfc13ae4ed523497e,Rodie Sink,Sales,2024-11-06,9:28,17:41,Work,Wednesday
66687e6bfc13ae4ed523497f,Moore Rathborne,Marketing,2024-06-05,6:54,17:46,Meeting,Wednesday
66687e6bfc13ae4ed5234980,Demetris Coard,Support,2024-02-01,8:47,15:14,Training,Thursday
66687e6bfc13ae4ed5234981,Dionysus Pecey,Product Management,2024-11-02,8:01,16:41,Work,Saturday
66687e6bfc13ae4ed5234982,Verine Looney,Research and Development,2024-07-05,9:31,15:15,Client Visit,Friday
66687e6bfc13ae4ed5234983,Alexandr Crutcher,Accounting,2024-12-05,6:42,17:27,Work,Thursday
66687e6bfc13ae4ed5234984,Yankee Le Page,Product Management,2024-07-04,8:53,17:32,Training,Thursday
66687e6bfc13ae4ed5234985,Joy Wison,Business Development,2024-07-07,6:21,15:15,Client Visit,Sunday
66687e6bfc13ae4ed5234986,Lew Kernley,Product Management,2024-10-01,6:23,17:16,Training,Tuesday
66687e6bfc13ae4ed5234987,Lorie Liccardi,Business Development,2024-10-05,7:43,16:01,Training,Saturday
66687e6bfc13ae4ed5234988,Raf Beckers,Accounting,2024-09-07,7:41,17:16,Training,Saturday
66687e6bfc13ae4ed5234989,Fidelia Claw,Business Development,2024-09-02,6:06,16:29,Meeting,Monday
66687e6bfc13ae4ed523498a,Lee Nowill,Legal,2024-07-06,9:27,15:15,Client Visit,Saturday
66687e6bfc13ae4ed523498b,Ronnie Hardaway,Human Resources,2024-09-05,8:50,17:14,Meeting,Thursday
66687e6bfc13ae4ed523498c,Virgie Cluley,Product Management,2024-06-02,9:06,17:46,Work,Sunday
66687e6bfc13ae4ed523498d,Rod Otson,Sales,2024-06-05,9:18,15:15,Work,Wednesday
66687e6bfc13ae4ed523498e,Paulina Whate,Training,2024-12-01,8:28,16:52,Training,Sunday
66687e6bfc13ae4ed523498f,Hilary Langlands,Engineering,2024-09-04,9:08,17:59,Training,Wednesday
66687e6bfc13ae4ed5234990,Roth Morriarty,Marketing,2024-09-01,9:53,17:50,Client Visit,Sunday
66687e6bfc13ae4ed5234991,Melissa Begwell,Services,2024-05-01,6:54,14:22,Work,Wednesday
66687e6bfc13ae4ed5234992,Bevon Kiossel,Business Development,2024-01-04,8:27,17:24,Meeting,Thursday
66687e6bfc13ae4ed5234993,Bartolemo Crosswaite,Marketing,2024-01-02,8:39,16:05,Work,Tuesday
66687e6bfc13ae4ed5234994,Brook Peealess,Legal,2024-09-07,8:29,16:43,Work,Saturday
66687e6bfc13ae4ed5234995,Asia Tilmouth,Human Resources,2024-04-06,6:51,16:14,Client Visit,Saturday
66687e6bfc13ae4ed5234996,Brew Jaspar,Services,2024-08-01,8:38,14:02,Work,Thursday
66687e6bfc13ae4ed5234997,Veradis Kolin,Engineering,2024-05-06,7:15,14:43,Meeting,Monday
66687e6bfc13ae4ed5234998,Giraud Sirman,Product Management,2024-03-07,8:53,17:08,Client Visit,Thursday
66687e6bfc13ae4ed5234999,Griffith Doughty,Accounting,2024-04-03,6:09,14:45,Training,Wednesday
66687e6bfc13ae4ed523499a,Tanya Rudolfer,Sales,2024-11-03,7:38,17:09,Meeting,Sunday
66687e6bfc13ae4ed523499b,Chancey Dumbelton,Legal,2024-04-01,7:37,17:23,Training,Monday
66687e6bfc13ae4ed523499c,Dewain D'Agostini,Human Resources,2024-12-06,6:24,14:05,Training,Friday
66687e6bfc13ae4ed523499d,Balduin Planks,Legal,2024-12-02,9:21,16:11,Work,Monday
66687e6bfc13ae4ed523499e,Michale Formigli,Product Management,2024-05-04,9:02,15:38,Meeting,Saturday
66687e6bfc13ae4ed523499f,Opaline Tomaszek,Legal,2024-07-02,7:53,15:57,Training,Tuesday
66687e6bfc13ae4ed52349a0,Joby Colombier,Training,2024-06-01,7:57,14:15,Meeting,Saturday
66687e6bfc13ae4ed52349a1,Manya O'Henehan,Support,2024-04-07,8:23,15:21,Meeting,Sunday
66687e6bfc13ae4ed52349a2,Avie Hove,Engineering,2024-12-07,9:28,14:02,Work,Saturday
66687e6bfc13ae4ed52349a3,Octavia Harrod,Services,2024-06-05,6:13,17:15,Work,Wednesday
66687e6bfc13ae4ed52349a4,Tan Elmore,Legal,2024-05-07,9:42,17:11,Work,Tuesday
66687e6bfc13ae4ed52349a5,Carmina Spelman,Research and Development,2024-10-06,6:39,16:54,Client Visit,Sunday
66687e6bfc13ae4ed52349a6,Hana Hyndman,Research and Development,2024-10-01,8:58,17:08,Training,Tuesday
66687e6bfc13ae4ed52349a7,Barret Klugel,Human Resources,2024-05-07,8:47,17:25,Training,Tuesday
66687e6bfc13ae4ed52349a8,Bernetta Sargent,Human Resources,2024-04-07,6:12,15:57,Work,Sunday
66687e6bfc13ae4ed52349a9,Belvia Calderon,Services,2024-05-04,6:08,14:25,Work,Saturday
66687e6bfc13ae4ed52349aa,Adelaide Schole,Training,2024-08-02,9:40,15:13,Meeting,Friday
66687e6bfc13ae4ed52349ab,Stanislaus Volage,Business Development,2024-10-03,7:56,14:52,Client Visit,Thursday
66687e6bfc13ae4ed52349ac,Freddi Hallums,Sales,2024-02-03,6:30,16:32,Meeting,Saturday
66687e6bfc13ae4ed52349ad,Adriaens Walrond,Support,2024-05-04,9:43,14:15,Training,Saturday
66687e6bfc13ae4ed52349ae,Nicoli Marvell,Human Resources,2024-06-04,6:08,17:09,Training,Tuesday
66687e6bfc13ae4ed52349af,Georgeanne O' Lone,Training,2024-02-04,9:15,17:19,Client Visit,Sunday
66687e6bfc13ae4ed52349b0,Annamaria Tappor,Support,2024-08-03,6:39,14:16,Meeting,Saturday
66687e6bfc13ae4ed52349b1,Cort Engelbrecht,Research and Development,2024-10-04,8:47,15:59,Work,Friday
66687e6bfc13ae4ed52349b2,Natal Louder,Sales,2024-01-04,9:57,14:58,Work,Thursday
66687e6bfc13ae4ed52349b3,Darin Gross,Sales,2024-05-02,8:03,14:28,Meeting,Thursday
66687e6bfc13ae4ed52349b4,Ely Lewknor,Business Development,2024-06-05,7:24,17:25,Work,Wednesday
66687e6bfc13ae4ed52349b5,Rodge Crichmere,Product Management,2024-02-05,7:32,17:30,Work,Monday
66687e6bfc13ae4ed52349b6,Jase Cortese,Research and Development,2024-11-06,6:41,15:32,Work,Wednesday
66687e6bfc13ae4ed52349b7,Tamqrah Persicke,Services,2024-03-03,8:10,14:29,Client Visit,Sunday
66687e6bfc13ae4ed52349b8,Danna Arundale,Product Management,2024-08-02,9:40,16:28,Training,Friday
66687e6bfc13ae4ed52349b9,Bengt Carlo,Services,2024-05-03,6:12,16:43,Work,Friday
66687e6bfc13ae4ed52349ba,Kristina Maciaszek,Research and Development,2024-01-06,9:28,16:43,Meeting,Saturday
66687e6bfc13ae4ed52349bb,Hobie Pougher,Training,2024-10-03,9:39,15:11,Work,Thursday
66687e6bfc13ae4ed52349bc,Dallon McNysche,Training,2024-09-02,9:22,16:13,Meeting,Monday
66687e6bfc13ae4ed52349bd,Fannie Malins,Product Management,2024-03-01,7:13,15:19,Meeting,Friday
66687e6bfc13ae4ed52349be,Sheilah Vida,Legal,2024-05-07,7:54,16:23,Meeting,Tuesday
66687e6bfc13ae4ed52349bf,Manolo Pittendreigh,Marketing,2024-09-06,8:13,15:14,Client Visit,Friday
66687e6bfc13ae4ed52349c0,Germaine Adriaan,Research and Development,2024-11-06,9:27,17:54,Training,Wednesday
66687e6bfc13ae4ed52349c1,Lissi Hanburry,Services,2024-04-02,6:15,17:32,Work,Tuesday
66687e6bfc13ae4ed52349c2,Darcee Chippin,Human Resources,2024-12-04,7:53,14:48,Meeting,Wednesday
66687e6bfc13ae4ed52349c3,Van Buckner,Human Resources,2024-10-05,9:01,14:10,Training,Saturday
66687e6bfc13ae4ed52349c4,Bobette Larenson,Marketing,2024-07-06,7:29,14:41,Meeting,Saturday
66687e6bfc13ae4ed52349c5,Junia Munton,Legal,2024-12-02,9:55,16:55,Meeting,Monday
66687e6bfc13ae4ed52349c6,Aron Rochford,Support,2024-03-04,9:38,17:17,Training,Monday
66687e6bfc13ae4ed52349c7,Arielle Gilcrist,Accounting,2024-06-01,8:21,16:40,Work,Saturday
66687e6bfc13ae4ed52349c8,Corty Grahl,Services,2024-08-06,6:04,16:18,Meeting,Tuesday
66687e6bfc13ae4ed52349c9,Cynthy Caslin,Marketing,2024-08-01,9:54,15:05,Client Visit,Thursday
66687e6bfc13ae4ed52349ca,Melantha Biskupski,Product Management,2024-04-05,7:13,16:32,Meeting,Friday
66687e6bfc13ae4ed52349cb,Elfrida Grizard,Services,2024-08-05,6:11,17:59,Work,Monday
66687e6bfc13ae4ed52349cc,Brooke Harburtson,Services,2024-02-07,9:59,14:58,Work,Wednesday
66687e6bfc13ae4ed52349cd,Nathanil Dunkerley,Support,2024-02-01,6:58,15:53,Meeting,Thursday
66687e6bfc13ae4ed52349ce,Edouard Madgewick,Business Development,2024-04-03,6:34,16:26,Work,Wednesday
66687e6bfc13ae4ed52349cf,Delcine Ardling,Training,2024-03-05,9:51,17:16,Work,Tuesday
66687e6bfc13ae4ed52349d0,Ignaz Vasin,Engineering,2024-12-04,6:11,16:32,Training,Wednesday
66687e6bfc13ae4ed52349d1,Chiarra Genders,Human Resources,2024-09-05,8:16,14:09,Client Visit,Thursday
66687e6bfc13ae4ed52349d2,Emmanuel Woofendell,Legal,2024-09-03,6:02,15:54,Work,Tuesday
66687e6bfc13ae4ed52349d3,Ariel Spino,Marketing,2024-05-06,7:07,17:48,Training,Monday
66687e6bfc13ae4ed52349d4,Hillard Kleeman,Services,2024-02-06,8:41,16:28,Work,Tuesday
66687e6bfc13ae4ed52349d5,Tris Askell,Engineering,2024-05-07,6:28,16:26,Meeting,Tuesday
66687e6bfc13ae4ed52349d6,Lorrayne Copp,Human Resources,2024-11-07,9:49,14:20,Client Visit,Thursday
66687e6bfc13ae4ed52349d7,Barret Hauch,Research and Development,2024-01-01,7:11,17:49,Meeting,Monday
66687e6bfc13ae4ed52349d8,Leonerd Krammer,Accounting,2024-03-07,7:48,15:17,Work,Thursday
66687e6bfc13ae4ed52349d9,Temp Wigfield,Sales,2024-12-02,6:34,16:55,Work,Monday
66687e6bfc13ae4ed52349da,Kary Drinnan,Training,2024-09-01,8:59,17:03,Work,Sunday
66687e6bfc13ae4ed52349db,Huberto Loynton,Services,2024-06-01,6:32,16:01,Client Visit,Saturday
66687e6bfc13ae4ed52349dc,Joice Landsborough,Legal,2024-01-04,8:27,15:44,Work,Thursday
66687e6bfc13ae4ed52349dd,Ophelia Wrotchford,Research and Development,2024-03-02,7:16,15:06,Work,Saturday
66687e6bfc13ae4ed52349de,Tamarra Byllam,Accounting,2024-05-03,9:35,17:18,Training,Friday
66687e6bfc13ae4ed52349df,Marcile Joel,Services,2024-02-01,7:46,17:00,Meeting,Thursday
66687e6bfc13ae4ed52349e0,Kendricks Buckenham,Legal,2024-04-03,7:55,14:18,Meeting,Wednesday
66687e6bfc13ae4ed52349e1,Roderick Dunseath,Research and Development,2024-05-03,6:00,15:33,Work,Friday
66687e6bfc13ae4ed52349e2,Licha Alwin,Product Management,2024-08-03,9:57,14:32,Meeting,Saturday
66687e6bfc13ae4ed52349e3,Jammal Tilne,Human Resources,2024-09-03,6:22,17:12,Work,Tuesday
66687e6bfc13ae4ed52349e4,Terrye Coat,Training,2024-02-04,9:04,17:31,Training,Sunday
66687e6bfc13ae4ed52349e5,Ingmar Trendle,Legal,2024-06-03,7:01,17:12,Meeting,Monday
66687e6bfc13ae4ed52349e6,Parrnell Cleaveland,Product Management,2024-02-06,8:10,14:26,Meeting,Tuesday
66687e6bfc13ae4ed52349e7,Natty Stretton,Product Management,2024-07-04,8:40,17:41,Training,Thursday
66687e6bfc13ae4ed52349e8,Kellen Garritley,Marketing,2024-05-03,8:41,17:46,Training,Friday
66687e6bfc13ae4ed52349e9,Amelita Macy,Services,2024-02-07,8:13,17:04,Work,Wednesday
66687e6bfc13ae4ed52349ea,Britney Maltby,Product Management,2024-04-05,8:34,15:07,Work,Friday
66687e6bfc13ae4ed52349eb,Calv Lorenzo,Marketing,2024-05-01,9:22,16:53,Client Visit,Wednesday
66687e6bfc13ae4ed52349ec,Alessandra MacArthur,Support,2024-02-07,9:50,16:42,Work,Wednesday
66687e6bfc13ae4ed52349ed,Howie Whales,Marketing,2024-04-05,6:49,17:15,Meeting,Friday
66687e6bfc13ae4ed52349ee,Lonna Howard,Legal,2024-10-05,9:07,17:37,Work,Saturday
66687e6bfc13ae4ed52349ef,Verne Trumble,Support,2024-01-01,9:28,14:42,Meeting,Monday
66687e6bfc13ae4ed52349f0,Becky Foskett,Marketing,2024-10-07,8:04,14:12,Work,Monday
66687e6bfc13ae4ed52349f1,Bernarr Kunzelmann,Support,2024-05-03,6:40,14:25,Meeting,Friday
66687e6bfc13ae4ed52349f2,Royal Lintott,Accounting,2024-03-05,7:57,14:20,Work,Tuesday
66687e6bfc13ae4ed52349f3,Reider Desforges,Product Management,2024-05-06,8:33,17:15,Work,Monday
66687e6bfc13ae4ed52349f4,Stanislas Lethlay,Engineering,2024-03-05,7:05,14:57,Work,Tuesday
66687e6bfc13ae4ed52349f5,Gaby Greenrod,Services,2024-06-03,6:22,17:26,Work,Monday
66687e6bfc13ae4ed52349f6,Page Attreed,Support,2024-12-07,8:19,15:51,Work,Saturday
66687e6bfc13ae4ed52349f7,Abbi Gloy,Legal,2024-05-03,7:13,17:59,Work,Friday
66687e6bfc13ae4ed52349f8,Dalis Jakel,Sales,2024-03-03,9:24,15:35,Meeting,Sunday
66687e6bfc13ae4ed52349f9,Lurlene Marini,Human Resources,2024-08-04,6:29,14:37,Meeting,Sunday
66687e6bfc13ae4ed52349fa,Jourdain Mantha,Engineering,2024-09-02,8:01,14:31,Training,Monday
66687e6bfc13ae4ed52349fb,Clyde Gavin,Human Resources,2024-10-06,9:54,17:54,Client Visit,Sunday
66687e6bfc13ae4ed52349fc,Lawry Smee,Engineering,2024-09-07,8:54,17:16,Meeting,Saturday
66687e6bfc13ae4ed52349fd,Johann Hendrix,Support,2024-12-05,6:39,16:30,Work,Thursday
66687e6bfc13ae4ed52349fe,Laure Simondson,Product Management,2024-12-02,8:39,17:36,Meeting,Monday
66687e6bfc13ae4ed52349ff,Berry Myrick,Legal,2024-09-01,6:59,16:31,Work,Sunday
66687e6bfc13ae4ed5234a00,Clemence Pieroni,Human Resources,2024-09-02,8:46,16:42,Client Visit,Monday
66687e6bfc13ae4ed5234a01,Yolanthe Rowntree,Marketing,2024-07-02,9:51,17:24,Meeting,Tuesday
66687e6bfc13ae4ed5234a02,Wenonah Blint,Engineering,2024-07-03,8:05,17:14,Training,Wednesday
66687e6bfc13ae4ed5234a03,Ava Callington,Human Resources,2024-11-04,8:25,16:42,Training,Monday
66687e6bfc13ae4ed5234a04,Portia Goulder,Accounting,2024-06-07,6:13,16:00,Training,Friday
66687e6bfc13ae4ed5234a05,Salomone Runnalls,Training,2024-03-01,9:36,17:10,Client Visit,Friday
66687e6bfc13ae4ed5234a06,Giffie Peyro,Services,2024-06-04,7:35,15:59,Meeting,Tuesday
66687e6bfc13ae4ed5234a07,Jodi Apps,Sales,2024-03-06,9:00,17:50,Meeting,Wednesday
66687e6bfc13ae4ed5234a08,Elva Sweet,Support,2024-01-03,7:17,17:26,Training,Wednesday
66687e6bfc13ae4ed5234a09,Henri Elt,Services,2024-09-05,8:10,16:02,Training,Thursday
66687e6bfc13ae4ed5234a0a,Grace Drohane,Training,2024-05-02,8:17,14:22,Work,Thursday
66687e6bfc13ae4ed5234a0b,Haroun Creddon,Services,2024-11-01,8:30,14:21,Client Visit,Friday
66687e6bfc13ae4ed5234a0c,Mohandis Mitham,Support,2024-08-05,7:04,15:19,Meeting,Monday
66687e6bfc13ae4ed5234a0d,Farr Landell,Research and Development,2024-11-04,7:58,15:15,Work,Monday
66687e6bfc13ae4ed5234a0e,Mattias Jaquemar,Legal,2024-10-03,6:23,14:20,Training,Thursday
66687e6bfc13ae4ed5234a0f,Syd Twidle,Human Resources,2024-08-05,9:55,16:36,Work,Monday
66687e6bfc13ae4ed5234a10,Steffi Dainter,Human Resources,2024-06-07,9:19,14:21,Meeting,Friday
66687e6bfc13ae4ed5234a11,Alena Farfolomeev,Services,2024-04-06,8:46,17:30,Work,Saturday
66687e6bfc13ae4ed5234a12,Jasen Radley,Legal,2024-07-01,8:00,15:14,Work,Monday
66687e6bfc13ae4ed5234a13,Blakelee Agates,Marketing,2024-11-06,9:04,16:42,Client Visit,Wednesday
66687e6bfc13ae4ed5234a14,Rorke Jacketts,Research and Development,2024-04-07,7:23,15:25,Client Visit,Sunday
66687e6bfc13ae4ed5234a15,Dalton Govett,Research and Development,2024-09-07,7:27,15:38,Work,Saturday
66687e6bfc13ae4ed5234a16,Sholom Woodford,Sales,2024-08-03,6:44,16:00,Training,Saturday
66687e6bfc13ae4ed5234a17,Abelard Condon,Research and Development,2024-04-03,6:43,17:10,Client Visit,Wednesday
66687e6bfc13ae4ed5234a18,Theodoric Vasechkin,Research and Development,2024-07-02,8:24,16:17,Work,Tuesday
66687e6bfc13ae4ed5234a19,Idell Hincham,Services,2024-01-02,9:55,16:40,Work,Tuesday
66687e6bfc13ae4ed5234a1a,Derick Hardie,Accounting,2024-03-01,9:41,14:15,Work,Friday
66687e6bfc13ae4ed5234a1b,Goldi Maltster,Sales,2024-02-02,9:33,16:37,Training,Friday
66687e6bfc13ae4ed5234a1c,Leela Cranch,Services,2024-08-01,9:42,16:27,Meeting,Thursday
66687e6bfc13ae4ed5234a1d,Glynis Dodshon,Research and Development,2024-04-02,8:37,15:09,Training,Tuesday
66687e6bfc13ae4ed5234a1e,Ban Skone,Human Resources,2024-03-04,8:38,15:37,Work,Monday
66687e6bfc13ae4ed5234a1f,Kennith Landall,Support,2024-03-02,6:10,14:25,Work,Saturday
66687e6bfc13ae4ed5234a20,Essa Aucott,Marketing,2024-07-02,9:45,16:10,Work,Tuesday
66687e6bfc13ae4ed5234a21,Eugene Blastock,Services,2024-11-05,6:17,16:31,Work,Tuesday
66687e6bfc13ae4ed5234a22,Benedicta Merck,Research and Development,2024-01-02,9:35,17:47,Work,Tuesday
66687e6bfc13ae4ed5234a23,Meredith Tuxwell,Engineering,2024-12-07,6:43,14:57,Work,Saturday
66687e6bfc13ae4ed5234a24,Brod Hoogendorp,Accounting,2024-08-01,6:39,15:40,Meeting,Thursday
66687e6bfc13ae4ed5234a25,Dermot Curbishley,Marketing,2024-02-06,7:32,16:03,Meeting,Tuesday
66687e6bfc13ae4ed5234a26,Jsandye Nekrews,Sales,2024-02-05,9:03,15:20,Meeting,Monday
66687e6bfc13ae4ed5234a27,Phelia De Angelo,Marketing,2024-05-05,8:09,17:25,Client Visit,Sunday
66687e6bfc13ae4ed5234a28,Thibaut Antosch,Services,2024-07-04,7:23,15:03,Training,Thursday
66687e6bfc13ae4ed5234a29,Bobinette Goulbourn,Accounting,2024-05-03,7:10,17:48,Meeting,Friday
66687e6bfc13ae4ed5234a2a,Lyman Daily,Research and Development,2024-07-02,8:38,15:23,Client Visit,Tuesday
66687e6bfc13ae4ed5234a2b,Nicolais Orteau,Business Development,2024-07-04,6:54,14:09,Work,Thursday
66687e6bfc13ae4ed5234a2c,Torrey Baglan,Product Management,2024-07-03,7:41,14:40,Meeting,Wednesday
66687e6bfc13ae4ed5234a2d,Ewart Heeps,Research and Development,2024-02-06,6:21,17:01,Training,Tuesday
66687e6bfc13ae4ed5234a2e,Laurent Howells,Product Management,2024-04-04,8:45,14:03,Client Visit,Thursday
66687e6bfc13ae4ed5234a2f,Katusha Rustan,Marketing,2024-11-01,6:06,15:02,Training,Friday
66687e6bfc13ae4ed5234a30,Flinn Roe,Sales,2024-11-01,9:41,17:36,Meeting,Friday
66687e6bfc13ae4ed5234a31,Mella Devanney,Legal,2024-04-01,9:50,16:54,Meeting,Monday
66687e6bfc13ae4ed5234a32,Lanny Karlolczak,Accounting,2024-03-06,8:03,14:20,Client Visit,Wednesday
66687e6bfc13ae4ed5234a33,Chaddie Ramas,Accounting,2024-11-07,7:06,17:01,Training,Thursday
66687e6bfc13ae4ed5234a34,Noemi Greenhall,Services,2024-10-01,8:27,15:35,Work,Tuesday
66687e6bfc13ae4ed5234a35,Arny Graalmans,Engineering,2024-12-06,9:39,14:03,Work,Friday
66687e6bfc13ae4ed5234a36,Gaultiero Mannooch,Legal,2024-05-05,7:57,15:33,Work,Sunday
66687e6bfc13ae4ed5234a37,Alphonso Orchart,Accounting,2024-09-03,8:53,15:23,Client Visit,Tuesday
66687e6bfc13ae4ed5234a38,Dulcia Heliet,Legal,2024-03-06,8:43,15:24,Meeting,Wednesday
66687e6bfc13ae4ed5234a39,Miguela Weaben,Training,2024-11-02,8:03,14:32,Client Visit,Saturday
66687e6bfc13ae4ed5234a3a,Kamillah Uman,Research and Development,2024-03-03,7:19,14:13,Work,Sunday
66687e6bfc13ae4ed5234a3b,Devonna Stow,Engineering,2024-02-04,6:38,16:45,Work,Sunday
66687e6bfc13ae4ed5234a3c,Janine Beeby,Training,2024-08-07,7:32,17:41,Meeting,Wednesday
66687e6bfc13ae4ed5234a3d,Raynell O'Finan,Support,2024-07-07,7:01,17:26,Work,Sunday
66687e6bfc13ae4ed5234a3e,Marijo Belliss,Support,2024-09-01,6:07,14:29,Training,Sunday
66687e6bfc13ae4ed5234a3f,Tedd Korfmann,Support,2024-03-07,6:05,16:25,Client Visit,Thursday
66687e6bfc13ae4ed5234a40,Sean Mewes,Product Management,2024-09-01,7:02,16:10,Work,Sunday
66687e6bfc13ae4ed5234a41,Brunhilde Flanders,Training,2024-01-04,6:53,16:15,Client Visit,Thursday
66687e6bfc13ae4ed5234a42,Heinrick Teasey,Legal,2024-06-05,9:27,16:47,Work,Wednesday
66687e6bfc13ae4ed5234a43,Waite Glenwright,Training,2024-04-03,6:51,17:44,Work,Wednesday
66687e6bfc13ae4ed5234a44,Klarika Smieton,Product Management,2024-08-02,7:12,14:40,Work,Friday
66687e6bfc13ae4ed5234a45,Kaila Tyer,Marketing,2024-08-02,8:45,16:32,Client Visit,Friday
66687e6bfc13ae4ed5234a46,Pauly Santarelli,Engineering,2024-04-04,7:20,14:14,Meeting,Thursday
66687e6bfc13ae4ed5234a47,Korney Pinhorn,Research and Development,2024-07-04,9:12,17:33,Training,Thursday
66687e6bfc13ae4ed5234a48,Ashbey Dilliway,Legal,2024-10-01,9:59,15:39,Work,Tuesday
66687e6bfc13ae4ed5234a49,Ban Harvison,Product Management,2024-08-05,6:47,17:06,Meeting,Monday
66687e6bfc13ae4ed5234a4a,Gianni Vanne,Sales,2024-09-02,9:47,16:51,Meeting,Monday
66687e6bfc13ae4ed5234a4b,Nanine Reace,Services,2024-10-02,8:03,15:27,Meeting,Wednesday
66687e6bfc13ae4ed5234a4c,Juanita Chafer,Accounting,2024-10-02,8:46,14:24,Training,Wednesday
66687e6bfc13ae4ed5234a4d,Stanford Hallin,Services,2024-02-02,8:52,15:41,Work,Friday
66687e6bfc13ae4ed5234a4e,Nannie Rowell,Human Resources,2024-09-03,6:03,14:57,Meeting,Tuesday
66687e6bfc13ae4ed5234a4f,Daren Anelay,Services,2024-07-01,6:51,17:37,Work,Monday
66687e6bfc13ae4ed5234a50,Bertine Cheese,Training,2024-09-02,6:04,15:37,Training,Monday
66687e6bfc13ae4ed5234a51,Joane Gabbitas,Support,2024-09-05,7:53,16:12,Work,Thursday
66687e6bfc13ae4ed5234a52,Maxie Pentelow,Business Development,2024-11-06,8:34,17:59,Work,Wednesday
66687e6bfc13ae4ed5234a53,Valli Lutsch,Research and Development,2024-05-01,6:40,17:05,Training,Wednesday
66687e6bfc13ae4ed5234a54,Honoria Madden,Marketing,2024-07-05,7:38,14:27,Work,Friday
66687e6bfc13ae4ed5234a55,Catriona Pantry,Product Management,2024-05-02,9:28,16:22,Client Visit,Thursday
66687e6bfc13ae4ed5234a56,Roddy Fontell,Product Management,2024-05-05,9:27,17:50,Client Visit,Sunday
66687e6bfc13ae4ed5234a57,Bartholomew Tollet,Engineering,2024-08-01,7:33,17:20,Training,Thursday
66687e6bfc13ae4ed5234a58,Joleen Vidler,Accounting,2024-04-07,7:41,16:35,Work,Sunday
66687e6bfc13ae4ed5234a59,Danila Webberley,Services,2024-02-01,6:08,16:10,Training,Thursday
66687e6bfc13ae4ed5234a5a,Judye Ghelarducci,Engineering,2024-12-05,9:41,14:25,Work,Thursday
66687e6bfc13ae4ed5234a5b,Bessie Dobrovolski,Product Management,2024-07-01,7:25,14:50,Work,Monday
66687e6bfc13ae4ed5234a5c,Keely Zieme,Marketing,2024-12-04,7:54,15:17,Training,Wednesday
66687e6bfc13ae4ed5234a5d,Ephraim Schuelcke,Research and Development,2024-05-07,8:46,17:42,Work,Tuesday
66687e6bfc13ae4ed5234a5e,Stace Say,Legal,2024-05-04,8:46,16:22,Training,Saturday
66687e6bfc13ae4ed5234a5f,Marwin Tatlowe,Human Resources,2024-12-04,8:10,15:04,Training,Wednesday
66687e6bfc13ae4ed5234a60,Janaya Yglesias,Legal,2024-12-05,6:47,14:26,Work,Thursday
66687e6bfc13ae4ed5234a61,Henrietta McIlharga,Training,2024-03-05,6:13,16:45,Training,Tuesday
66687e6bfc13ae4ed5234a62,Mehetabel Tidd,Support,2024-05-07,9:45,14:43,Work,Tuesday
66687e6bfc13ae4ed5234a63,Almeta Peaurt,Business Development,2024-06-07,6:18,14:48,Client Visit,Friday
66687e6bfc13ae4ed5234a64,Boniface Sissel,Business Development,2024-08-01,6:18,14:11,Work,Thursday
66687e6bfc13ae4ed5234a65,Dallas Valentinetti,Accounting,2024-12-04,8:42,16:08,Client Visit,Wednesday
66687e6bfc13ae4ed5234a66,Homere Autin,Legal,2024-11-05,7:28,17:17,Meeting,Tuesday
66687e6bfc13ae4ed5234a67,Mendel Goddard,Support,2024-11-02,9:46,14:22,Work,Saturday
66687e6bfc13ae4ed5234a68,Inesita Stickel,Engineering,2024-01-07,6:54,16:38,Meeting,Sunday
66687e6bfc13ae4ed5234a69,Michelle Gregoletti,Accounting,2024-07-02,8:18,17:26,Meeting,Tuesday
66687e6bfc13ae4ed5234a6a,Brina Hegden,Accounting,2024-09-05,6:40,14:27,Work,Thursday
66687e6bfc13ae4ed5234a6b,Niki Millen,Legal,2024-07-01,6:35,17:00,Work,Monday
66687e6bfc13ae4ed5234a6c,Willetta Frediani,Engineering,2024-12-03,9:00,14:00,Client Visit,Tuesday
66687e6bfc13ae4ed5234a6d,Caddric Fowles,Legal,2024-08-04,6:51,17:20,Meeting,Sunday
66687e6bfc13ae4ed5234a6e,Melisande O'Geaney,Marketing,2024-07-07,8:27,17:43,Work,Sunday
66687e6bfc13ae4ed5234a6f,Barbara Amburgy,Marketing,2024-11-02,8:45,16:07,Training,Saturday
66687e6bfc13ae4ed5234a70,Marlyn Bramwell,Product Management,2024-09-07,8:23,17:50,Work,Saturday
66687e6bfc13ae4ed5234a71,Bryn Abramcik,Engineering,2024-04-03,8:40,17:04,Meeting,Wednesday
66687e6bfc13ae4ed5234a72,Erin Cleaveland,Product Management,2024-02-07,9:43,14:15,Work,Wednesday
66687e6bfc13ae4ed5234a73,Norbert Grzegorek,Marketing,2024-07-06,9:25,16:34,Training,Saturday
66687e6bfc13ae4ed5234a74,Nevil Staneland,Training,2024-05-06,9:56,15:22,Work,Monday
66687e6bfc13ae4ed5234a75,Morgen Arrow,Legal,2024-03-05,8:37,14:51,Meeting,Tuesday
66687e6bfc13ae4ed5234a76,Brett Maleney,Training,2024-09-03,7:49,17:39,Work,Tuesday
66687e6bfc13ae4ed5234a77,Egon Basnall,Marketing,2024-02-06,9:15,14:35,Work,Tuesday
66687e6bfc13ae4ed5234a78,Aggie Chaloner,Training,2024-12-05,7:34,15:58,Work,Thursday
66687e6bfc13ae4ed5234a79,Della Trott,Sales,2024-06-06,7:19,15:22,Training,Thursday
66687e6bfc13ae4ed5234a7a,Melany O'Cleary,Product Management,2024-01-01,7:41,15:39,Work,Monday
66687e6bfc13ae4ed5234a7b,Fitzgerald Elloit,Product Management,2024-01-04,6:25,17:53,Training,Thursday
66687e6bfc13ae4ed5234a7c,Carlyle MacCrann,Services,2024-06-01,8:31,15:05,Client Visit,Saturday
66687e6bfc13ae4ed5234a7d,Avrom Bontoft,Research and Development,2024-11-06,7:46,16:37,Training,Wednesday
66687e6bfc13ae4ed5234a7e,Patsy Mewburn,Services,2024-05-06,8:37,14:52,Training,Monday
66687e6bfc13ae4ed5234a7f,Nelson Knocker,Product Management,2024-05-03,6:19,14:07,Work,Friday
66687e6bfc13ae4ed5234a80,Sanford Capel,Research and Development,2024-09-06,7:29,16:38,Work,Friday
66687e6bfc13ae4ed5234a81,Deedee Setterfield,Business Development,2024-09-03,9:03,16:43,Work,Tuesday
66687e6bfc13ae4ed5234a82,Doralia Edelston,Engineering,2024-06-04,6:21,16:11,Meeting,Tuesday
66687e6bfc13ae4ed5234a83,Bartram Sharpin,Services,2024-01-01,9:36,15:32,Training,Monday
66687e6bfc13ae4ed5234a84,Freida Reast,Accounting,2024-01-02,7:33,17:33,Work,Tuesday
66687e6bfc13ae4ed5234a85,Barde Aizlewood,Product Management,2024-01-02,6:18,15:59,Meeting,Tuesday
66687e6bfc13ae4ed5234a86,Jennine Doonican,Marketing,2024-09-03,6:09,17:27,Training,Tuesday
66687e6bfc13ae4ed5234a87,Melvyn O' Mahony,Legal,2024-07-06,6:55,15:30,Work,Saturday
66687e6bfc13ae4ed5234a88,Efren Dowsett,Support,2024-11-05,6:46,15:56,Meeting,Tuesday
66687e6bfc13ae4ed5234a89,Artemis Carthew,Sales,2024-04-02,6:34,14:11,Work,Tuesday
66687e6bfc13ae4ed5234a8a,Reynard MacNelly,Human Resources,2024-10-05,9:50,17:06,Work,Saturday
66687e6bfc13ae4ed5234a8b,Jeanna Marc,Engineering,2024-07-01,9:57,16:53,Work,Monday
66687e6bfc13ae4ed5234a8c,Peyton Simester,Support,2024-05-04,9:31,15:15,Work,Saturday
66687e6bfc13ae4ed5234a8d,Lusa Tomasz,Research and Development,2024-12-07,7:08,15:54,Work,Saturday
66687e6bfc13ae4ed5234a8e,Filia Magauran,Marketing,2024-03-07,9:07,17:18,Work,Thursday
66687e6bfc13ae4ed5234a8f,Oberon Staries,Business Development,2024-10-07,8:53,16:29,Work,Monday
66687e6bfc13ae4ed5234a90,Quinlan Croydon,Training,2024-08-02,7:24,17:46,Work,Friday
66687e6bfc13ae4ed5234a91,Prissie Balle,Human Resources,2024-01-04,9:49,15:28,Meeting,Thursday
66687e6bfc13ae4ed5234a92,Martina Ranvoise,Human Resources,2024-10-04,8:46,17:51,Work,Friday
66687e6bfc13ae4ed5234a93,Mara McCurley,Product Management,2024-01-05,9:50,14:51,Work,Friday
66687e6bfc13ae4ed5234a94,Faulkner Steckings,Training,2024-06-05,9:30,14:05,Client Visit,Wednesday
66687e6bfc13ae4ed5234a95,Freddy Jestico,Human Resources,2024-04-06,7:19,14:56,Meeting,Saturday
66687e6bfc13ae4ed5234a96,Ivette Lisett,Legal,2024-06-05,9:27,17:37,Work,Wednesday
66687e6bfc13ae4ed5234a97,Rossie Pentecost,Business Development,2024-12-03,8:10,17:33,Meeting,Tuesday
66687e6bfc13ae4ed5234a98,Baryram Paulson,Business Development,2024-01-04,8:03,14:21,Work,Thursday
66687e6bfc13ae4ed5234a99,Jenny O'Rowane,Sales,2024-06-06,9:33,17:47,Work,Thursday
66687e6bfc13ae4ed5234a9a,Brandy Gronav,Human Resources,2024-07-06,6:12,16:46,Meeting,Saturday
66687e6bfc13ae4ed5234a9b,Fredia Nisbet,Human Resources,2024-09-06,9:13,17:42,Work,Friday
66687e6bfc13ae4ed5234a9c,Yanaton Heatlie,Product Management,2024-12-06,9:07,15:48,Training,Friday
66687e6bfc13ae4ed5234a9d,Barr Gueste,Business Development,2024-03-07,7:33,16:15,Work,Thursday
66687e6bfc13ae4ed5234a9e,Tomkin Kinder,Accounting,2024-10-06,6:08,15:29,Work,Sunday
66687e6bfc13ae4ed5234a9f,Ken Ohm,Research and Development,2024-11-01,6:37,17:24,Meeting,Friday
66687e6bfc13ae4ed5234aa0,Howard Howatt,Accounting,2024-02-04,7:59,16:17,Training,Sunday
66687e6bfc13ae4ed5234aa1,Stephan Hawkes,Research and Development,2024-01-03,9:50,17:48,Meeting,Wednesday
66687e6bfc13ae4ed5234aa2,Gavin Folger,Engineering,2024-10-05,9:33,16:45,Meeting,Saturday
66687e6bfc13ae4ed5234aa3,Corinna Coultass,Human Resources,2024-04-01,7:22,17:10,Work,Monday
66687e6bfc13ae4ed5234aa4,Harcourt Rouse,Training,2024-02-07,8:45,15:23,Work,Wednesday
66687e6bfc13ae4ed5234aa5,Daisi Crooks,Research and Development,2024-05-06,8:12,15:21,Client Visit,Monday
66687e6bfc13ae4ed5234aa6,Anatollo Blankman,Sales,2024-01-06,7:12,16:47,Meeting,Saturday
66687e6bfc13ae4ed5234aa7,Ganny Kilmurry,Human Resources,2024-02-07,8:48,17:43,Meeting,Wednesday
66687e6bfc13ae4ed5234aa8,Sapphire Reder,Training,2024-08-04,9:43,17:13,Meeting,Sunday
66687e6bfc13ae4ed5234aa9,Patten Ghirigori,Accounting,2024-02-04,9:27,14:11,Meeting,Sunday
66687e6bfc13ae4ed5234aaa,Shir Macellar,Business Development,2024-04-07,9:13,17:44,Training,Sunday
66687e6bfc13ae4ed5234aab,Mattheus Pilch,Training,2024-12-07,7:20,17:17,Meeting,Saturday
66687e6bfc13ae4ed5234aac,Salomi O'Growgane,Product Management,2024-07-07,7:10,16:19,Training,Sunday
66687e6bfc13ae4ed5234aad,Wakefield Hinstock,Human Resources,2024-05-01,8:50,17:50,Client Visit,Wednesday
66687e6bfc13ae4ed5234aae,Gladi Gecks,Services,2024-12-06,7:07,17:41,Work,Friday
66687e6bfc13ae4ed5234aaf,Taffy Lanfer,Legal,2024-07-06,9:00,15:29,Work,Saturday
66687e6bfc13ae4ed5234ab0,Livy Longhi,Support,2024-08-02,6:31,15:19,Work,Friday
66687e6bfc13ae4ed5234ab1,Gloriane Bluett,Support,2024-02-03,7:55,15:39,Meeting,Saturday
66687e6bfc13ae4ed5234ab2,Willette Maysor,Support,2024-02-04,6:47,14:15,Meeting,Sunday
66687e6bfc13ae4ed5234ab3,Rudy MacCrosson,Support,2024-07-06,9:01,16:08,Work,Saturday
66687e6bfc13ae4ed5234ab4,Britni Geerits,Sales,2024-10-06,9:37,15:04,Work,Sunday
66687e6bfc13ae4ed5234ab5,Ossie Iley,Business Development,2024-04-05,6:09,17:30,Meeting,Friday
66687e6bfc13ae4ed5234ab6,Joellyn Auten,Legal,2024-07-05,7:36,15:53,Meeting,Friday
66687e6bfc13ae4ed5234ab7,Flss Backman,Services,2024-08-07,6:50,14:25,Training,Wednesday
66687e6bfc13ae4ed5234ab8,Dominick Gribbin,Human Resources,2024-06-06,6:39,17:04,Work,Thursday
66687e6bfc13ae4ed5234ab9,Shelden Janney,Human Resources,2024-05-03,9:09,14:17,Meeting,Friday
66687e6bfc13ae4ed5234aba,Prentiss Tumber,Human Resources,2024-10-04,7:00,15:34,Training,Friday
66687e6bfc13ae4ed5234abb,Elissa Libero,Marketing,2024-09-01,7:00,17:37,Work,Sunday
66687e6bfc13ae4ed5234abc,Zorina Backe,Support,2024-06-06,7:01,16:00,Meeting,Thursday
66687e6bfc13ae4ed5234abd,Raychel Polley,Support,2024-06-03,8:55,17:29,Training,Monday
66687e6bfc13ae4ed5234abe,Prentice Penelli,Support,2024-06-05,9:13,15:24,Work,Wednesday
66687e6bfc13ae4ed5234abf,Willard Fothergill,Human Resources,2024-08-01,7:57,15:59,Meeting,Thursday
66687e6bfc13ae4ed5234ac0,Carmon Chupin,Legal,2024-08-04,9:40,15:13,Work,Sunday
66687e6bfc13ae4ed5234ac1,Wade Rojel,Engineering,2024-03-04,8:23,14:10,Meeting,Monday
66687e6bfc13ae4ed5234ac2,Allsun Jaskowicz,Research and Development,2024-12-07,9:43,17:32,Client Visit,Saturday
66687e6bfc13ae4ed5234ac3,Locke Giacomoni,Research and Development,2024-11-06,7:05,15:24,Work,Wednesday
66687e6bfc13ae4ed5234ac4,Syd Kenealy,Marketing,2024-12-02,7:51,17:28,Training,Monday
66687e6bfc13ae4ed5234ac5,Dahlia Lynett,Research and Development,2024-02-04,7:21,14:52,Meeting,Sunday
66687e6bfc13ae4ed5234ac6,Bruce Childerley,Support,2024-02-03,8:20,17:34,Meeting,Saturday
66687e6bfc13ae4ed5234ac7,Enrique Drance,Marketing,2024-09-04,6:13,15:44,Meeting,Wednesday
66687e6bfc13ae4ed5234ac8,Maud Farrow,Sales,2024-07-03,8:25,14:36,Work,Wednesday
66687e6bfc13ae4ed5234ac9,Monica Maskall,Training,2024-11-01,8:19,17:46,Work,Friday
66687e6bfc13ae4ed5234aca,Clarine Nickless,Marketing,2024-10-07,6:36,15:05,Meeting,Monday
66687e6bfc13ae4ed5234acb,Bobine Heatherington,Services,2024-02-02,7:47,16:43,Work,Friday
66687e6bfc13ae4ed5234acc,Carleen McKimmie,Engineering,2024-12-02,8:03,14:59,Training,Monday
66687e6bfc13ae4ed5234acd,Blisse Pebworth,Product Management,2024-09-03,6:16,17:35,Meeting,Tuesday
66687e6bfc13ae4ed5234ace,Natale Blackstone,Support,2024-03-01,8:01,14:55,Client Visit,Friday
66687e6bfc13ae4ed5234acf,Orelie Poon,Training,2024-01-02,6:27,17:15,Work,Tuesday
66687e6bfc13ae4ed5234ad0,Gregorius Caddan,Sales,2024-02-02,7:43,16:06,Training,Friday
66687e6bfc13ae4ed5234ad1,Tallulah Ferencz,Sales,2024-12-01,6:48,15:16,Work,Sunday
66687e6bfc13ae4ed5234ad2,Odele Cadalleder,Services,2024-06-02,9:39,14:05,Meeting,Sunday
66687e6bfc13ae4ed5234ad3,Zonnya Fass,Product Management,2024-08-04,6:16,16:43,Work,Sunday
66687e6bfc13ae4ed5234ad4,Brit Smithson,Sales,2024-05-04,9:51,17:29,Meeting,Saturday
66687e6bfc13ae4ed5234ad5,Gabriel Eckersley,Human Resources,2024-10-07,8:02,15:57,Meeting,Monday
66687e6bfc13ae4ed5234ad6,Bald Christley,Sales,2024-03-05,8:23,14:39,Meeting,Tuesday
66687e6bfc13ae4ed5234ad7,Lory MacGiffin,Human Resources,2024-07-06,9:14,14:19,Work,Saturday
66687e6bfc13ae4ed5234ad8,Kelcey Parkey,Engineering,2024-10-07,9:38,15:33,Meeting,Monday
66687e6bfc13ae4ed5234ad9,Trenton Whimpenny,Business Development,2024-01-04,7:37,16:03,Training,Thursday
66687e6bfc13ae4ed5234ada,Simone Geldert,Product Management,2024-12-02,7:11,16:06,Training,Monday
66687e6cfc13ae4ed5234adb,Hilda Leadstone,Engineering,2024-06-03,7:27,14:30,Work,Monday
66687e6cfc13ae4ed5234adc,Bronnie Minmagh,Sales,2024-03-02,9:19,15:40,Meeting,Saturday
66687e6cfc13ae4ed5234add,Katrina Laurant,Legal,2024-10-02,8:53,14:54,Work,Wednesday
66687e6cfc13ae4ed5234ade,Perice Santino,Human Resources,2024-05-07,6:14,16:29,Training,Tuesday
66687e6cfc13ae4ed5234adf,Pavlov Crewes,Human Resources,2024-09-01,8:00,15:54,Meeting,Sunday
66687e6cfc13ae4ed5234ae0,Faunie Orrum,Business Development,2024-07-05,6:34,16:49,Training,Friday
66687e6cfc13ae4ed5234ae1,Wallache Cholonin,Business Development,2024-06-02,8:48,17:03,Work,Sunday
66687e6cfc13ae4ed5234ae2,Ashbey Downey,Engineering,2024-11-03,7:13,14:01,Training,Sunday
66687e6cfc13ae4ed5234ae3,Kevan Kesey,Research and Development,2024-11-05,6:26,16:24,Training,Tuesday
66687e6cfc13ae4ed5234ae4,Zeb Kelson,Product Management,2024-03-06,8:23,14:27,Training,Wednesday
66687e6cfc13ae4ed5234ae5,Edik Karpets,Training,2024-02-03,6:22,15:04,Meeting,Saturday
66687e6cfc13ae4ed5234ae6,Merrick McCurdy,Accounting,2024-03-03,9:37,17:18,Training,Sunday
66687e6cfc13ae4ed5234ae7,Fran O'Sheilds,Support,2024-04-07,9:41,17:01,Work,Sunday
66687e6cfc13ae4ed5234ae8,Miltie Croser,Research and Development,2024-06-03,8:18,17:09,Work,Monday
66687e6cfc13ae4ed5234ae9,Trefor Moehle,Accounting,2024-07-05,6:28,15:07,Work,Friday
66687e6cfc13ae4ed5234aea,Vic Gibling,Engineering,2024-04-04,6:43,16:25,Work,Thursday
66687e6cfc13ae4ed5234aeb,Kalinda Itzkovich,Legal,2024-11-07,8:22,17:36,Work,Thursday
66687e6cfc13ae4ed5234aec,Ardella Tireman,Sales,2024-08-05,9:11,15:35,Training,Monday
66687e6cfc13ae4ed5234aed,Kitty Bosch,Sales,2024-02-02,6:41,15:17,Work,Friday
66687e6cfc13ae4ed5234aee,Kris Clilverd,Research and Development,2024-01-07,7:52,14:10,Work,Sunday
66687e6cfc13ae4ed5234aef,Tarrance Thoms,Marketing,2024-06-06,9:04,17:35,Training,Thursday
66687e6cfc13ae4ed5234af0,Federico McLoughlin,Support,2024-09-01,7:25,16:54,Training,Sunday
66687e6cfc13ae4ed5234af1,Bertie Stringman,Accounting,2024-04-07,9:23,14:32,Training,Sunday
66687e6cfc13ae4ed5234af2,Hazlett Piggin,Sales,2024-06-02,6:12,17:03,Client Visit,Sunday
66687e6cfc13ae4ed5234af3,Giusto Goburn,Accounting,2024-02-02,9:53,15:50,Work,Friday
66687e6cfc13ae4ed5234af4,Vicki Abdy,Accounting,2024-08-04,8:02,15:03,Work,Sunday
66687e6cfc13ae4ed5234af5,Tandy Ruzek,Research and Development,2024-12-04,6:02,14:32,Work,Wednesday
66687e6cfc13ae4ed5234af6,Clement Pitkaithly,Human Resources,2024-12-06,6:37,17:58,Training,Friday
66687e6cfc13ae4ed5234af7,Armando Collacombe,Engineering,2024-08-03,6:44,15:23,Meeting,Saturday
66687e6cfc13ae4ed5234af8,Siward Duchart,Engineering,2024-10-05,9:09,15:24,Work,Saturday
66687e6cfc13ae4ed5234af9,Carver Landor,Marketing,2024-10-04,6:12,17:12,Training,Friday
66687e6cfc13ae4ed5234afa,Sonya Saben,Product Management,2024-09-05,9:41,15:39,Client Visit,Thursday
66687e6cfc13ae4ed5234afb,Helyn Geraldi,Research and Development,2024-01-06,6:23,14:28,Work,Saturday
66687e6cfc13ae4ed5234afc,Coraline Swaddle,Human Resources,2024-08-03,9:54,16:40,Work,Saturday
66687e6cfc13ae4ed5234afd,Sarajane Chatwin,Business Development,2024-08-04,7:01,15:03,Client Visit,Sunday
66687e6cfc13ae4ed5234afe,Esme Gantz,Accounting,2024-07-01,9:39,16:50,Client Visit,Monday
66687e6cfc13ae4ed5234aff,Calypso McGrale,Product Management,2024-03-06,8:48,14:34,Meeting,Wednesday
66687e6cfc13ae4ed5234b00,Hilario Thomlinson,Human Resources,2024-09-01,6:29,17:37,Work,Sunday
66687e6cfc13ae4ed5234b01,Gris Greville,Training,2024-12-05,8:27,14:36,Work,Thursday
66687e6cfc13ae4ed5234b02,Sukey Philippet,Product Management,2024-02-03,8:30,14:01,Training,Saturday
66687e6cfc13ae4ed5234b03,Leonhard Secker,Research and Development,2024-05-02,9:17,14:24,Training,Thursday
66687e6cfc13ae4ed5234b04,Benjamin Parrin,Marketing,2024-04-07,6:47,15:56,Meeting,Sunday
66687e6cfc13ae4ed5234b05,Rock Bucher,Product Management,2024-03-02,8:29,14:56,Training,Saturday
66687e6cfc13ae4ed5234b06,Bennie Stoneham,Support,2024-02-02,6:37,16:25,Work,Friday
66687e6cfc13ae4ed5234b07,Dominique Raftery,Legal,2024-05-03,9:47,16:00,Client Visit,Friday
66687e6cfc13ae4ed5234b08,Aaren Dunaway,Training,2024-12-03,8:44,17:46,Client Visit,Tuesday
66687e6cfc13ae4ed5234b09,Nikkie Bareford,Services,2024-06-07,6:21,17:21,Work,Friday
66687e6cfc13ae4ed5234b0a,Charleen Kolodziejski,Research and Development,2024-09-02,8:51,14:07,Training,Monday
66687e6cfc13ae4ed5234b0b,Ryon Pifford,Product Management,2024-01-07,7:03,17:55,Work,Sunday
66687e6cfc13ae4ed5234b0c,Mellicent Martinie,Product Management,2024-12-07,7:03,16:27,Training,Saturday
66687e6cfc13ae4ed5234b0d,Elwyn Casari,Training,2024-08-02,8:45,17:32,Work,Friday
66687e6cfc13ae4ed5234b0e,Cob Dehmel,Sales,2024-02-04,6:53,15:54,Work,Sunday
66687e6cfc13ae4ed5234b0f,Lainey Cameron,Services,2024-06-01,7:49,16:37,Training,Saturday
66687e6cfc13ae4ed5234b10,Lucio Elms,Engineering,2024-01-06,9:29,16:49,Meeting,Saturday
66687e6cfc13ae4ed5234b11,Sapphire McBlain,Services,2024-10-01,8:20,16:57,Meeting,Tuesday
66687e6cfc13ae4ed5234b12,Melisse Ridolfi,Engineering,2024-04-01,7:57,15:15,Client Visit,Monday
66687e6cfc13ae4ed5234b13,Daryl Hoyes,Marketing,2024-05-05,7:57,15:35,Work,Sunday
66687e6cfc13ae4ed5234b14,Alexa Cluett,Sales,2024-09-02,7:25,14:54,Work,Monday
66687e6cfc13ae4ed5234b15,Midge Croson,Product Management,2024-11-07,8:54,16:17,Work,Thursday
66687e6cfc13ae4ed5234b16,Rachael Hewertson,Marketing,2024-04-02,6:52,14:21,Training,Tuesday
66687e6cfc13ae4ed5234b17,Agna Chaldecott,Product Management,2024-05-06,7:20,17:42,Work,Monday
66687e6cfc13ae4ed5234b18,Christian Rizzini,Training,2024-08-01,8:12,16:41,Client Visit,Thursday
66687e6cfc13ae4ed5234b19,Burty Drackford,Sales,2024-01-05,6:19,15:14,Meeting,Friday
66687e6cfc13ae4ed5234b1a,Gizela Ghilks,Business Development,2024-11-01,9:00,17:49,Work,Friday
66687e6cfc13ae4ed5234b1b,Ariadne Gergler,Services,2024-10-07,8:32,15:02,Work,Monday
66687e6cfc13ae4ed5234b1c,Travers Darker,Training,2024-12-04,9:07,16:28,Work,Wednesday
66687e6cfc13ae4ed5234b1d,Fredra Pisco,Services,2024-05-07,7:06,16:41,Work,Tuesday
66687e6cfc13ae4ed5234b1e,Stevy Ferney,Marketing,2024-09-03,8:20,14:06,Training,Tuesday
66687e6cfc13ae4ed5234b1f,Ludovico Trymme,Marketing,2024-12-04,9:23,17:07,Work,Wednesday
66687e6cfc13ae4ed5234b20,Mariellen Clack,Product Management,2024-10-04,8:29,14:56,Work,Friday
66687e6cfc13ae4ed5234b21,Cam Aries,Engineering,2024-03-01,9:20,16:13,Meeting,Friday
66687e6cfc13ae4ed5234b22,Ernestine Diboll,Training,2024-10-01,7:38,15:55,Work,Tuesday
66687e6cfc13ae4ed5234b23,Saw Meeny,Research and Development,2024-04-02,6:34,16:39,Work,Tuesday
66687e6cfc13ae4ed5234b24,Thornton Audsley,Research and Development,2024-12-04,6:19,16:31,Meeting,Wednesday
66687e6cfc13ae4ed5234b25,Monro Perot,Business Development,2024-10-02,9:28,14:42,Work,Wednesday
66687e6cfc13ae4ed5234b26,Judas Bunn,Services,2024-08-03,9:13,14:32,Work,Saturday
66687e6cfc13ae4ed5234b27,Shoshana Bensley,Marketing,2024-12-06,8:17,17:33,Training,Friday
66687e6cfc13ae4ed5234b28,Liane Every,Accounting,2024-01-04,9:48,16:36,Work,Thursday
66687e6cfc13ae4ed5234b29,Marita Wellwood,Human Resources,2024-12-01,8:57,15:03,Work,Sunday
66687e6cfc13ae4ed5234b2a,Dasha Kirckman,Accounting,2024-02-02,6:43,17:35,Work,Friday
66687e6cfc13ae4ed5234b2b,Norah Lacknor,Marketing,2024-11-05,9:48,14:02,Work,Tuesday
66687e6cfc13ae4ed5234b2c,Libby McLane,Legal,2024-10-05,7:12,15:05,Work,Saturday
66687e6cfc13ae4ed5234b2d,Tracy Rendbaek,Engineering,2024-03-02,9:27,16:50,Meeting,Saturday
66687e6cfc13ae4ed5234b2e,Krystalle Raigatt,Legal,2024-07-03,9:12,16:19,Meeting,Wednesday
66687e6cfc13ae4ed5234b2f,Filide Grafhom,Business Development,2024-10-01,9:27,15:35,Work,Tuesday
66687e6cfc13ae4ed5234b30,Bronny Easthope,Services,2024-01-06,7:37,15:10,Training,Saturday
66687e6cfc13ae4ed5234b31,Anatol Swiffan,Accounting,2024-01-03,6:11,15:40,Meeting,Wednesday
66687e6cfc13ae4ed5234b32,Kial Phebey,Sales,2024-07-07,7:12,14:04,Training,Sunday
66687e6cfc13ae4ed5234b33,Gibby Grigorushkin,Sales,2024-01-07,6:33,17:22,Work,Sunday
66687e6cfc13ae4ed5234b34,Sheffie Wroth,Business Development,2024-04-01,7:04,17:57,Work,Monday
66687e6cfc13ae4ed5234b35,Trina Rainger,Product Management,2024-08-06,6:38,16:07,Meeting,Tuesday
66687e6cfc13ae4ed5234b36,Porter Apfler,Product Management,2024-08-06,6:09,14:18,Training,Tuesday
66687e6cfc13ae4ed5234b37,Jorey Clayal,Support,2024-10-06,9:24,14:25,Work,Sunday
66687e6cfc13ae4ed5234b38,Hally Bandy,Accounting,2024-12-01,6:32,15:50,Meeting,Sunday
66687e6cfc13ae4ed5234b39,Rafaelita Crottagh,Sales,2024-03-03,8:22,14:14,Meeting,Sunday
66687e6cfc13ae4ed5234b3a,Kayne Gavaran,Training,2024-07-01,7:58,14:25,Work,Monday
66687e6cfc13ae4ed5234b3b,Stewart Dicey,Product Management,2024-01-04,9:14,16:37,Meeting,Thursday
66687e6cfc13ae4ed5234b3c,Elaine Michin,Legal,2024-11-04,8:08,15:56,Meeting,Monday
66687e6cfc13ae4ed5234b3d,Benton Danilchenko,Support,2024-10-07,6:59,16:03,Work,Monday
66687e6cfc13ae4ed5234b3e,Shawna Purse,Engineering,2024-03-04,9:48,15:10,Work,Monday
66687e6cfc13ae4ed5234b3f,Joyous Mennell,Human Resources,2024-06-06,9:10,14:09,Meeting,Thursday
66687e6cfc13ae4ed5234b40,Nanon Laurand,Product Management,2024-11-07,7:52,17:24,Work,Thursday
66687e6cfc13ae4ed5234b41,Elizabeth Dominico,Legal,2024-09-04,7:54,15:53,Work,Wednesday
66687e6cfc13ae4ed5234b42,Barnett Gerlack,Training,2024-10-07,7:47,17:31,Meeting,Monday
66687e6cfc13ae4ed5234b43,Kyle Cordsen,Support,2024-11-05,6:28,16:05,Training,Tuesday
66687e6cfc13ae4ed5234b44,Beverlee Whiteway,Engineering,2024-09-06,7:31,15:25,Meeting,Friday
66687e6cfc13ae4ed5234b45,Sidonia Billing,Product Management,2024-07-02,9:23,16:20,Training,Tuesday
66687e6cfc13ae4ed5234b46,Trisha Fraschetti,Training,2024-03-06,9:13,16:27,Training,Wednesday
66687e6cfc13ae4ed5234b47,Zitella McMearty,Engineering,2024-05-06,8:17,15:12,Work,Monday
66687e6cfc13ae4ed5234b48,Carmelia Gillinghams,Sales,2024-11-06,7:28,15:53,Work,Wednesday
66687e6cfc13ae4ed5234b49,Elysha Kitcherside,Training,2024-05-05,9:25,15:32,Work,Sunday
66687e6cfc13ae4ed5234b4a,Larina Teese,Research and Development,2024-04-01,7:11,17:19,Work,Monday
66687e6cfc13ae4ed5234b4b,Carine Bedberry,Product Management,2024-12-01,9:59,15:58,Work,Sunday
66687e6cfc13ae4ed5234b4c,Dugald Raubenheimer,Training,2024-12-04,8:56,14:48,Training,Wednesday
66687e6cfc13ae4ed5234b4d,Carilyn Ebbers,Accounting,2024-07-03,8:05,15:20,Work,Wednesday
66687e6cfc13ae4ed5234b4e,Hyacinthe Bignold,Legal,2024-01-04,7:48,15:11,Work,Thursday
66687e6cfc13ae4ed5234b4f,Frieda Melton,Legal,2024-11-04,8:35,14:12,Work,Monday
66687e6cfc13ae4ed5234b50,Concettina Guite,Accounting,2024-03-07,8:46,15:06,Work,Thursday
66687e6cfc13ae4ed5234b51,Darryl Toplis,Product Management,2024-03-02,9:07,15:11,Meeting,Saturday
66687e6cfc13ae4ed5234b52,Rakel Folliott,Business Development,2024-08-02,8:25,15:04,Training,Friday
66687e6cfc13ae4ed5234b53,Arlene Romney,Legal,2024-12-05,8:41,15:50,Work,Thursday
66687e6cfc13ae4ed5234b54,Debor Hamlet,Marketing,2024-03-03,8:33,15:41,Meeting,Sunday
66687e6cfc13ae4ed5234b55,Enriqueta Mumberson,Sales,2024-06-05,9:57,16:41,Meeting,Wednesday
66687e6cfc13ae4ed5234b56,Collete Stambridge,Engineering,2024-04-03,7:41,16:54,Meeting,Wednesday
66687e6cfc13ae4ed5234b57,Sapphira Coldtart,Product Management,2024-06-02,6:31,17:45,Client Visit,Sunday
66687e6cfc13ae4ed5234b58,Angie Lavens,Training,2024-08-04,8:08,17:31,Client Visit,Sunday
66687e6cfc13ae4ed5234b59,Franciska Scrivin,Services,2024-06-06,6:12,15:29,Meeting,Thursday
66687e6cfc13ae4ed5234b5a,Bald Crackel,Human Resources,2024-12-01,6:51,14:17,Training,Sunday
66687e6cfc13ae4ed5234b5b,Chere Narramore,Business Development,2024-11-03,8:32,14:27,Meeting,Sunday
66687e6cfc13ae4ed5234b5c,Rogerio Medley,Engineering,2024-08-07,7:05,16:27,Training,Wednesday
66687e6cfc13ae4ed5234b5d,Zulema Okie,Business Development,2024-05-02,8:34,15:05,Work,Thursday
66687e6cfc13ae4ed5234b5e,Yves Rochester,Accounting,2024-06-04,8:34,17:36,Meeting,Tuesday
66687e6cfc13ae4ed5234b5f,Tessa Shufflebotham,Marketing,2024-01-04,9:08,16:33,Training,Thursday
66687e6cfc13ae4ed5234b60,Joanna Traise,Human Resources,2024-09-07,6:59,17:02,Meeting,Saturday
66687e6cfc13ae4ed5234b61,Ned Leeming,Training,2024-08-06,6:07,17:20,Work,Tuesday
66687e6cfc13ae4ed5234b62,Crissy Spofforth,Human Resources,2024-05-03,8:36,15:48,Training,Friday
66687e6cfc13ae4ed5234b63,Yalonda Grzelak,Services,2024-11-03,7:21,15:21,Meeting,Sunday
66687e6cfc13ae4ed5234b64,Forster Traylen,Accounting,2024-08-06,7:54,17:37,Meeting,Tuesday
66687e6cfc13ae4ed5234b65,Monte Leeds,Sales,2024-06-01,8:49,15:59,Work,Saturday
66687e6cfc13ae4ed5234b66,Amos Zuenelli,Services,2024-01-03,7:44,16:49,Work,Wednesday
66687e6cfc13ae4ed5234b67,Sal Powderham,Sales,2024-11-02,9:57,17:07,Meeting,Saturday
66687e6cfc13ae4ed5234b68,Mirabel Fackrell,Legal,2024-11-07,6:09,14:05,Work,Thursday
66687e6cfc13ae4ed5234b69,Angelique Whal,Services,2024-11-07,6:45,17:59,Meeting,Thursday
66687e6cfc13ae4ed5234b6a,Helyn Ghio,Accounting,2024-03-05,9:19,15:51,Meeting,Tuesday
66687e6cfc13ae4ed5234b6b,Estelle Nertney,Accounting,2024-04-01,9:19,14:08,Training,Monday
66687e6cfc13ae4ed5234b6c,Marlow Alliott,Legal,2024-05-07,6:19,16:33,Client Visit,Tuesday
66687e6cfc13ae4ed5234b6d,Janie Esel,Accounting,2024-02-04,9:07,14:49,Meeting,Sunday
66687e6cfc13ae4ed5234b6e,Peggy Sharpling,Sales,2024-02-07,8:51,17:00,Meeting,Wednesday
66687e6cfc13ae4ed5234b6f,Berkie Jansema,Marketing,2024-05-04,6:46,17:16,Meeting,Saturday
66687e6cfc13ae4ed5234b70,Lorinda Tadgell,Business Development,2024-10-06,9:24,15:31,Training,Sunday
66687e6cfc13ae4ed5234b71,Amalie Yaus,Services,2024-10-07,8:20,17:10,Work,Monday
66687e6cfc13ae4ed5234b72,Dolorita Gething,Research and Development,2024-07-01,6:14,15:02,Work,Monday
66687e6cfc13ae4ed5234b73,Kelila Lukianov,Services,2024-05-04,6:07,15:36,Work,Saturday
66687e6cfc13ae4ed5234b74,Flint Martino,Sales,2024-08-03,8:06,14:14,Work,Saturday
66687e6cfc13ae4ed5234b75,Suzann Ruben,Services,2024-12-02,6:08,14:36,Work,Monday
66687e6cfc13ae4ed5234b76,Skippy Iacovides,Sales,2024-02-04,8:57,17:18,Meeting,Sunday
66687e6cfc13ae4ed5234b77,Deena Massard,Services,2024-09-03,6:10,17:34,Work,Tuesday
66687e6cfc13ae4ed5234b78,Brook Shearme,Product Management,2024-12-05,6:11,14:59,Work,Thursday
66687e6cfc13ae4ed5234b79,Rosaline Thickett,Business Development,2024-06-03,8:01,14:33,Work,Monday
66687e6cfc13ae4ed5234b7a,Nowell Dalgliesh,Training,2024-08-06,8:11,15:32,Work,Tuesday
66687e6cfc13ae4ed5234b7b,Saw Raddan,Human Resources,2024-04-06,8:17,15:37,Client Visit,Saturday
66687e6cfc13ae4ed5234b7c,Maribelle Bradder,Business Development,2024-07-07,6:54,17:40,Training,Sunday
66687e6cfc13ae4ed5234b7d,Jessika Rounsivall,Sales,2024-03-01,6:26,14:02,Meeting,Friday
66687e6cfc13ae4ed5234b7e,Merola Ankrett,Research and Development,2024-01-05,9:46,15:41,Training,Friday
66687e6cfc13ae4ed5234b7f,Traver Dilger,Research and Development,2024-08-01,7:11,16:01,Work,Thursday
66687e6cfc13ae4ed5234b80,Archie Ioannidis,Research and Development,2024-05-06,8:35,17:16,Client Visit,Monday
66687e6cfc13ae4ed5234b81,Lara Eagle,Human Resources,2024-06-02,9:13,17:43,Work,Sunday
66687e6cfc13ae4ed5234b82,Randi McMeekan,Product Management,2024-08-05,9:18,14:01,Training,Monday
66687e6cfc13ae4ed5234b83,Tera Palmby,Services,2024-11-03,6:13,16:24,Client Visit,Sunday
66687e6cfc13ae4ed5234b84,Dixie Lusk,Marketing,2024-12-04,6:19,15:27,Work,Wednesday
66687e6cfc13ae4ed5234b85,Abbot Eaton,Business Development,2024-02-01,7:47,17:59,Training,Thursday
66687e6cfc13ae4ed5234b86,Beverly Shooter,Training,2024-11-01,9:25,17:56,Meeting,Friday
66687e6cfc13ae4ed5234b87,Flore Amiranda,Business Development,2024-11-02,8:28,14:25,Training,Saturday
66687e6cfc13ae4ed5234b88,Inga Bowdery,Legal,2024-02-02,6:15,16:31,Meeting,Friday
66687e6cfc13ae4ed5234b89,Auberta MacPharlain,Research and Development,2024-11-05,7:48,16:21,Work,Tuesday
66687e6cfc13ae4ed5234b8a,Milt Vaneschi,Accounting,2024-06-05,7:44,15:43,Meeting,Wednesday
66687e6cfc13ae4ed5234b8b,Pamela Verrell,Accounting,2024-07-03,9:11,14:43,Work,Wednesday
66687e6cfc13ae4ed5234b8c,Griffie Keats,Services,2024-05-07,7:44,17:58,Training,Tuesday
66687e6cfc13ae4ed5234b8d,Kellen McCarron,Engineering,2024-01-02,6:06,16:55,Meeting,Tuesday
66687e6cfc13ae4ed5234b8e,Adeline Sawkin,Support,2024-11-07,9:15,14:46,Meeting,Thursday
66687e6cfc13ae4ed5234b8f,Chadd Wellbelove,Legal,2024-09-03,7:59,16:54,Work,Tuesday
66687e6cfc13ae4ed5234b90,Kahlil Halesworth,Sales,2024-01-03,7:06,17:58,Work,Wednesday
66687e6cfc13ae4ed5234b91,Phyllida Ciccoloi,Product Management,2024-03-07,6:22,16:27,Client Visit,Thursday
66687e6cfc13ae4ed5234b92,Byram Schoenfisch,Research and Development,2024-02-07,8:45,14:37,Training,Wednesday
66687e6cfc13ae4ed5234b93,Corrie Twamley,Support,2024-07-07,8:13,14:10,Work,Sunday
66687e6cfc13ae4ed5234b94,Angele Silcox,Sales,2024-07-02,6:41,17:35,Meeting,Tuesday
66687e6cfc13ae4ed5234b95,Edithe Uman,Research and Development,2024-03-05,9:44,17:18,Training,Tuesday
66687e6cfc13ae4ed5234b96,Randolf Youster,Training,2024-05-07,9:27,15:34,Work,Tuesday
66687e6cfc13ae4ed5234b97,Ardath Pickerell,Accounting,2024-03-02,6:26,17:45,Training,Saturday
66687e6cfc13ae4ed5234b98,Lavinie Derycot,Training,2024-04-06,6:30,17:12,Meeting,Saturday
66687e6cfc13ae4ed5234b99,Dermot Menci,Product Management,2024-01-04,8:28,15:39,Meeting,Thursday
66687e6cfc13ae4ed5234b9a,Fleming Luton,Marketing,2024-01-02,8:12,14:28,Client Visit,Tuesday
66687e6cfc13ae4ed5234b9b,Luke Mc Dermid,Marketing,2024-01-05,8:18,15:12,Meeting,Friday
66687e6cfc13ae4ed5234b9c,Doro Pownall,Services,2024-09-05,8:57,16:22,Work,Thursday
66687e6cfc13ae4ed5234b9d,Corrinne Sandwith,Services,2024-06-02,6:54,16:56,Work,Sunday
66687e6cfc13ae4ed5234b9e,Stanfield Roomes,Business Development,2024-09-05,8:51,14:22,Work,Thursday
66687e6cfc13ae4ed5234b9f,Delilah Ibotson,Product Management,2024-08-05,9:25,14:33,Meeting,Monday
66687e6cfc13ae4ed5234ba0,Frazer Chadband,Legal,2024-02-01,8:44,17:03,Work,Thursday
66687e6cfc13ae4ed5234ba1,Phip Grigolon,Sales,2024-08-03,7:21,15:42,Training,Saturday
66687e6cfc13ae4ed5234ba2,Orran Bourdas,Sales,2024-05-02,9:45,14:08,Training,Thursday
66687e6cfc13ae4ed5234ba3,Raphaela Fildes,Engineering,2024-10-02,9:03,17:25,Training,Wednesday
66687e6cfc13ae4ed5234ba4,Lexy Wabersich,Engineering,2024-11-01,7:56,15:23,Meeting,Friday
66687e6cfc13ae4ed5234ba5,Ab Ivakhnov,Accounting,2024-01-07,7:57,14:20,Work,Sunday
66687e6cfc13ae4ed5234ba6,Kittie Woosnam,Business Development,2024-01-04,9:59,16:03,Meeting,Thursday
66687e6cfc13ae4ed5234ba7,Salome Candy,Sales,2024-09-06,7:26,15:52,Work,Friday
66687e6cfc13ae4ed5234ba8,Guntar Piercey,Human Resources,2024-03-04,8:58,17:58,Training,Monday
66687e6cfc13ae4ed5234ba9,Gabriellia Shelford,Services,2024-11-05,7:57,15:00,Work,Tuesday
66687e6cfc13ae4ed5234baa,Hyatt Piche,Services,2024-08-03,9:58,16:13,Work,Saturday
66687e6cfc13ae4ed5234bab,Hillery Blackesland,Legal,2024-01-02,7:07,15:46,Meeting,Tuesday
66687e6cfc13ae4ed5234bac,Shannen Mandrier,Legal,2024-06-07,6:32,17:49,Training,Friday
66687e6cfc13ae4ed5234bad,Clemence Asee,Business Development,2024-01-04,7:08,14:52,Training,Thursday
66687e6cfc13ae4ed5234bae,Tressa Sein,Support,2024-07-06,7:09,16:09,Work,Saturday
66687e6cfc13ae4ed5234baf,Krishnah Klampk,Business Development,2024-04-05,8:10,14:28,Work,Friday
66687e6cfc13ae4ed5234bb0,Vernon Lyttle,Marketing,2024-01-04,6:22,14:31,Work,Thursday
66687e6cfc13ae4ed5234bb1,Randa Behnecke,Accounting,2024-07-02,9:16,15:44,Work,Tuesday
66687e6cfc13ae4ed5234bb2,Tiphanie Dinsey,Engineering,2024-03-02,6:51,15:27,Client Visit,Saturday
66687e6cfc13ae4ed5234bb3,Liv Klimashevich,Training,2024-09-05,9:16,14:37,Work,Thursday
66687e6cfc13ae4ed5234bb4,Frayda Dessant,Marketing,2024-10-07,7:34,17:05,Work,Monday
66687e6cfc13ae4ed5234bb5,Othello Etridge,Legal,2024-12-06,9:25,17:17,Work,Friday
66687e6cfc13ae4ed5234bb6,Ardra Chicken,Services,2024-06-04,7:59,16:33,Work,Tuesday
66687e6cfc13ae4ed5234bb7,Lombard Brise,Training,2024-05-02,6:49,14:45,Work,Thursday
66687e6cfc13ae4ed5234bb8,Alexine Rennels,Support,2024-11-06,8:20,14:10,Meeting,Wednesday
66687e6cfc13ae4ed5234bb9,Maible Delea,Sales,2024-02-01,8:52,15:55,Work,Thursday
66687e6cfc13ae4ed5234bba,Burr Geator,Marketing,2024-08-02,9:16,15:35,Training,Friday
66687e6cfc13ae4ed5234bbb,Mireille McMurraya,Sales,2024-07-02,8:46,16:07,Client Visit,Tuesday
66687e6cfc13ae4ed5234bbc,Marcellina Raine,Research and Development,2024-06-04,8:06,14:32,Work,Tuesday
66687e6cfc13ae4ed5234bbd,Law Folds,Training,2024-04-03,7:25,15:10,Work,Wednesday
66687e6cfc13ae4ed5234bbe,Tate Matlock,Legal,2024-05-06,6:07,15:46,Training,Monday
66687e6cfc13ae4ed5234bbf,Latia Haggata,Product Management,2024-03-03,6:54,15:02,Work,Sunday
66687e6cfc13ae4ed5234bc0,Juan Titterington,Product Management,2024-03-06,9:17,17:04,Meeting,Wednesday
66687e6cfc13ae4ed5234bc1,Whit Thorne,Accounting,2024-09-04,7:40,16:02,Client Visit,Wednesday
66687e6cfc13ae4ed5234bc2,Jsandye Dunphy,Sales,2024-08-06,6:37,14:45,Training,Tuesday
66687e6cfc13ae4ed5234bc3,Der Layne,Research and Development,2024-02-04,6:42,16:14,Work,Sunday
66687e6cfc13ae4ed5234bc4,Fayth Mynott,Human Resources,2024-07-05,7:32,14:48,Work,Friday
66687e6cfc13ae4ed5234bc5,Karia Berger,Engineering,2024-04-02,8:58,17:22,Work,Tuesday
66687e6cfc13ae4ed5234bc6,Fern Rimmer,Engineering,2024-10-01,9:50,14:15,Training,Tuesday
66687e6cfc13ae4ed5234bc7,Hashim Tenbrug,Support,2024-09-02,7:58,16:19,Work,Monday
66687e6cfc13ae4ed5234bc8,Marjory McGorley,Accounting,2024-09-01,6:04,14:38,Training,Sunday
66687e6cfc13ae4ed5234bc9,Cherry Hannigan,Research and Development,2024-01-07,6:41,17:29,Meeting,Sunday
66687e6cfc13ae4ed5234bca,Anne-marie Knapp,Engineering,2024-06-01,9:54,15:02,Meeting,Saturday
66687e6cfc13ae4ed5234bcb,Janeen Reggler,Accounting,2024-06-01,7:12,17:34,Work,Saturday
66687e6cfc13ae4ed5234bcc,Marcela Pedron,Marketing,2024-04-07,8:00,15:12,Work,Sunday
66687e6cfc13ae4ed5234bcd,Kevyn Veysey,Legal,2024-02-06,7:03,15:30,Training,Tuesday
66687e6cfc13ae4ed5234bce,Arline Kellegher,Research and Development,2024-12-07,9:02,14:07,Work,Saturday
66687e6cfc13ae4ed5234bcf,Ola Meece,Human Resources,2024-03-07,9:23,14:08,Meeting,Thursday
66687e6cfc13ae4ed5234bd0,Karine Mityukov,Support,2024-12-07,9:28,14:12,Training,Saturday
66687e6cfc13ae4ed5234bd1,Em Czaple,Services,2024-02-03,7:11,15:53,Training,Saturday
66687e6cfc13ae4ed5234bd2,Derron Cochern,Legal,2024-10-06,6:38,14:09,Training,Sunday
66687e6cfc13ae4ed5234bd3,Lionello Fencott,Business Development,2024-07-06,7:25,15:55,Meeting,Saturday
66687e6cfc13ae4ed5234bd4,Elianore Rait,Engineering,2024-09-03,6:42,14:52,Meeting,Tuesday
66687e6cfc13ae4ed5234bd5,Cristy Axcell,Research and Development,2024-02-02,8:02,16:43,Work,Friday
66687e6cfc13ae4ed5234bd6,Roma Duigenan,Accounting,2024-09-05,6:50,17:06,Work,Thursday
66687e6cfc13ae4ed5234bd7,Feodora Leaming,Legal,2024-07-01,8:06,17:41,Work,Monday
66687e6cfc13ae4ed5234bd8,Vernice Giuroni,Marketing,2024-05-03,7:06,15:07,Meeting,Friday
66687e6cfc13ae4ed5234bd9,Tabb Yeoman,Accounting,2024-11-01,6:51,17:07,Meeting,Friday
66687e6cfc13ae4ed5234bda,Suzi Colten,Human Resources,2024-07-03,9:37,15:54,Training,Wednesday
66687e6cfc13ae4ed5234bdb,Loella Plom,Marketing,2024-01-07,6:46,14:07,Work,Sunday
66687e6cfc13ae4ed5234bdc,Katheryn Sendall,Business Development,2024-11-05,6:10,16:37,Meeting,Tuesday
66687e6cfc13ae4ed5234bdd,Jane Bullen,Marketing,2024-10-04,6:38,15:06,Work,Friday
66687e6cfc13ae4ed5234bde,Yolanthe Eilhermann,Services,2024-08-04,9:31,16:47,Training,Sunday
66687e6cfc13ae4ed5234bdf,Dieter Bruin,Legal,2024-06-04,7:21,15:00,Work,Tuesday
66687e6cfc13ae4ed5234be0,Norry Scutchings,Accounting,2024-11-07,6:14,15:34,Meeting,Thursday
66687e6cfc13ae4ed5234be1,Saunders Kerwen,Sales,2024-11-06,6:12,15:36,Work,Wednesday
66687e6cfc13ae4ed5234be2,Jerri Rickerby,Sales,2024-11-07,6:24,14:05,Training,Thursday
66687e6cfc13ae4ed5234be3,Lezley Witten,Services,2024-03-03,9:54,14:16,Work,Sunday
66687e6cfc13ae4ed5234be4,Magnum Novotna,Legal,2024-07-01,8:48,16:22,Meeting,Monday
66687e6cfc13ae4ed5234be5,Gustie Josupeit,Sales,2024-12-04,7:57,14:42,Training,Wednesday
66687e6cfc13ae4ed5234be6,Edithe Vermer,Legal,2024-07-01,7:41,17:47,Work,Monday
66687e6cfc13ae4ed5234be7,Melisenda Fosberry,Human Resources,2024-10-05,7:54,17:37,Meeting,Saturday
66687e6cfc13ae4ed5234be8,Frasco Abramamovh,Training,2024-01-06,7:44,15:37,Training,Saturday
66687e6cfc13ae4ed5234be9,Horst Aleksidze,Engineering,2024-03-02,6:53,16:55,Meeting,Saturday
66687e6cfc13ae4ed5234bea,Vinny Pabel,Sales,2024-07-07,9:05,14:35,Meeting,Sunday
66687e6cfc13ae4ed5234beb,Florie Allman,Research and Development,2024-04-02,7:12,16:12,Work,Tuesday
66687e6cfc13ae4ed5234bec,Kipp Blannin,Legal,2024-07-01,7:47,15:48,Work,Monday
66687e6cfc13ae4ed5234bed,Wayne Crutchley,Support,2024-08-04,8:32,17:33,Meeting,Sunday
66687e6cfc13ae4ed5234bee,Moyna Dormand,Training,2024-10-02,8:14,17:58,Work,Wednesday
66687e6cfc13ae4ed5234bef,Otes Andrews,Product Management,2024-07-01,6:23,17:04,Work,Monday
66687e6cfc13ae4ed5234bf0,Hanny Robberts,Marketing,2024-04-05,8:28,16:55,Client Visit,Friday
66687e6cfc13ae4ed5234bf1,Zaneta Pratton,Product Management,2024-07-07,9:06,15:07,Work,Sunday
66687e6cfc13ae4ed5234bf2,Georgeanne Kezor,Training,2024-11-01,7:28,16:58,Work,Friday
66687e6cfc13ae4ed5234bf3,Linnea Berggren,Sales,2024-07-01,9:20,16:19,Work,Monday
66687e6cfc13ae4ed5234bf4,Archaimbaud Dunks,Marketing,2024-01-04,7:35,14:56,Work,Thursday
66687e6cfc13ae4ed5234bf5,Tanhya Beaton,Support,2024-12-05,8:50,17:54,Work,Thursday
66687e6cfc13ae4ed5234bf6,Ginny Holligan,Training,2024-09-06,7:01,17:31,Work,Friday
66687e6cfc13ae4ed5234bf7,Valentino Abbis,Research and Development,2024-02-06,7:35,17:54,Meeting,Tuesday
66687e6cfc13ae4ed5234bf8,Vergil Hambric,Business Development,2024-12-01,8:46,14:01,Work,Sunday
66687e6cfc13ae4ed5234bf9,Ward Nutt,Accounting,2024-11-03,7:19,16:31,Meeting,Sunday
66687e6cfc13ae4ed5234bfa,Gaylene Nizard,Legal,2024-08-06,8:26,16:11,Meeting,Tuesday
66687e6cfc13ae4ed5234bfb,Jess Bedin,Marketing,2024-04-05,9:56,14:46,Meeting,Friday
66687e6cfc13ae4ed5234bfc,Sloan Trunks,Training,2024-10-06,6:04,15:52,Meeting,Sunday
66687e6cfc13ae4ed5234bfd,Trevar Qualtrough,Marketing,2024-06-01,7:38,14:39,Work,Saturday
66687e6cfc13ae4ed5234bfe,Ennis Loakes,Marketing,2024-11-01,7:11,16:32,Work,Friday
66687e6cfc13ae4ed5234bff,Benedikta Baszkiewicz,Marketing,2024-08-03,6:52,17:29,Work,Saturday
66687e6cfc13ae4ed5234c00,Ingram Fernandez,Services,2024-05-06,7:32,16:04,Work,Monday
66687e6cfc13ae4ed5234c01,Andriana Joinsey,Business Development,2024-02-07,6:52,14:38,Work,Wednesday
66687e6cfc13ae4ed5234c02,Zachary Stratford,Marketing,2024-11-06,8:08,15:57,Work,Wednesday
66687e6cfc13ae4ed5234c03,Matty Gounod,Research and Development,2024-02-06,9:11,17:38,Training,Tuesday
66687e6cfc13ae4ed5234c04,Rolph Looby,Engineering,2024-11-02,8:13,14:41,Meeting,Saturday
66687e6cfc13ae4ed5234c05,Feliza Patel,Marketing,2024-04-04,8:15,14:26,Work,Thursday
66687e6cfc13ae4ed5234c06,Lyle Felder,Services,2024-12-06,9:35,14:52,Meeting,Friday
66687e6cfc13ae4ed5234c07,Ignacio Hintzer,Marketing,2024-03-04,6:46,16:01,Work,Monday
66687e6cfc13ae4ed5234c08,Bethany Minchin,Business Development,2024-03-01,6:24,17:27,Work,Friday
66687e6cfc13ae4ed5234c09,Fayth Basant,Business Development,2024-09-01,6:30,16:08,Work,Sunday
66687e6cfc13ae4ed5234c0a,Waneta Tumilty,Accounting,2024-06-03,6:01,17:44,Work,Monday
66687e6cfc13ae4ed5234c0b,Darn Matelyunas,Sales,2024-12-06,7:25,17:40,Client Visit,Friday
66687e6cfc13ae4ed5234c0c,Byron Kohn,Product Management,2024-01-04,6:46,16:05,Meeting,Thursday
66687e6cfc13ae4ed5234c0d,Anderson Mincini,Legal,2024-03-07,6:32,17:20,Client Visit,Thursday
66687e6cfc13ae4ed5234c0e,Harriett Polkinghorne,Support,2024-10-07,8:13,15:24,Meeting,Monday
66687e6cfc13ae4ed5234c0f,Raffaello Tabourel,Business Development,2024-12-04,8:55,17:17,Training,Wednesday
66687e6cfc13ae4ed5234c10,Tammy O'Donohue,Engineering,2024-09-03,6:24,16:12,Meeting,Tuesday
66687e6cfc13ae4ed5234c11,Derby Jenkison,Human Resources,2024-04-07,7:55,17:17,Work,Sunday
66687e6cfc13ae4ed5234c12,Nicole Torricina,Support,2024-02-03,8:16,14:29,Training,Saturday
66687e6cfc13ae4ed5234c13,Ginger Haysar,Services,2024-09-02,9:08,17:53,Work,Monday
66687e6cfc13ae4ed5234c14,Taddeusz De Ruel,Marketing,2024-02-07,7:48,15:13,Work,Wednesday
66687e6cfc13ae4ed5234c15,Thorpe Sowersby,Product Management,2024-09-05,7:48,14:13,Meeting,Thursday
66687e6cfc13ae4ed5234c16,Christy Fleisch,Human Resources,2024-12-07,9:04,16:37,Meeting,Saturday
66687e6cfc13ae4ed5234c17,West Twitty,Marketing,2024-01-06,8:21,14:15,Training,Saturday
66687e6cfc13ae4ed5234c18,Lynnette Schenkel,Services,2024-09-01,8:06,14:27,Meeting,Sunday
66687e6cfc13ae4ed5234c19,Balduin Reaney,Research and Development,2024-03-02,6:11,15:18,Meeting,Saturday
66687e6cfc13ae4ed5234c1a,Teresita Alderwick,Human Resources,2024-04-01,9:31,15:37,Work,Monday
66687e6cfc13ae4ed5234c1b,Jordain Sandeford,Services,2024-09-06,6:49,14:07,Training,Friday
66687e6cfc13ae4ed5234c1c,Phineas Lawrenz,Human Resources,2024-03-04,6:05,16:51,Work,Monday
66687e6cfc13ae4ed5234c1d,Doris Dudmarsh,Research and Development,2024-01-01,7:13,17:11,Training,Monday
66687e6cfc13ae4ed5234c1e,Dionis Riddiford,Services,2024-09-07,6:21,17:33,Work,Saturday
66687e6cfc13ae4ed5234c1f,Carmela Cluderay,Research and Development,2024-10-04,8:49,16:03,Work,Friday
66687e6cfc13ae4ed5234c20,Sebastien Peealess,Product Management,2024-04-06,8:58,16:51,Client Visit,Saturday
66687e6cfc13ae4ed5234c21,Llewellyn Bowerbank,Legal,2024-08-05,7:43,15:29,Work,Monday
66687e6cfc13ae4ed5234c22,Genvieve Muccino,Business Development,2024-09-04,7:03,16:49,Work,Wednesday
66687e6cfc13ae4ed5234c23,Jaquelin Dunphy,Sales,2024-06-01,8:00,14:45,Work,Saturday
66687e6cfc13ae4ed5234c24,Mari Fagge,Product Management,2024-12-07,6:04,17:46,Work,Saturday
66687e6cfc13ae4ed5234c25,Marilin Heinonen,Human Resources,2024-02-03,6:32,16:36,Meeting,Saturday
66687e6cfc13ae4ed5234c26,Veriee Passie,Human Resources,2024-03-02,8:19,15:32,Meeting,Saturday
66687e6cfc13ae4ed5234c27,Lira Roget,Training,2024-01-04,9:49,15:36,Work,Thursday
66687e6cfc13ae4ed5234c28,Burt Darker,Accounting,2024-08-05,6:33,14:16,Meeting,Monday
66687e6cfc13ae4ed5234c29,Julienne Chipps,Support,2024-10-01,6:18,14:21,Work,Tuesday
66687e6cfc13ae4ed5234c2a,Lauryn Court,Training,2024-01-05,9:45,17:11,Work,Friday
66687e6cfc13ae4ed5234c2b,Caterina Oiseau,Human Resources,2024-05-06,8:15,17:54,Training,Monday
66687e6cfc13ae4ed5234c2c,Merrili Pepperd,Support,2024-04-06,7:12,16:45,Meeting,Saturday
66687e6cfc13ae4ed5234c2d,Bing Pouton,Services,2024-03-07,6:28,14:33,Meeting,Thursday
66687e6cfc13ae4ed5234c2e,Ilyssa Betancourt,Research and Development,2024-07-05,8:09,17:38,Work,Friday
66687e6cfc13ae4ed5234c2f,Kendricks Scurman,Training,2024-06-05,8:37,16:51,Training,Wednesday
66687e6cfc13ae4ed5234c30,Connie Threlkeld,Business Development,2024-05-01,7:00,17:44,Meeting,Wednesday
66687e6cfc13ae4ed5234c31,Basile McLean,Support,2024-12-06,9:14,15:05,Training,Friday
66687e6cfc13ae4ed5234c32,Mervin Jephcott,Business Development,2024-06-04,6:22,17:20,Client Visit,Tuesday
66687e6cfc13ae4ed5234c33,Sheffie Hamlen,Engineering,2024-12-07,6:56,15:35,Work,Saturday
66687e6cfc13ae4ed5234c34,Rice Dailly,Human Resources,2024-12-05,9:07,16:06,Work,Thursday
66687e6cfc13ae4ed5234c35,Cullan de'-Ancy Willis,Services,2024-03-06,6:36,14:41,Work,Wednesday
66687e6cfc13ae4ed5234c36,Corilla Prestidge,Human Resources,2024-10-02,7:59,16:29,Work,Wednesday
66687e6cfc13ae4ed5234c37,Yorker Wittman,Training,2024-01-06,6:16,15:09,Work,Saturday
66687e6cfc13ae4ed5234c38,Corabella Henrie,Legal,2024-12-03,6:57,17:32,Work,Tuesday
66687e6cfc13ae4ed5234c39,Anselm Willshire,Legal,2024-06-07,8:40,16:41,Work,Friday
66687e6cfc13ae4ed5234c3a,Faith Lambden,Accounting,2024-01-03,6:04,15:42,Meeting,Wednesday
66687e6cfc13ae4ed5234c3b,Deane Kearns,Support,2024-04-02,6:56,14:25,Meeting,Tuesday
66687e6cfc13ae4ed5234c3c,Boniface Bubbear,Accounting,2024-10-06,7:09,14:41,Training,Sunday
66687e6cfc13ae4ed5234c3d,Abbe Rishman,Engineering,2024-12-02,6:02,15:14,Meeting,Monday
66687e6cfc13ae4ed5234c3e,Nanine Symones,Legal,2024-10-05,8:03,16:12,Training,Saturday
66687e6cfc13ae4ed5234c3f,Darn Attac,Human Resources,2024-09-04,9:07,17:08,Training,Wednesday
66687e6cfc13ae4ed5234c40,Petronella Walklett,Human Resources,2024-08-04,7:25,16:00,Client Visit,Sunday
66687e6cfc13ae4ed5234c41,Barrie Baack,Business Development,2024-08-02,9:32,17:34,Work,Friday
66687e6cfc13ae4ed5234c42,Ingram Allan,Legal,2024-02-02,7:02,16:44,Client Visit,Friday
66687e6cfc13ae4ed5234c43,Evered Febre,Legal,2024-11-05,6:25,17:56,Meeting,Tuesday
66687e6cfc13ae4ed5234c44,Editha Ricci,Sales,2024-01-05,6:59,14:29,Meeting,Friday
66687e6cfc13ae4ed5234c45,Kippie Monery,Sales,2024-01-06,9:31,16:58,Meeting,Saturday
66687e6cfc13ae4ed5234c46,Dorothy Dobrovsky,Sales,2024-02-07,8:56,15:15,Meeting,Wednesday
66687e6cfc13ae4ed5234c47,Curtis Freschini,Training,2024-09-05,7:22,15:09,Work,Thursday
66687e6cfc13ae4ed5234c48,Zeb Rickards,Legal,2024-06-07,6:54,17:49,Training,Friday
66687e6cfc13ae4ed5234c49,Marcos Backshill,Human Resources,2024-06-02,6:04,16:04,Meeting,Sunday
66687e6cfc13ae4ed5234c4a,Phaidra Simonaitis,Support,2024-03-07,6:38,15:51,Work,Thursday
66687e6cfc13ae4ed5234c4b,Sadye Benford,Product Management,2024-12-04,7:28,14:55,Work,Wednesday
66687e6cfc13ae4ed5234c4c,Francene Kollaschek,Research and Development,2024-11-02,6:39,16:07,Meeting,Saturday
66687e6cfc13ae4ed5234c4d,Rubina Warnes,Engineering,2024-06-01,8:24,15:21,Work,Saturday
66687e6cfc13ae4ed5234c4e,Tandie MacGiolla,Accounting,2024-01-05,9:41,16:14,Work,Friday
66687e6cfc13ae4ed5234c4f,Germaine Gottschalk,Human Resources,2024-04-04,8:16,16:22,Work,Thursday
66687e6cfc13ae4ed5234c50,Antony Clemon,Human Resources,2024-03-06,6:15,15:07,Training,Wednesday
66687e6cfc13ae4ed5234c51,Sidnee Leyshon,Accounting,2024-11-07,9:13,15:33,Work,Thursday
66687e6cfc13ae4ed5234c52,Cass Cochern,Marketing,2024-03-01,9:03,15:28,Work,Friday
66687e6cfc13ae4ed5234c53,Ilyssa Teligin,Legal,2024-11-05,7:35,17:34,Meeting,Tuesday
66687e6cfc13ae4ed5234c54,Kaitlyn Habbal,Product Management,2024-02-05,9:40,14:43,Work,Monday
66687e6cfc13ae4ed5234c55,Ninette Brehaut,Engineering,2024-08-03,7:47,15:05,Work,Saturday
66687e6cfc13ae4ed5234c56,Billie Bruin,Research and Development,2024-01-02,8:09,15:28,Meeting,Tuesday
66687e6cfc13ae4ed5234c57,Antoni Hargrove,Support,2024-05-05,9:42,15:07,Work,Sunday
66687e6cfc13ae4ed5234c58,Michele Petrusch,Research and Development,2024-03-02,6:16,15:38,Training,Saturday
66687e6cfc13ae4ed5234c59,Quentin Montel,Support,2024-11-07,7:11,14:45,Training,Thursday
66687e6cfc13ae4ed5234c5a,Gianna Norman,Training,2024-10-03,9:19,17:27,Work,Thursday
66687e6cfc13ae4ed5234c5b,Leopold Mapletoft,Marketing,2024-06-07,7:55,14:57,Work,Friday
66687e6cfc13ae4ed5234c5c,Yuri Sheber,Engineering,2024-10-06,7:02,15:14,Client Visit,Sunday
66687e6cfc13ae4ed5234c5d,Dedie Grendon,Product Management,2024-08-06,9:02,17:52,Work,Tuesday
66687e6cfc13ae4ed5234c5e,Rollo Boog,Product Management,2024-04-06,8:39,16:50,Client Visit,Saturday
66687e6cfc13ae4ed5234c5f,Preston Burrell,Training,2024-03-04,6:14,17:55,Work,Monday
66687e6cfc13ae4ed5234c60,Rice Fender,Sales,2024-06-03,9:24,16:05,Work,Monday
66687e6cfc13ae4ed5234c61,Chlo Lesmonde,Support,2024-03-06,6:41,15:12,Training,Wednesday
66687e6cfc13ae4ed5234c62,Frayda McPhilemy,Services,2024-02-01,7:37,16:55,Meeting,Thursday
66687e6cfc13ae4ed5234c63,Milly Grewar,Engineering,2024-04-06,6:33,17:45,Work,Saturday
66687e6cfc13ae4ed5234c64,Rita D'Costa,Business Development,2024-09-03,6:27,15:35,Meeting,Tuesday
66687e6cfc13ae4ed5234c65,Henry Taplow,Research and Development,2024-04-07,7:53,14:17,Meeting,Sunday
66687e6cfc13ae4ed5234c66,Cchaddie Icke,Accounting,2024-09-01,8:20,14:16,Work,Sunday
66687e6cfc13ae4ed5234c67,Waly Divall,Accounting,2024-01-02,9:21,17:23,Work,Tuesday
66687e6cfc13ae4ed5234c68,Blinny Duce,Engineering,2024-10-06,6:03,16:13,Meeting,Sunday
66687e6cfc13ae4ed5234c69,Hilde Gonsalo,Services,2024-07-04,9:52,16:29,Work,Thursday
66687e6cfc13ae4ed5234c6a,Gardiner Medley,Marketing,2024-01-03,7:31,14:17,Work,Wednesday
66687e6cfc13ae4ed5234c6b,Clerissa Lapidus,Engineering,2024-07-07,7:21,16:21,Training,Sunday
66687e6cfc13ae4ed5234c6c,Ange Linbohm,Research and Development,2024-02-05,9:29,15:32,Meeting,Monday
66687e6cfc13ae4ed5234c6d,Noelyn Antonomoli,Human Resources,2024-02-02,7:50,17:50,Training,Friday
66687e6cfc13ae4ed5234c6e,Melisande Janovsky,Training,2024-07-04,8:12,14:25,Work,Thursday
66687e6cfc13ae4ed5234c6f,Renata Price,Human Resources,2024-05-02,9:51,14:57,Meeting,Thursday
66687e6cfc13ae4ed5234c70,Arnoldo Doumer,Business Development,2024-03-01,6:34,17:43,Training,Friday
66687e6cfc13ae4ed5234c71,Rina Garrard,Human Resources,2024-02-05,6:10,15:49,Work,Monday
66687e6cfc13ae4ed5234c72,Laina Petyt,Engineering,2024-03-02,6:17,16:49,Meeting,Saturday
66687e6cfc13ae4ed5234c73,Sukey Thorwarth,Research and Development,2024-12-03,7:22,14:26,Meeting,Tuesday
66687e6cfc13ae4ed5234c74,Berkeley Crole,Support,2024-12-07,6:31,15:14,Meeting,Saturday
66687e6cfc13ae4ed5234c75,Quintilla Phippin,Services,2024-07-07,6:12,14:52,Meeting,Sunday
66687e6cfc13ae4ed5234c76,Stearne Wheatman,Services,2024-05-07,6:39,15:01,Work,Tuesday
66687e6cfc13ae4ed5234c77,Yolanthe Potes,Services,2024-01-02,6:24,15:34,Meeting,Tuesday
66687e6cfc13ae4ed5234c78,Bernete Whitelaw,Services,2024-09-06,9:30,17:01,Work,Friday
66687e6cfc13ae4ed5234c79,Maximilianus Sallier,Marketing,2024-11-01,6:26,16:10,Meeting,Friday
66687e6cfc13ae4ed5234c7a,Ricca Torvey,Support,2024-07-05,9:07,15:25,Work,Friday
66687e6cfc13ae4ed5234c7b,Kala Whartonby,Training,2024-11-02,8:18,16:12,Meeting,Saturday
66687e6cfc13ae4ed5234c7c,Lauryn Ciobutaru,Support,2024-04-07,8:31,14:09,Training,Sunday
66687e6cfc13ae4ed5234c7d,Van Robottham,Support,2024-04-01,7:52,17:31,Work,Monday
66687e6cfc13ae4ed5234c7e,Ragnar Studholme,Services,2024-11-01,8:04,17:03,Training,Friday
66687e6cfc13ae4ed5234c7f,Celestyn Rasper,Engineering,2024-04-07,9:03,14:31,Client Visit,Sunday
66687e6cfc13ae4ed5234c80,Alanna Blacksell,Accounting,2024-02-04,8:40,15:47,Work,Sunday
66687e6cfc13ae4ed5234c81,Ag Gonnard,Training,2024-04-06,9:49,16:33,Work,Saturday
66687e6cfc13ae4ed5234c82,Mirabel Schoenrock,Legal,2024-10-02,7:43,14:33,Meeting,Wednesday
66687e6cfc13ae4ed5234c83,Fae Ollie,Marketing,2024-07-03,9:00,15:36,Meeting,Wednesday
66687e6cfc13ae4ed5234c84,Christy Jikylls,Research and Development,2024-11-01,7:38,16:56,Training,Friday
66687e6cfc13ae4ed5234c85,Stacie Carde,Legal,2024-03-03,7:57,14:33,Training,Sunday
66687e6cfc13ae4ed5234c86,Bentlee Brumfitt,Engineering,2024-12-01,7:33,15:17,Meeting,Sunday
66687e6cfc13ae4ed5234c87,Marley Timewell,Support,2024-08-07,7:26,14:52,Work,Wednesday
66687e6cfc13ae4ed5234c88,Leroy Clandillon,Sales,2024-11-04,8:03,15:38,Meeting,Monday
66687e6cfc13ae4ed5234c89,Shanie Kinningley,Support,2024-11-06,9:15,17:44,Training,Wednesday
66687e6cfc13ae4ed5234c8a,Leann Goulbourne,Accounting,2024-10-05,6:56,15:16,Training,Saturday
66687e6cfc13ae4ed5234c8b,Vittorio Canter,Training,2024-08-06,7:51,14:25,Training,Tuesday
66687e6cfc13ae4ed5234c8c,Eleanore Manicomb,Legal,2024-03-05,7:19,16:21,Work,Tuesday
66687e6cfc13ae4ed5234c8d,Lyn Spadelli,Engineering,2024-11-02,8:40,17:45,Training,Saturday
66687e6cfc13ae4ed5234c8e,Marthe Fishleigh,Product Management,2024-11-06,7:07,16:25,Work,Wednesday
66687e6cfc13ae4ed5234c8f,Austine Poizer,Legal,2024-05-02,9:30,17:27,Work,Thursday
66687e6cfc13ae4ed5234c90,Janessa Crowley,Accounting,2024-08-03,7:40,14:24,Training,Saturday
66687e6cfc13ae4ed5234c91,Graehme Gypps,Business Development,2024-03-01,7:39,16:48,Work,Friday
66687e6cfc13ae4ed5234c92,Rory Mustarde,Marketing,2024-01-02,6:21,16:05,Meeting,Tuesday
66687e6cfc13ae4ed5234c93,Shay Arnely,Engineering,2024-05-01,6:37,14:50,Work,Wednesday
66687e6cfc13ae4ed5234c94,Ned Dodworth,Human Resources,2024-03-04,6:15,15:11,Work,Monday
66687e6cfc13ae4ed5234c95,Minne McKim,Product Management,2024-03-03,6:52,14:33,Training,Sunday
66687e6cfc13ae4ed5234c96,Wendye Walthall,Sales,2024-08-05,9:51,14:48,Meeting,Monday
66687e6cfc13ae4ed5234c97,Sydelle Cartman,Engineering,2024-03-01,6:37,16:26,Work,Friday
66687e6cfc13ae4ed5234c98,Newton Lamberth,Legal,2024-09-03,7:22,16:27,Training,Tuesday
66687e6cfc13ae4ed5234c99,Crysta Sivill,Human Resources,2024-06-04,6:51,14:12,Work,Tuesday
66687e6cfc13ae4ed5234c9a,Cammy Quipp,Sales,2024-10-07,8:49,16:03,Meeting,Monday
66687e6cfc13ae4ed5234c9b,Cris Washtell,Training,2024-10-07,7:26,17:23,Meeting,Monday
66687e6cfc13ae4ed5234c9c,Garrard Pasterfield,Human Resources,2024-11-02,6:56,15:35,Work,Saturday
66687e6cfc13ae4ed5234c9d,Kevan Shanahan,Support,2024-02-02,6:31,15:16,Meeting,Friday
66687e6cfc13ae4ed5234c9e,Del Barnard,Accounting,2024-05-02,8:34,16:30,Work,Thursday
66687e6cfc13ae4ed5234c9f,Oliver Farmer,Human Resources,2024-04-02,9:13,17:31,Work,Tuesday
66687e6cfc13ae4ed5234ca0,Zaneta Peaker,Business Development,2024-06-07,6:32,17:40,Work,Friday
66687e6cfc13ae4ed5234ca1,Petey Durram,Support,2024-08-01,7:49,14:10,Client Visit,Thursday
66687e6cfc13ae4ed5234ca2,Belinda Tumilson,Training,2024-12-04,9:39,14:24,Work,Wednesday
66687e6cfc13ae4ed5234ca3,Gasper Itscowics,Marketing,2024-12-07,6:53,15:35,Work,Saturday
66687e6cfc13ae4ed5234ca4,Lishe Bacup,Services,2024-10-01,8:47,14:36,Meeting,Tuesday
66687e6cfc13ae4ed5234ca5,Josy Harman,Product Management,2024-02-04,6:24,16:39,Meeting,Sunday
66687e6cfc13ae4ed5234ca6,Arlyne De Dei,Product Management,2024-10-04,9:12,17:31,Client Visit,Friday
66687e6cfc13ae4ed5234ca7,Jackson Luckin,Business Development,2024-02-01,6:19,16:49,Work,Thursday
66687e6cfc13ae4ed5234ca8,Cirilo Dewitt,Engineering,2024-09-04,6:57,15:16,Work,Wednesday
66687e6cfc13ae4ed5234ca9,Mead Cortin,Services,2024-10-05,7:29,16:47,Training,Saturday
66687e6cfc13ae4ed5234caa,Tabbie Mudge,Services,2024-02-02,8:26,15:20,Work,Friday
66687e6cfc13ae4ed5234cab,Ryann Brainsby,Training,2024-11-06,6:13,17:58,Client Visit,Wednesday
66687e6cfc13ae4ed5234cac,Ros Kerfut,Product Management,2024-07-05,6:29,14:15,Work,Friday
66687e6cfc13ae4ed5234cad,Kiley Jay,Legal,2024-12-06,6:50,14:50,Meeting,Friday
66687e6cfc13ae4ed5234cae,Ives McKeller,Product Management,2024-11-07,8:20,15:19,Client Visit,Thursday
66687e6cfc13ae4ed5234caf,Blondie Lampard,Services,2024-05-01,6:53,14:07,Work,Wednesday
66687e6cfc13ae4ed5234cb0,Lem Vickerstaff,Support,2024-06-01,7:40,17:49,Work,Saturday
66687e6cfc13ae4ed5234cb1,Daniela Shawel,Legal,2024-08-04,7:58,14:03,Meeting,Sunday
66687e6cfc13ae4ed5234cb2,Piggy Maggiore,Marketing,2024-05-01,6:35,16:24,Work,Wednesday
66687e6cfc13ae4ed5234cb3,Evaleen Asken,Business Development,2024-01-03,6:37,17:20,Meeting,Wednesday
66687e6cfc13ae4ed5234cb4,Harbert Kenshole,Training,2024-10-05,8:29,15:06,Work,Saturday
66687e6cfc13ae4ed5234cb5,Janot Launder,Legal,2024-01-06,9:27,16:30,Work,Saturday
66687e6cfc13ae4ed5234cb6,Dodie Tommen,Marketing,2024-02-07,8:34,15:57,Work,Wednesday
66687e6cfc13ae4ed5234cb7,Philippine Jacobi,Human Resources,2024-06-02,9:33,14:48,Work,Sunday
66687e6cfc13ae4ed5234cb8,Roslyn Lerer,Accounting,2024-06-03,6:37,17:37,Work,Monday
66687e6cfc13ae4ed5234cb9,Vittoria Kippie,Accounting,2024-10-06,8:19,14:50,Work,Sunday
66687e6cfc13ae4ed5234cba,Engelbert Giercke,Accounting,2024-11-03,6:57,15:01,Client Visit,Sunday
66687e6cfc13ae4ed5234cbb,Elene Illyes,Sales,2024-04-03,9:26,14:14,Work,Wednesday
66687e6cfc13ae4ed5234cbc,Veronique Brisse,Marketing,2024-01-07,9:36,16:51,Training,Sunday
66687e6cfc13ae4ed5234cbd,Banky Eisenberg,Services,2024-02-03,6:12,17:26,Training,Saturday
66687e6cfc13ae4ed5234cbe,Ammamaria Caile,Product Management,2024-09-05,7:40,14:07,Training,Thursday
66687e6cfc13ae4ed5234cbf,Augusto Lock,Accounting,2024-11-01,9:36,17:00,Training,Friday
66687e6cfc13ae4ed5234cc0,Salvidor Cruise,Accounting,2024-10-02,6:06,16:49,Meeting,Wednesday
66687e6cfc13ae4ed5234cc1,Christiane Sheerman,Product Management,2024-06-06,9:26,16:25,Work,Thursday
66687e6cfc13ae4ed5234cc2,Kleon Gillam,Human Resources,2024-12-03,7:12,14:14,Work,Tuesday
66687e6cfc13ae4ed5234cc3,Robers Lippitt,Engineering,2024-01-07,9:53,17:34,Work,Sunday
66687e6cfc13ae4ed5234cc4,Killy Bacchus,Business Development,2024-11-02,6:53,16:39,Meeting,Saturday
66687e6cfc13ae4ed5234cc5,Dougy Caplin,Accounting,2024-06-07,8:55,15:34,Meeting,Friday
66687e6cfc13ae4ed5234cc6,Carol-jean Bouchier,Engineering,2024-04-06,9:06,16:43,Work,Saturday
66687e6cfc13ae4ed5234cc7,Estell Beldom,Services,2024-11-01,9:18,15:08,Training,Friday
66687e6cfc13ae4ed5234cc8,Forester Somerscales,Sales,2024-10-03,9:05,16:53,Training,Thursday
66687e6cfc13ae4ed5234cc9,Antonie Uridge,Research and Development,2024-12-03,8:49,16:12,Work,Tuesday
66687e6cfc13ae4ed5234cca,Brigham Grovier,Human Resources,2024-04-05,7:42,14:04,Meeting,Friday
66687e6cfc13ae4ed5234ccb,Osmund Langford,Legal,2024-11-04,8:06,15:06,Work,Monday
66687e6cfc13ae4ed5234ccc,Gaven Pierse,Legal,2024-11-07,6:56,16:02,Work,Thursday
66687e6cfc13ae4ed5234ccd,Geno Ranyelld,Marketing,2024-08-03,6:56,15:25,Meeting,Saturday
66687e6cfc13ae4ed5234cce,Wakefield Blumer,Support,2024-10-04,8:38,17:27,Training,Friday
66687e6cfc13ae4ed5234ccf,Jinny Mathewes,Legal,2024-07-05,8:35,16:22,Work,Friday
66687e6cfc13ae4ed5234cd0,Robbie Chaulk,Training,2024-06-05,7:59,17:49,Work,Wednesday
66687e6cfc13ae4ed5234cd1,Perice Vanner,Training,2024-09-06,6:45,17:06,Meeting,Friday
66687e6cfc13ae4ed5234cd2,Deidre Hartell,Sales,2024-08-04,9:53,15:34,Training,Sunday
66687e6cfc13ae4ed5234cd3,Hercules Abrahami,Product Management,2024-11-02,9:17,14:59,Training,Saturday
66687e6cfc13ae4ed5234cd4,Sondra Gormley,Services,2024-05-02,8:47,16:44,Work,Thursday
66687e6cfc13ae4ed5234cd5,Chrysler McVeagh,Accounting,2024-07-06,8:30,15:14,Training,Saturday
66687e6cfc13ae4ed5234cd6,Claudetta Harsent,Engineering,2024-12-03,7:36,17:09,Meeting,Tuesday
66687e6cfc13ae4ed5234cd7,Tiffani Cutforth,Accounting,2024-08-06,7:55,14:31,Meeting,Tuesday
66687e6cfc13ae4ed5234cd8,Kerrie Gwyer,Training,2024-09-05,6:35,14:37,Meeting,Thursday
66687e6cfc13ae4ed5234cd9,Kelwin Kenan,Services,2024-08-02,6:18,15:13,Training,Friday
66687e6cfc13ae4ed5234cda,Roz Kuhnt,Product Management,2024-12-06,7:28,16:49,Training,Friday
66687e6cfc13ae4ed5234cdb,Kerwin Gerhold,Marketing,2024-06-06,8:59,16:10,Work,Thursday
66687e6cfc13ae4ed5234cdc,Rania Mullaly,Training,2024-01-02,6:37,14:02,Training,Tuesday
66687e6cfc13ae4ed5234cdd,Claire MacVay,Sales,2024-07-06,9:25,14:07,Meeting,Saturday
66687e6cfc13ae4ed5234cde,Tamarah Lauks,Research and Development,2024-05-07,6:55,15:51,Client Visit,Tuesday
66687e6cfc13ae4ed5234cdf,Paten Grote,Training,2024-08-04,9:22,14:56,Work,Sunday
66687e6cfc13ae4ed5234ce0,Carmina Rochewell,Product Management,2024-09-05,7:53,15:13,Meeting,Thursday
66687e6cfc13ae4ed5234ce1,Estell Chansonnau,Sales,2024-02-01,6:49,17:54,Work,Thursday
66687e6cfc13ae4ed5234ce2,Goldarina Marchi,Sales,2024-04-03,6:14,14:49,Client Visit,Wednesday
66687e6cfc13ae4ed5234ce3,Ivar Dartnell,Business Development,2024-12-06,7:03,14:27,Work,Friday
66687e6cfc13ae4ed5234ce4,Rosalia Renyard,Human Resources,2024-03-05,7:49,14:55,Work,Tuesday
66687e6cfc13ae4ed5234ce5,Jessey Coram,Business Development,2024-10-01,6:11,17:07,Work,Tuesday
66687e6cfc13ae4ed5234ce6,Mahalia Myner,Marketing,2024-08-04,6:32,14:24,Work,Sunday
66687e6dfc13ae4ed5234ce7,Lisetta Paxforde,Support,2024-07-03,9:37,16:32,Meeting,Wednesday
66687e6dfc13ae4ed5234ce8,Amble Lovel,Human Resources,2024-11-02,7:31,14:56,Work,Saturday
66687e6dfc13ae4ed5234ce9,Benson Trickey,Research and Development,2024-10-01,6:10,15:12,Training,Tuesday
66687e6dfc13ae4ed5234cea,Damaris Corr,Research and Development,2024-10-06,8:38,17:10,Client Visit,Sunday
66687e6dfc13ae4ed5234ceb,Kaylee Wegenen,Support,2024-12-05,6:36,14:47,Meeting,Thursday
66687e6dfc13ae4ed5234cec,Sigvard Emmatt,Training,2024-04-07,6:20,16:00,Work,Sunday
66687e6dfc13ae4ed5234ced,Waylin Seagrave,Services,2024-07-05,7:40,17:17,Meeting,Friday
66687e6dfc13ae4ed5234cee,Sully Cadle,Product Management,2024-10-06,6:16,14:29,Meeting,Sunday
66687e6dfc13ae4ed5234cef,Kassandra Meadowcroft,Research and Development,2024-04-01,8:43,14:44,Training,Monday
66687e6dfc13ae4ed5234cf0,Petronille Yewen,Training,2024-11-04,8:17,16:11,Meeting,Monday
66687e6dfc13ae4ed5234cf1,Gail Hazlegrove,Support,2024-01-01,7:51,17:03,Training,Monday
66687e6dfc13ae4ed5234cf2,Maryjo Cady,Legal,2024-04-04,9:42,15:22,Work,Thursday
66687e6dfc13ae4ed5234cf3,Ashlie Brecken,Research and Development,2024-07-07,6:45,15:14,Work,Sunday
66687e6dfc13ae4ed5234cf4,Oralia Archbald,Business Development,2024-08-05,8:50,15:47,Meeting,Monday
66687e6dfc13ae4ed5234cf5,Reinhold Antal,Research and Development,2024-10-01,7:40,17:29,Meeting,Tuesday
66687e6dfc13ae4ed5234cf6,Stanislaus Stangoe,Product Management,2024-03-04,9:33,17:42,Meeting,Monday
66687e6dfc13ae4ed5234cf7,Harwell Walklate,Engineering,2024-07-06,7:38,15:36,Work,Saturday
66687e6dfc13ae4ed5234cf8,Madlen Mariette,Accounting,2024-11-03,8:56,15:11,Meeting,Sunday
66687e6dfc13ae4ed5234cf9,Benita Alyukin,Legal,2024-06-06,8:40,14:15,Meeting,Thursday
66687e6dfc13ae4ed5234cfa,Bernete Tilzey,Product Management,2024-04-06,7:08,16:43,Training,Saturday
66687e6dfc13ae4ed5234cfb,Arline Couser,Training,2024-12-05,6:56,14:15,Training,Thursday
66687e6dfc13ae4ed5234cfc,Teena Hodjetts,Support,2024-07-04,8:09,16:18,Training,Thursday
66687e6dfc13ae4ed5234cfd,Essie Chyuerton,Research and Development,2024-08-01,7:54,14:54,Meeting,Thursday
66687e6dfc13ae4ed5234cfe,Ernaline D'Onise,Sales,2024-05-07,9:22,17:52,Work,Tuesday
66687e6dfc13ae4ed5234cff,Charmane Tristram,Accounting,2024-01-03,7:37,15:01,Meeting,Wednesday
66687e6dfc13ae4ed5234d00,Roshelle Jolliffe,Accounting,2024-08-07,7:05,17:39,Work,Wednesday
66687e6dfc13ae4ed5234d01,Godwin McSpirron,Sales,2024-08-05,8:41,15:37,Training,Monday
66687e6dfc13ae4ed5234d02,Ardis Daniells,Business Development,2024-04-05,8:47,15:55,Meeting,Friday
66687e6dfc13ae4ed5234d03,Nicolea Dannell,Engineering,2024-06-01,6:35,16:26,Client Visit,Saturday
66687e6dfc13ae4ed5234d04,Cris Basson,Marketing,2024-01-05,9:59,15:47,Client Visit,Friday
66687e6dfc13ae4ed5234d05,Sheeree Woltman,Engineering,2024-12-07,6:00,15:46,Client Visit,Saturday
66687e6dfc13ae4ed5234d06,Joyous Finker,Services,2024-03-01,7:51,15:03,Meeting,Friday
66687e6dfc13ae4ed5234d07,Eugen Mahaddy,Services,2024-11-03,6:32,15:21,Work,Sunday
66687e6dfc13ae4ed5234d08,Wendall Scotson,Engineering,2024-09-04,9:04,15:50,Meeting,Wednesday
66687e6dfc13ae4ed5234d09,Ellene Gynn,Support,2024-07-02,9:25,14:09,Training,Tuesday
66687e6dfc13ae4ed5234d0a,Brittne Benito,Services,2024-03-03,6:28,15:06,Meeting,Sunday
66687e6dfc13ae4ed5234d0b,Maud Escudier,Engineering,2024-05-02,9:13,15:49,Training,Thursday
66687e6dfc13ae4ed5234d0c,Aldo Elderbrant,Research and Development,2024-08-01,8:50,16:45,Training,Thursday
66687e6dfc13ae4ed5234d0d,Rafa Tassell,Marketing,2024-09-01,6:25,17:51,Work,Sunday
66687e6dfc13ae4ed5234d0e,Welbie Harcombe,Sales,2024-03-06,9:16,14:22,Work,Wednesday
66687e6dfc13ae4ed5234d0f,Shirlene Ganiford,Sales,2024-11-07,6:57,14:54,Meeting,Thursday
66687e6dfc13ae4ed5234d10,Eula Ebrall,Accounting,2024-01-06,7:52,17:28,Work,Saturday
66687e6dfc13ae4ed5234d11,Henrik Ducker,Business Development,2024-03-02,6:37,15:40,Meeting,Saturday
66687e6dfc13ae4ed5234d12,Emanuele Firebrace,Product Management,2024-12-01,6:27,14:14,Work,Sunday
66687e6dfc13ae4ed5234d13,Byran Courtier,Product Management,2024-05-05,9:20,17:11,Work,Sunday
66687e6dfc13ae4ed5234d14,Kiele Syder,Legal,2024-03-03,6:20,15:33,Work,Sunday
66687e6dfc13ae4ed5234d15,Port Parvin,Product Management,2024-12-03,9:55,16:34,Training,Tuesday
66687e6dfc13ae4ed5234d16,Devin Cleynman,Legal,2024-01-04,7:16,15:56,Work,Thursday
66687e6dfc13ae4ed5234d17,Jerrie Fraczak,Accounting,2024-01-02,8:34,15:19,Work,Tuesday
66687e6dfc13ae4ed5234d18,Alexa Rounsefull,Legal,2024-09-01,8:32,16:10,Client Visit,Sunday
66687e6dfc13ae4ed5234d19,Ike Baseley,Legal,2024-01-07,9:34,17:41,Meeting,Sunday
66687e6dfc13ae4ed5234d1a,Nerty Crinage,Human Resources,2024-06-01,9:46,17:42,Work,Saturday
66687e6dfc13ae4ed5234d1b,Zahara Treske,Product Management,2024-11-01,7:17,15:49,Meeting,Friday
66687e6dfc13ae4ed5234d1c,Lacey Passler,Engineering,2024-11-04,7:46,14:51,Work,Monday
66687e6dfc13ae4ed5234d1d,Jan Note,Support,2024-02-03,6:44,14:47,Work,Saturday
