id,Employee Name,Department,Visit_Date,Entry_Time,Exit_time,Purpose_of_visit,Day_of_Week
1,Trix Lanyon,Marketing,2024-12-01,7:46:57,08:46:57,Meeting,Sunday
2,Kendall Chuney,Marketing,2024-12-04,6:44:09,13:44:09,Training,Wednesday
3,Lilly Issacson,Research and Development,2024-12-03,9:07:14,15:07:14,Work,Tuesday
4,Carolee Dudleston,Business Development,2024-02-01,7:06:43,12:06:43,Meeting,Thursday
5,Cacilia Partrick,Engineering,2024-08-01,9:13:55,17:13:55,Meeting,Thursday
6,Reyna Huglin,Sales,2024-05-07,9:02:01,12:02:01,Training,Tuesday
7,Artemis Vivian,Human Resources,2024-08-01,9:19:09,13:19:09,Work,Thursday
8,Wait Petrillo,Training,2024-12-04,8:05:31,10:05:31,Work,Wednesday
9,Manon Norree,Product Management,2024-11-05,7:31:53,08:31:53,Meeting,Tuesday
10,Laura Trevithick,Research and Development,2024-07-01,6:24:16,14:24:16,Other,Monday
11,Evered Hartill,Services,2024-04-03,9:29:56,10:29:56,Meeting,Wednesday
12,Pammi Seacroft,Legal,2024-01-02,8:14:57,11:14:57,Client Visit,Tuesday
13,Cacilie Loney,Accounting,2024-02-01,8:17:53,16:17:53,Work,Thursday
14,Cilka Porte,Business Development,2024-06-03,9:30:36,11:30:36,Work,Monday
15,Dottie Cunradi,Support,2024-12-02,6:08:39,13:08:39,Other,Monday
16,Adore Foulds,Legal,2024-08-05,7:30:17,09:30:17,Meeting,Monday
17,Lina Ovington,Human Resources,2024-11-04,7:57:47,13:57:47,Work,Monday
18,Tallulah Tresler,Accounting,2024-07-03,9:34:16,10:34:16,Training,Wednesday
19,Godwin Benninck,Product Management,2024-09-06,6:29:14,14:29:14,Other,Friday
20,Dyan Menis,Accounting,2024-04-05,6:41:31,12:41:31,Work,Friday
21,Emmalynne Hospital,Engineering,2024-02-03,8:37:39,12:37:39,Meeting,Saturday
22,Elisabetta Klemmt,Research and Development,2024-08-05,7:26:14,09:26:14,Client Visit,Monday
23,Rory Grishanin,Legal,2024-02-03,7:56:05,12:56:05,Work,Saturday
24,Jennilee Gardener,Product Management,2024-05-02,8:30:19,11:30:19,Client Visit,Thursday
25,Caren Guilbert,Support,2024-08-03,9:35:56,13:35:56,Work,Saturday
26,Orson Battersby,Engineering,2024-08-01,6:14:38,07:14:38,Work,Thursday
27,Shari Forst,Accounting,2024-12-05,6:43:37,09:43:37,Other,Thursday
28,Kelli Oldroyd,Sales,2024-07-02,8:02:24,13:02:24,Client Visit,Tuesday
29,Martyn Walcot,Support,2024-04-05,6:25:26,10:25:26,Work,Friday
30,Jase Kienl,Engineering,2024-11-07,6:47:30,07:47:30,Meeting,Thursday
31,Harmonie Jamson,Human Resources,2024-02-01,9:41:28,16:41:28,Work,Thursday
32,Alberto Escott,Business Development,2024-04-07,9:42:45,11:42:45,Meeting,Sunday
33,Reggy Philippault,Services,2024-02-04,7:45:34,14:45:34,Other,Sunday
34,Donalt Hartright,Research and Development,2024-11-04,8:54:38,10:54:38,Meeting,Monday
35,Mackenzie Croci,Research and Development,2024-12-04,9:11:11,11:11:11,Work,Wednesday
36,Clark Laverenz,Support,2024-10-01,7:28:07,13:28:07,Work,Tuesday
37,Joey Crystal,Legal,2024-11-02,6:35:00,14:35:00,Meeting,Saturday
38,Helge Gribbell,Business Development,2024-08-04,6:21:11,10:21:11,Work,Sunday
39,Andris Corre,Services,2024-01-01,7:49:24,12:49:24,Other,Monday
40,Delano Rozzier,Legal,2024-12-01,9:18:49,15:18:49,Client Visit,Sunday
41,Chrotoem Bertelmot,Accounting,2024-04-01,9:04:38,10:04:38,Client Visit,Monday
42,Vidovik Doeg,Research and Development,2024-04-03,9:21:14,12:21:14,Work,Wednesday
43,Ferris Nazareth,Support,2024-05-03,8:39:00,12:39:00,Work,Friday
44,Sharlene Shilliday,Marketing,2024-01-07,7:36:25,12:36:25,Meeting,Sunday
45,Stephani Sexten,Product Management,2024-07-02,8:56:43,13:56:43,Client Visit,Tuesday
46,Fields Kliement,Product Management,2024-11-07,9:57:12,11:57:12,Other,Thursday
47,Jayme O'Cuddie,Research and Development,2024-02-04,6:04:24,10:04:24,Meeting,Sunday
48,Florry Headington,Accounting,2024-04-04,9:41:56,14:41:56,Training,Thursday
49,Marabel Gapper,Training,2024-07-02,6:02:41,13:02:41,Work,Tuesday
50,Willow Logg,Sales,2024-06-05,7:11:22,13:11:22,Meeting,Wednesday
51,Donaugh Breffit,Accounting,2024-02-04,7:19:21,12:19:21,Client Visit,Sunday
52,Deirdre Eads,Services,2024-05-01,8:39:45,15:39:45,Client Visit,Wednesday
53,Frederik Gibling,Research and Development,2024-02-02,8:05:10,15:05:10,Work,Friday
54,Nickola Scarborough,Training,2024-12-03,8:02:54,10:02:54,Client Visit,Tuesday
55,Callie Wyre,Research and Development,2024-02-01,7:02:06,10:02:06,Meeting,Thursday
56,Padraic Quantrell,Engineering,2024-07-06,8:08:19,15:08:19,Meeting,Saturday
57,Oliver Yaneev,Sales,2024-06-03,8:20:23,10:20:23,Work,Monday
58,Evelina Hestrop,Legal,2024-12-05,7:37:38,14:37:38,Work,Thursday
59,Corby Benda,Training,2024-08-06,8:46:18,16:46:18,Work,Tuesday
60,Bethena Nijs,Services,2024-02-01,9:21:35,15:21:35,Client Visit,Thursday
61,Cammy Casacchia,Business Development,2024-04-07,8:44:00,14:44:00,Meeting,Sunday
62,Morley Wrightem,Research and Development,2024-11-06,8:22:30,16:22:30,Work,Wednesday
63,Antoine Malatalant,Engineering,2024-10-07,8:37:32,15:37:32,Meeting,Monday
64,Theodore Darque,Engineering,2024-04-05,6:57:07,13:57:07,Meeting,Friday
65,Deb Bernard,Engineering,2024-11-05,6:15:49,14:15:49,Work,Tuesday
66,Gale Matzke,Marketing,2024-12-07,9:44:02,17:44:02,Work,Saturday
67,Raleigh Aluard,Marketing,2024-03-01,8:51:09,13:51:09,Other,Friday
68,Kori Jenson,Research and Development,2024-06-07,7:28:28,09:28:28,Work,Friday
69,Korry Reboul,Accounting,2024-05-06,8:38:31,09:38:31,Meeting,Monday
70,Hilary Haggie,Training,2024-08-02,6:21:28,10:21:28,Work,Friday
71,Christiano Philbrick,Research and Development,2024-07-04,6:27:40,08:27:40,Other,Thursday
72,Charyl Chetham,Sales,2024-03-02,9:10:52,13:10:52,Work,Saturday
73,Willis Dryburgh,Marketing,2024-08-07,6:44:43,08:44:43,Meeting,Wednesday
74,Emmye Phipp,Training,2024-06-03,8:25:18,16:25:18,Meeting,Monday
75,Germaine Girone,Business Development,2024-04-02,7:38:42,15:38:42,Work,Tuesday
76,Dacey Broadbere,Business Development,2024-01-07,7:32:22,10:32:22,Meeting,Sunday
77,Windy Haycraft,Marketing,2024-06-06,9:51:22,14:51:22,Other,Thursday
78,Isabelle Greensall,Support,2024-09-01,8:00:15,11:00:15,Meeting,Sunday
79,Gipsy Parsons,Product Management,2024-07-04,8:58:47,09:58:47,Meeting,Thursday
80,Jess Izod,Legal,2024-01-02,8:27:00,12:27:00,Meeting,Tuesday
81,Roma Livingstone,Training,2024-10-07,8:21:26,14:21:26,Training,Monday
82,Julina Van Leijs,Sales,2024-07-04,9:37:32,13:37:32,Meeting,Thursday
83,Hulda Praten,Legal,2024-01-03,6:43:47,09:43:47,Work,Wednesday
84,Marcela Boshere,Sales,2024-04-01,6:16:21,09:16:21,Work,Monday
85,Nappy Scarisbrick,Marketing,2024-06-02,9:58:38,11:58:38,Meeting,Sunday
86,Zorana Hankins,Accounting,2024-10-04,6:58:40,11:58:40,Other,Friday
87,Gizela Daintith,Marketing,2024-05-07,6:12:27,07:12:27,Training,Tuesday
88,Rora Pantridge,Accounting,2024-05-05,6:30:31,10:30:31,Meeting,Sunday
89,Brinna Kuzemka,Sales,2024-05-01,6:17:53,08:17:53,Client Visit,Wednesday
90,Kris Maginot,Engineering,2024-09-05,8:25:09,16:25:09,Work,Thursday
91,Baily Cotilard,Training,2024-03-03,6:17:28,07:17:28,Training,Sunday
92,Billye Wenham,Marketing,2024-01-01,6:37:29,07:37:29,Meeting,Monday
93,Gisela Duley,Sales,2024-11-07,8:25:36,15:25:36,Meeting,Thursday
94,Iormina Grebner,Legal,2024-01-04,9:35:54,17:35:54,Other,Thursday
95,Bidget Sexton,Business Development,2024-09-05,8:00:48,15:00:48,Other,Thursday
96,Kerr Plet,Accounting,2024-02-06,9:51:24,15:51:24,Work,Tuesday
97,Sid Matton,Research and Development,2024-04-02,9:38:31,15:38:31,Other,Tuesday
98,Donia Cannavan,Support,2024-04-03,9:47:24,14:47:24,Work,Wednesday
99,Lyn Merring,Legal,2024-06-03,7:35:28,14:35:28,Training,Monday
100,Westleigh Glendza,Support,2024-10-01,9:32:27,12:32:27,Training,Tuesday
101,Vittoria Silliman,Legal,2024-01-02,8:21:22,14:21:22,Meeting,Tuesday
102,Constancia Henke,Legal,2024-08-03,9:59:16,11:59:16,Other,Saturday
103,Lorri Ferrieres,Human Resources,2024-11-01,6:32:07,08:32:07,Training,Friday
104,Layton Jansey,Accounting,2024-06-07,7:08:17,09:08:17,Meeting,Friday
105,Marjory O'Connel,Accounting,2024-05-01,7:50:05,10:50:05,Meeting,Wednesday
106,Roda Sketcher,Product Management,2024-07-01,7:55:29,10:55:29,Meeting,Monday
107,Florence Clay,Accounting,2024-12-04,9:32:20,16:32:20,Meeting,Wednesday
108,Delinda Goskar,Accounting,2024-01-05,6:36:17,13:36:17,Other,Friday
109,Brew Cluely,Training,2024-07-05,7:42:47,15:42:47,Meeting,Friday
110,Dougie Shilston,Research and Development,2024-04-04,8:39:19,10:39:19,Meeting,Thursday
111,Scotty O' Loughran,Marketing,2024-09-07,8:01:41,13:01:41,Other,Saturday
112,Juliann Starkings,Services,2024-09-02,6:51:44,14:51:44,Work,Monday
113,Maryl Caudle,Marketing,2024-10-07,6:14:35,10:14:35,Work,Monday
114,Helaina McDavid,Product Management,2024-04-01,8:07:19,13:07:19,Training,Monday
115,Cacilia Mayell,Accounting,2024-07-05,7:48:25,09:48:25,Work,Friday
116,Sean Garter,Training,2024-10-03,7:02:45,13:02:45,Meeting,Thursday
117,Lucilia Gantlett,Business Development,2024-03-03,9:06:02,11:06:02,Client Visit,Sunday
118,Joane Heindrick,Engineering,2024-06-07,9:57:05,10:57:05,Work,Friday
119,Pia Amsberger,Legal,2024-03-05,7:57:54,15:57:54,Work,Tuesday
120,Otha Hawker,Support,2024-05-07,7:59:48,15:59:48,Training,Tuesday
121,Polly Maxwaile,Business Development,2024-07-01,9:06:32,15:06:32,Work,Monday
122,Basil Bluett,Training,2024-09-03,7:08:16,12:08:16,Meeting,Tuesday
123,Korrie Cordet,Business Development,2024-07-05,6:24:21,14:24:21,Work,Friday
124,Essa Dymoke,Human Resources,2024-10-07,8:02:16,13:02:16,Other,Monday
125,Janos Rapa,Business Development,2024-12-05,8:55:17,12:55:17,Work,Thursday
126,Phedra Panner,Sales,2024-10-05,8:38:43,09:38:43,Meeting,Saturday
127,Shelley Ironside,Accounting,2024-12-06,7:53:02,12:53:02,Client Visit,Friday
128,Myrna Voak,Support,2024-01-05,7:07:27,09:07:27,Work,Friday
129,Rhianna Uttermare,Product Management,2024-06-05,9:46:01,14:46:01,Meeting,Wednesday
130,Julio Breffitt,Human Resources,2024-12-04,8:35:59,14:35:59,Training,Wednesday
131,Elijah Macklin,Engineering,2024-08-04,7:02:00,13:02:00,Training,Sunday
132,Alverta Schelle,Services,2024-04-03,9:57:00,17:57:00,Work,Wednesday
133,Melessa Peyton,Services,2024-05-05,7:40:24,10:40:24,Meeting,Sunday
134,Alwyn Gleadle,Research and Development,2024-11-04,6:33:04,09:33:04,Work,Monday
135,Archambault Larchiere,Services,2024-12-03,6:57:05,10:57:05,Meeting,Tuesday
136,Vern Sherrum,Legal,2024-06-07,7:58:30,13:58:30,Work,Friday
137,Avril Kohrs,Sales,2024-11-03,9:58:10,16:58:10,Meeting,Sunday
138,Crichton Spohrmann,Engineering,2024-03-03,7:08:25,10:08:25,Work,Sunday
139,Lila Firebrace,Product Management,2024-04-02,7:13:38,12:13:38,Meeting,Tuesday
140,Madge Prantoni,Support,2024-07-03,7:34:44,15:34:44,Meeting,Wednesday
141,Darla Towers,Sales,2024-11-03,7:13:57,13:13:57,Work,Sunday
142,Meaghan Schultheiss,Accounting,2024-02-05,6:56:00,11:56:00,Client Visit,Monday
143,Von Biddlestone,Product Management,2024-10-02,9:57:49,12:57:49,Client Visit,Wednesday
144,Zia Goodinge,Training,2024-08-03,6:17:31,11:17:31,Training,Saturday
145,Berta Grendon,Legal,2024-02-07,7:20:35,14:20:35,Other,Wednesday
146,Hobart Bison,Human Resources,2024-05-02,8:51:19,09:51:19,Meeting,Thursday
147,Sallyanne Daughtry,Product Management,2024-11-06,9:26:40,16:26:40,Meeting,Wednesday
148,Mae Unstead,Sales,2024-08-06,7:11:30,12:11:30,Work,Tuesday
149,Freddi Blare,Human Resources,2024-06-01,9:54:06,13:54:06,Work,Saturday
150,Sandye Pigden,Accounting,2024-01-01,9:49:58,11:49:58,Work,Monday
151,Abran Bozier,Business Development,2024-07-06,8:42:49,09:42:49,Work,Saturday
152,Ivan Querrard,Research and Development,2024-09-02,7:29:03,08:29:03,Meeting,Monday
153,Son McRill,Training,2024-01-07,9:44:47,10:44:47,Work,Sunday
154,Meridel Stutt,Services,2024-08-01,9:36:51,13:36:51,Work,Thursday
155,Delilah Spittles,Sales,2024-05-01,9:58:44,11:58:44,Client Visit,Wednesday
156,Avrom Pugsley,Human Resources,2024-10-07,7:22:14,14:22:14,Training,Monday
157,Faith Babbe,Business Development,2024-06-04,8:25:04,13:25:04,Work,Tuesday
158,Thorn Cranham,Marketing,2024-03-04,8:40:33,10:40:33,Client Visit,Monday
159,Ingeborg Vernazza,Marketing,2024-05-06,6:01:28,12:01:28,Client Visit,Monday
160,Jeri Greggersen,Engineering,2024-04-02,8:43:45,12:43:45,Other,Tuesday
161,Harwell Glasser,Support,2024-11-01,7:33:51,11:33:51,Client Visit,Friday
162,Clerc Fake,Product Management,2024-08-07,9:32:30,16:32:30,Meeting,Wednesday
163,Brent Dalgetty,Marketing,2024-07-07,7:39:35,15:39:35,Work,Sunday
164,Claudie Maryon,Marketing,2024-08-06,8:01:56,11:01:56,Client Visit,Tuesday
165,Benyamin Faragan,Accounting,2024-02-01,7:56:06,14:56:06,Work,Thursday
166,Ezmeralda Boissier,Training,2024-12-04,7:59:38,08:59:38,Meeting,Wednesday
167,Quintus Hedge,Training,2024-01-04,9:24:09,14:24:09,Meeting,Thursday
168,Antonius Bullimore,Engineering,2024-11-07,7:56:43,15:56:43,Work,Thursday
169,Tab de Werk,Legal,2024-01-07,9:24:58,10:24:58,Work,Sunday
170,Ofella Inseal,Business Development,2024-08-02,9:05:06,17:05:06,Meeting,Friday
171,Penn Hamshar,Services,2024-07-01,9:11:36,13:11:36,Work,Monday
172,Ricki Delagua,Research and Development,2024-11-06,7:28:22,10:28:22,Client Visit,Wednesday
173,Walton Woodburne,Support,2024-04-04,6:00:36,10:00:36,Meeting,Thursday
174,Jozef Rhelton,Services,2024-07-02,7:09:31,12:09:31,Client Visit,Tuesday
175,Sephira Cohan,Product Management,2024-01-01,8:45:53,09:45:53,Meeting,Monday
176,Abbey McCoughan,Training,2024-02-05,6:05:23,07:05:23,Meeting,Monday
177,Russell Petroulis,Marketing,2024-06-05,7:47:39,15:47:39,Meeting,Wednesday
178,Janek Ings,Research and Development,2024-10-05,7:20:17,15:20:17,Work,Saturday
179,Burnard Mullaly,Support,2024-06-06,7:47:11,13:47:11,Work,Thursday
180,Lilia Balcombe,Training,2024-11-05,6:41:24,07:41:24,Client Visit,Tuesday
181,Swen Iliff,Accounting,2024-07-06,6:38:16,13:38:16,Other,Saturday
182,Merrielle Woosnam,Business Development,2024-12-01,7:21:26,14:21:26,Client Visit,Sunday
183,Yorke Dinnies,Services,2024-10-06,8:46:22,09:46:22,Meeting,Sunday
184,Patsy Whannel,Accounting,2024-03-07,7:03:50,10:03:50,Meeting,Thursday
185,Leticia Krysztofiak,Legal,2024-02-04,8:43:23,09:43:23,Training,Sunday
186,Dael Tschierse,Marketing,2024-02-07,7:24:14,09:24:14,Work,Wednesday
187,Jojo Southwood,Services,2024-12-02,7:51:49,10:51:49,Work,Monday
188,Ferguson Frayling,Human Resources,2024-10-02,8:16:12,10:16:12,Training,Wednesday
189,Caryn Jurgensen,Marketing,2024-04-04,6:34:13,07:34:13,Meeting,Thursday
190,Maryellen Corran,Marketing,2024-05-01,6:58:08,07:58:08,Client Visit,Wednesday
191,Mufi Dhennin,Engineering,2024-05-05,7:36:34,09:36:34,Meeting,Sunday
192,Daven Heyball,Services,2024-04-05,9:32:33,12:32:33,Other,Friday
193,Addison Pentin,Human Resources,2024-07-06,9:43:38,16:43:38,Meeting,Saturday
194,Gideon Nockles,Services,2024-06-06,8:52:05,14:52:05,Work,Thursday
195,Ferdinande Fruchon,Accounting,2024-05-05,7:01:09,14:01:09,Work,Sunday
196,Appolonia Simyson,Research and Development,2024-10-04,9:01:54,14:01:54,Work,Friday
197,Sabra Wellington,Research and Development,2024-06-03,6:14:47,11:14:47,Meeting,Monday
198,Auroora Husselbee,Services,2024-10-07,8:42:20,15:42:20,Meeting,Monday
199,Charmian Pybus,Human Resources,2024-04-01,8:47:54,11:47:54,Work,Monday
200,Major Matuschek,Research and Development,2024-10-01,9:56:17,11:56:17,Work,Tuesday
201,Padraic Ginman,Legal,2024-10-02,8:22:13,16:22:13,Work,Wednesday
202,Martynne Brogiotti,Marketing,2024-10-01,6:34:24,10:34:24,Meeting,Tuesday
203,Ludwig Stede,Product Management,2024-10-01,8:09:07,09:09:07,Meeting,Tuesday
204,Skylar Maffioletti,Legal,2024-07-04,6:23:06,07:23:06,Work,Thursday
205,Babara Mazillius,Marketing,2024-11-02,8:06:37,09:06:37,Meeting,Saturday
206,Jamie Mulvihill,Legal,2024-12-02,6:49:00,09:49:00,Other,Monday
207,Philippe Yarranton,Services,2024-05-03,7:43:54,15:43:54,Meeting,Friday
208,Dur Eaglestone,Sales,2024-05-02,8:14:54,16:14:54,Meeting,Thursday
209,Linet Knowlden,Business Development,2024-01-06,8:03:12,10:03:12,Meeting,Saturday
210,Wilton Foskin,Research and Development,2024-09-05,6:34:19,08:34:19,Meeting,Thursday
211,Rhetta Dagnan,Training,2024-09-07,9:20:35,14:20:35,Other,Saturday
212,Konstance MacArd,Marketing,2024-03-01,8:54:45,16:54:45,Work,Friday
213,Hinda Ellgood,Sales,2024-03-04,7:32:02,12:32:02,Work,Monday
214,Ronny Iddins,Sales,2024-07-02,9:02:06,13:02:06,Meeting,Tuesday
215,Therese McQuode,Research and Development,2024-11-03,8:43:02,15:43:02,Client Visit,Sunday
216,Phoebe Slee,Business Development,2024-02-02,8:03:13,16:03:13,Work,Friday
217,Jade Wade,Support,2024-09-07,7:42:00,14:42:00,Training,Saturday
218,Christal Growcott,Research and Development,2024-04-05,7:40:12,13:40:12,Meeting,Friday
219,Aida Yurenin,Engineering,2024-03-03,6:22:34,10:22:34,Meeting,Sunday
220,Leopold Coutts,Human Resources,2024-10-05,6:07:17,11:07:17,Work,Saturday
221,Rockwell Farmery,Legal,2024-06-05,6:35:46,08:35:46,Other,Wednesday
222,Merill Kulvear,Business Development,2024-08-04,9:30:37,12:30:37,Meeting,Sunday
223,Lauryn Fish,Training,2024-02-05,7:01:32,08:01:32,Work,Monday
224,Licha Alesi,Research and Development,2024-08-04,7:43:21,14:43:21,Other,Sunday
225,Rice Cannings,Human Resources,2024-10-06,7:31:32,12:31:32,Work,Sunday
226,Elfrida Petrina,Research and Development,2024-04-02,7:38:57,11:38:57,Work,Tuesday
227,Kincaid Joselevitch,Engineering,2024-09-03,8:01:46,11:01:46,Meeting,Tuesday
228,Garfield Bagley,Support,2024-11-04,6:17:43,11:17:43,Work,Monday
229,Lidia Lesaunier,Sales,2024-02-05,6:50:11,13:50:11,Meeting,Monday
230,Marianna Bavridge,Training,2024-07-07,6:54:17,07:54:17,Work,Sunday
231,Quint Mullineux,Research and Development,2024-12-06,7:39:34,11:39:34,Work,Friday
232,Dominique Adcocks,Accounting,2024-09-01,6:07:30,07:07:30,Meeting,Sunday
233,Bordie Benoey,Training,2024-11-05,9:56:32,12:56:32,Work,Tuesday
234,Robinetta Crunkhurn,Human Resources,2024-09-05,8:08:38,15:08:38,Meeting,Thursday
235,Estel Rentoll,Business Development,2024-01-04,9:12:12,16:12:12,Other,Thursday
236,Aurie Wildbore,Research and Development,2024-08-07,6:43:53,14:43:53,Work,Wednesday
237,Morna Royston,Services,2024-03-07,8:49:30,14:49:30,Work,Thursday
238,Casper Flagg,Marketing,2024-10-01,6:31:41,10:31:41,Work,Tuesday
239,Jessee Frankland,Sales,2024-04-05,7:33:01,11:33:01,Work,Friday
240,Leighton Jirsa,Product Management,2024-03-01,9:11:04,10:11:04,Meeting,Friday
241,Gusella Gates,Business Development,2024-10-02,8:49:00,15:49:00,Meeting,Wednesday
242,Burke Dobie,Accounting,2024-04-06,7:38:47,13:38:47,Work,Saturday
243,Lizbeth Keme,Business Development,2024-03-04,7:41:54,08:41:54,Work,Monday
244,Correy Boow,Product Management,2024-04-02,9:48:11,17:48:11,Training,Tuesday
245,Arnie Yuryaev,Accounting,2024-06-02,7:08:00,09:08:00,Other,Sunday
246,Konstanze Spraggs,Marketing,2024-11-01,6:21:13,10:21:13,Other,Friday
247,Carine Linny,Product Management,2024-08-04,7:28:01,08:28:01,Meeting,Sunday
248,Erny Beauman,Engineering,2024-08-03,7:44:31,10:44:31,Meeting,Saturday
249,Nyssa Streatfeild,Research and Development,2024-02-05,9:00:51,17:00:51,Meeting,Monday
250,Meggie Blackborn,Human Resources,2024-08-02,9:19:20,17:19:20,Work,Friday
251,Rayner Avramovitz,Support,2024-10-01,7:00:46,08:00:46,Meeting,Tuesday
252,Alard Crannis,Services,2024-01-04,8:07:18,13:07:18,Work,Thursday
253,Zarah Damrel,Human Resources,2024-12-04,6:12:31,11:12:31,Client Visit,Wednesday
254,Corney Liggett,Research and Development,2024-08-02,8:22:11,13:22:11,Work,Friday
255,Agna Reddan,Human Resources,2024-05-01,9:48:46,15:48:46,Meeting,Wednesday
256,Jock Eisig,Legal,2024-11-06,9:40:36,15:40:36,Work,Wednesday
257,Mallory Winterton,Engineering,2024-08-02,9:35:11,11:35:11,Client Visit,Friday
258,Dollie Ferminger,Training,2024-08-04,8:46:16,09:46:16,Meeting,Sunday
259,Thedrick Jackman,Accounting,2024-08-04,8:39:38,14:39:38,Work,Sunday
260,Arlyne Goering,Training,2024-03-07,8:49:37,11:49:37,Client Visit,Thursday
261,Adelaide Behnecke,Engineering,2024-01-04,8:57:29,10:57:29,Work,Thursday
262,Lilith Scrafton,Sales,2024-03-02,8:13:25,15:13:25,Work,Saturday
263,Flo Ferrucci,Business Development,2024-11-03,7:34:21,08:34:21,Training,Sunday
264,Emalia Burnapp,Engineering,2024-08-02,6:55:30,12:55:30,Meeting,Friday
265,Amelia Lattey,Engineering,2024-10-03,9:18:51,13:18:51,Meeting,Thursday
266,Jilli Heasly,Marketing,2024-02-05,6:23:11,08:23:11,Client Visit,Monday
267,Addie Hutcheson,Product Management,2024-02-04,9:31:48,12:31:48,Training,Sunday
268,Lotti Camock,Engineering,2024-12-05,6:02:33,08:02:33,Work,Thursday
269,Susi Riglesford,Marketing,2024-09-05,7:17:01,09:17:01,Meeting,Thursday
270,Crista Oldaker,Legal,2024-01-05,8:43:52,16:43:52,Work,Friday
271,Ardenia Casewell,Training,2024-11-01,7:54:03,09:54:03,Other,Friday
272,Margareta Hamson,Product Management,2024-06-03,9:37:39,15:37:39,Training,Monday
273,Trudie Yeowell,Services,2024-01-01,8:26:58,11:26:58,Meeting,Monday
274,Susannah Flicker,Marketing,2024-07-05,7:40:54,12:40:54,Client Visit,Friday
275,Bondon Kinig,Marketing,2024-10-05,7:11:43,09:11:43,Meeting,Saturday
276,Rolph Mulran,Human Resources,2024-03-04,6:32:52,12:32:52,Meeting,Monday
277,Isaac Ebbin,Legal,2024-03-02,7:53:23,15:53:23,Client Visit,Saturday
278,Sheppard Perkin,Research and Development,2024-10-01,6:26:58,13:26:58,Meeting,Tuesday
279,Haven Wieprecht,Support,2024-09-04,7:01:18,14:01:18,Work,Wednesday
280,Eudora Menilove,Human Resources,2024-05-03,6:42:31,07:42:31,Work,Friday
281,Sabine Tofanini,Services,2024-07-06,8:16:17,09:16:17,Training,Saturday
282,Sidnee Stienton,Legal,2024-02-03,7:12:14,15:12:14,Meeting,Saturday
283,Cordy Caygill,Support,2024-03-04,8:30:23,16:30:23,Work,Monday
284,Michael Mourton,Product Management,2024-04-04,8:06:09,14:06:09,Other,Thursday
285,Anthia Kernermann,Product Management,2024-02-04,8:14:03,14:14:03,Work,Sunday
286,Malissia Boothroyd,Training,2024-12-06,7:01:15,10:01:15,Meeting,Friday
287,Vergil Potte,Services,2024-02-04,6:36:39,08:36:39,Meeting,Sunday
288,Alard Burrus,Services,2024-01-02,8:16:53,12:16:53,Work,Tuesday
289,Leanna Butterick,Engineering,2024-01-02,9:23:52,11:23:52,Meeting,Tuesday
290,Todd Franzonello,Training,2024-08-07,6:06:29,11:06:29,Training,Wednesday
291,Vinson Ghirigori,Human Resources,2024-08-01,6:10:26,14:10:26,Meeting,Thursday
292,Xylina McCafferky,Marketing,2024-12-04,8:51:46,15:51:46,Training,Wednesday
293,Jacquenette Andreev,Accounting,2024-10-07,8:09:13,15:09:13,Other,Monday
294,Tedie Kornilyev,Support,2024-09-02,7:54:32,10:54:32,Meeting,Monday
295,Zollie O'Kennavain,Legal,2024-04-07,8:41:32,10:41:32,Meeting,Sunday
296,Egor Freezor,Human Resources,2024-12-04,9:15:47,15:15:47,Training,Wednesday
297,Tommy Ebertz,Services,2024-03-07,7:42:55,12:42:55,Meeting,Thursday
298,Vilma Gilcrist,Training,2024-06-07,6:49:16,10:49:16,Meeting,Friday
299,Flynn Tort,Training,2024-07-03,6:41:40,13:41:40,Work,Wednesday
300,Ailey Titlow,Sales,2024-11-05,7:11:44,09:11:44,Training,Tuesday
301,Bradan Merriment,Training,2024-12-06,9:11:29,10:11:29,Meeting,Friday
302,Jobey Castagnone,Services,2024-05-06,8:14:28,09:14:28,Meeting,Monday
303,Baudoin Marrison,Services,2024-07-04,6:06:50,09:06:50,Meeting,Thursday
304,Chan Stell,Legal,2024-01-06,6:52:36,08:52:36,Client Visit,Saturday
305,Andy Dommersen,Product Management,2024-02-02,6:22:04,12:22:04,Work,Friday
306,Hester Cammell,Business Development,2024-02-06,7:07:05,15:07:05,Meeting,Tuesday
307,Lanita Learmount,Training,2024-07-07,8:25:31,12:25:31,Meeting,Sunday
308,Bink Moncreiff,Product Management,2024-01-07,6:49:35,13:49:35,Work,Sunday
309,Caryn Seamen,Training,2024-04-07,9:46:52,17:46:52,Meeting,Sunday
310,Valera Kelby,Marketing,2024-08-04,7:10:05,15:10:05,Meeting,Sunday
311,Jessa Wilcox,Engineering,2024-01-04,8:46:56,09:46:56,Work,Thursday
312,Shelley Edelmann,Accounting,2024-02-01,8:46:10,12:46:10,Meeting,Thursday
313,Alex Ginglell,Business Development,2024-05-05,9:50:52,10:50:52,Training,Sunday
314,Hakeem Emmison,Product Management,2024-02-02,7:23:01,15:23:01,Work,Friday
315,Sim Alesbrook,Research and Development,2024-04-05,9:52:06,13:52:06,Meeting,Friday
316,Nestor Reinisch,Accounting,2024-11-04,6:10:51,12:10:51,Client Visit,Monday
317,Brig Cordner,Product Management,2024-10-04,8:37:54,12:37:54,Training,Friday
318,John Siddons,Legal,2024-07-04,7:00:10,08:00:10,Meeting,Thursday
319,Mellie Jans,Marketing,2024-09-05,8:29:59,14:29:59,Work,Thursday
320,Zacharias Kures,Training,2024-02-07,6:44:55,08:44:55,Work,Wednesday
321,Kipper Driffill,Engineering,2024-06-07,7:36:29,12:36:29,Meeting,Friday
322,Davita Grinov,Marketing,2024-11-04,9:47:36,12:47:36,Meeting,Monday
323,Dorolice Arrol,Product Management,2024-04-05,7:27:00,12:27:00,Work,Friday
324,Guilbert Mynett,Sales,2024-09-01,7:33:23,15:33:23,Other,Sunday
325,Sibella Stivers,Product Management,2024-02-07,6:02:53,14:02:53,Meeting,Wednesday
326,Codie Housego,Accounting,2024-12-03,7:34:38,12:34:38,Client Visit,Tuesday
327,Isidoro Wadly,Business Development,2024-02-06,7:48:53,13:48:53,Work,Tuesday
328,Kelsey Kensington,Product Management,2024-05-06,6:42:16,11:42:16,Meeting,Monday
329,Niko Larciere,Product Management,2024-06-06,9:20:46,17:20:46,Meeting,Thursday
330,Eldredge Glastonbury,Sales,2024-11-03,7:14:58,13:14:58,Work,Sunday
331,Shae Wethey,Engineering,2024-08-02,6:16:10,11:16:10,Work,Friday
332,Nollie Isham,Training,2024-03-02,8:17:05,14:17:05,Work,Saturday
333,Filia Alden,Sales,2024-10-01,7:06:53,11:06:53,Work,Tuesday
334,Blakelee Erricker,Marketing,2024-10-07,9:10:46,13:10:46,Work,Monday
335,Grayce Sivell,Marketing,2024-07-04,7:44:17,10:44:17,Other,Thursday
336,Caria McBride,Marketing,2024-01-03,8:09:43,10:09:43,Meeting,Wednesday
337,Luisa Lymer,Sales,2024-06-05,9:10:34,12:10:34,Other,Wednesday
338,Murielle Adamiec,Accounting,2024-12-02,9:45:11,17:45:11,Meeting,Monday
339,Andreana Boswood,Sales,2024-07-01,8:13:15,12:13:15,Client Visit,Monday
340,Mersey Ambrose,Human Resources,2024-01-02,8:35:57,09:35:57,Meeting,Tuesday
341,Maury Ortells,Sales,2024-07-03,8:03:17,16:03:17,Work,Wednesday
342,Edward Piperley,Support,2024-10-07,7:35:49,15:35:49,Training,Monday
343,Abramo Clowney,Sales,2024-09-06,6:45:16,13:45:16,Training,Friday
344,Chandra Custed,Marketing,2024-11-04,9:02:26,10:02:26,Work,Monday
345,Maris Stolting,Human Resources,2024-07-04,6:54:49,12:54:49,Work,Thursday
346,Immanuel Davidov,Marketing,2024-07-07,6:23:24,11:23:24,Training,Sunday
347,Lanita Nenci,Sales,2024-12-05,8:38:35,09:38:35,Meeting,Thursday
348,Vina Lush,Sales,2024-03-04,9:21:51,10:21:51,Meeting,Monday
349,Florella Jans,Sales,2024-05-01,8:41:17,14:41:17,Training,Wednesday
350,Edmon de Vaen,Services,2024-12-05,8:58:04,14:58:04,Work,Thursday
351,Hailey Triggel,Research and Development,2024-02-02,9:43:10,15:43:10,Meeting,Friday
352,Bastian Kilsby,Training,2024-01-07,6:01:49,10:01:49,Work,Sunday
353,Care Hattam,Human Resources,2024-05-05,7:13:04,08:13:04,Meeting,Sunday
354,Lusa Easthope,Marketing,2024-08-03,8:39:00,09:39:00,Work,Saturday
355,Dionne Breen,Sales,2024-08-07,8:13:30,15:13:30,Meeting,Wednesday
356,Barbra Opfer,Product Management,2024-03-06,7:10:44,11:10:44,Other,Wednesday
357,Valentino Breem,Engineering,2024-01-05,8:51:02,16:51:02,Work,Friday
358,Bobbie Heinzel,Business Development,2024-07-02,6:42:52,09:42:52,Meeting,Tuesday
359,Kacey Bartolomucci,Accounting,2024-02-04,7:41:15,14:41:15,Client Visit,Sunday
360,Jorie Dibbe,Engineering,2024-05-01,6:44:32,08:44:32,Client Visit,Wednesday
361,Virgilio Axford,Accounting,2024-09-07,8:33:19,13:33:19,Work,Saturday
362,Benny Slograve,Marketing,2024-06-01,6:18:50,09:18:50,Training,Saturday
363,Augie Crunden,Services,2024-03-07,9:24:06,16:24:06,Work,Thursday
364,Sax Jennaroy,Legal,2024-03-03,6:45:26,09:45:26,Meeting,Sunday
365,Con Chopy,Services,2024-03-02,6:23:59,12:23:59,Meeting,Saturday
366,Corissa Oke,Accounting,2024-05-01,6:42:05,09:42:05,Client Visit,Wednesday
367,Andrei Brabon,Research and Development,2024-12-03,8:20:27,16:20:27,Meeting,Tuesday
368,Gabie Branwhite,Marketing,2024-09-07,9:30:07,16:30:07,Meeting,Saturday
369,Olive Cantua,Human Resources,2024-08-05,7:17:45,10:17:45,Client Visit,Monday
370,Briny Egre,Marketing,2024-12-05,8:08:26,12:08:26,Meeting,Thursday
371,Blanca Firpo,Support,2024-01-04,9:19:51,13:19:51,Client Visit,Thursday
372,Mora Porter,Services,2024-04-01,9:13:35,16:13:35,Work,Monday
373,Corina Matysik,Human Resources,2024-10-07,9:45:31,16:45:31,Client Visit,Monday
374,Aprilette Wakley,Engineering,2024-11-02,8:13:03,09:13:03,Training,Saturday
375,April McAllaster,Marketing,2024-03-06,9:27:19,16:27:19,Work,Wednesday
376,Gustavo Parken,Support,2024-11-07,7:22:23,08:22:23,Work,Thursday
377,Dylan Bucktharp,Product Management,2024-02-05,7:51:07,12:51:07,Work,Monday
378,Mabel Kenwrick,Sales,2024-03-06,7:06:46,14:06:46,Meeting,Wednesday
379,Tanitansy MacKerley,Accounting,2024-03-02,6:58:12,13:58:12,Client Visit,Saturday
380,Gustavo Sewards,Sales,2024-03-04,9:27:36,15:27:36,Meeting,Monday
381,Oswell Maunton,Business Development,2024-06-02,8:04:32,16:04:32,Training,Sunday
382,Rochette Choake,Training,2024-08-02,9:04:47,15:04:47,Work,Friday
383,George Saville,Legal,2024-03-02,9:20:08,14:20:08,Work,Saturday
384,Mariquilla Clem,Accounting,2024-03-01,9:15:53,16:15:53,Work,Friday
385,Courtnay Mulvaney,Engineering,2024-05-06,9:31:14,14:31:14,Meeting,Monday
386,Lanette Secombe,Legal,2024-02-01,8:39:12,11:39:12,Other,Thursday
387,Pace Morstatt,Accounting,2024-07-03,6:37:08,08:37:08,Meeting,Wednesday
388,Fons Alty,Training,2024-06-05,9:39:26,12:39:26,Meeting,Wednesday
389,Yehudit Lewington,Legal,2024-05-01,6:32:35,08:32:35,Other,Wednesday
390,Colline Barnaclough,Product Management,2024-05-06,8:58:53,10:58:53,Meeting,Monday
391,Korey Pooley,Legal,2024-09-07,9:57:24,11:57:24,Meeting,Saturday
392,Alex Hedney,Human Resources,2024-04-01,8:27:03,14:27:03,Work,Monday
393,Laura Chaize,Accounting,2024-10-05,6:14:52,08:14:52,Other,Saturday
394,Dorena Swatten,Accounting,2024-03-05,6:39:56,13:39:56,Work,Tuesday
395,Joleen McCutcheon,Research and Development,2024-02-07,8:50:40,15:50:40,Meeting,Wednesday
396,Adore Blair,Accounting,2024-10-03,7:25:27,15:25:27,Work,Thursday
397,Nancee Ritch,Legal,2024-10-06,9:59:19,10:59:19,Work,Sunday
398,Port Cockland,Research and Development,2024-06-04,8:16:44,13:16:44,Work,Tuesday
399,Alphonse Baker,Support,2024-06-02,7:26:06,14:26:06,Work,Sunday
400,Jephthah Chanders,Services,2024-09-07,9:15:36,12:15:36,Client Visit,Saturday
401,Leonard Isakson,Accounting,2024-09-07,6:49:28,10:49:28,Meeting,Saturday
402,Lonny Goldwater,Research and Development,2024-12-03,8:46:52,12:46:52,Meeting,Tuesday
403,Burg Lampett,Accounting,2024-07-03,8:34:24,13:34:24,Work,Wednesday
404,Lucian Boddice,Legal,2024-12-07,7:35:14,09:35:14,Work,Saturday
405,Corrianne Paffett,Human Resources,2024-01-04,8:34:19,11:34:19,Meeting,Thursday
406,Daron Sute,Services,2024-03-07,7:20:01,08:20:01,Client Visit,Thursday
407,Moll Odegaard,Human Resources,2024-11-06,8:37:04,15:37:04,Client Visit,Wednesday
408,Onida Elletson,Legal,2024-06-06,7:45:48,09:45:48,Other,Thursday
409,Denys Snailham,Support,2024-08-02,8:44:50,09:44:50,Training,Friday
410,Niki Liddington,Human Resources,2024-05-02,9:52:58,13:52:58,Work,Thursday
411,Tara Mattusevich,Engineering,2024-02-07,8:37:39,15:37:39,Other,Wednesday
412,Langsdon Sebrens,Engineering,2024-12-02,7:06:09,15:06:09,Training,Monday
413,Anatole Batter,Business Development,2024-10-05,8:42:00,14:42:00,Other,Saturday
414,Jarrod Symers,Services,2024-11-07,8:02:23,16:02:23,Other,Thursday
415,Shaughn Doore,Legal,2024-09-06,6:09:45,09:09:45,Meeting,Friday
416,Didi Sanbrook,Research and Development,2024-07-01,9:14:04,13:14:04,Meeting,Monday
417,Dotti Naisby,Research and Development,2024-05-03,8:09:35,12:09:35,Meeting,Friday
418,Vince Placstone,Research and Development,2024-01-04,8:39:16,14:39:16,Work,Thursday
419,Shirline Gallaway,Accounting,2024-06-06,7:59:24,08:59:24,Client Visit,Thursday
420,Elbert De Nisco,Legal,2024-09-01,6:58:25,11:58:25,Meeting,Sunday
421,Shurlocke Caulcutt,Product Management,2024-11-05,9:13:09,15:13:09,Work,Tuesday
422,Thatch Piddick,Research and Development,2024-01-06,7:06:43,08:06:43,Work,Saturday
423,Farrand Dillet,Legal,2024-10-06,6:39:38,08:39:38,Training,Sunday
424,Shayna Lepard,Training,2024-01-01,7:34:43,11:34:43,Meeting,Monday
425,Aloisia Stonham,Legal,2024-07-06,9:41:49,15:41:49,Work,Saturday
426,Noam Baldree,Research and Development,2024-03-05,8:30:53,16:30:53,Meeting,Tuesday
427,Langsdon Fibbitts,Support,2024-09-01,9:33:35,10:33:35,Work,Sunday
428,Murray Gummery,Sales,2024-08-02,6:37:35,12:37:35,Work,Friday
429,Worden Sans,Engineering,2024-02-02,8:54:25,14:54:25,Training,Friday
430,Leyla Branney,Marketing,2024-05-06,7:17:35,15:17:35,Meeting,Monday
431,Tamra Lindegard,Services,2024-08-03,8:17:27,15:17:27,Client Visit,Saturday
432,Lanita Darcey,Sales,2024-05-02,7:24:26,09:24:26,Other,Thursday
433,Elysia Boaler,Research and Development,2024-01-03,6:41:42,13:41:42,Meeting,Wednesday
434,Alecia Iacomini,Human Resources,2024-02-01,7:44:52,13:44:52,Work,Thursday
435,Erinn Cubuzzi,Engineering,2024-07-01,6:34:29,10:34:29,Work,Monday
436,Prince Grzelak,Sales,2024-04-07,9:25:39,13:25:39,Meeting,Sunday
437,Lurlene Struss,Research and Development,2024-03-04,9:16:55,13:16:55,Work,Monday
438,Michele Dominico,Services,2024-01-02,9:11:32,10:11:32,Meeting,Tuesday
439,Denyse Flowith,Sales,2024-07-02,9:19:49,17:19:49,Meeting,Tuesday
440,Lanie Hawsby,Business Development,2024-02-07,6:55:29,09:55:29,Meeting,Wednesday
441,Chadwick Clem,Marketing,2024-04-04,9:12:42,15:12:42,Meeting,Thursday
442,Florida Nicholas,Human Resources,2024-02-01,9:06:56,16:06:56,Work,Thursday
443,Darrin Faulconbridge,Research and Development,2024-02-06,7:52:48,11:52:48,Meeting,Tuesday
444,Pauletta Scholz,Human Resources,2024-12-05,6:15:38,09:15:38,Meeting,Thursday
445,Collete Sillitoe,Research and Development,2024-06-06,6:48:07,08:48:07,Meeting,Thursday
446,Thibaud MacGraith,Business Development,2024-09-04,8:06:40,09:06:40,Work,Wednesday
447,Payton McGennis,Sales,2024-11-03,7:12:54,09:12:54,Client Visit,Sunday
448,Bil Brixham,Engineering,2024-04-06,9:53:13,13:53:13,Meeting,Saturday
449,Elysha Brabham,Engineering,2024-07-01,6:16:41,10:16:41,Meeting,Monday
450,Ira Joynt,Research and Development,2024-10-02,9:59:03,16:59:03,Meeting,Wednesday
451,Garreth Nehls,Training,2024-05-07,6:38:34,09:38:34,Work,Tuesday
452,Olympia Furber,Legal,2024-03-04,9:51:38,13:51:38,Training,Monday
453,Keelia Giddings,Training,2024-06-02,7:42:50,10:42:50,Client Visit,Sunday
454,Erina Heggman,Engineering,2024-01-06,9:55:35,17:55:35,Training,Saturday
455,Georges Addy,Sales,2024-11-07,9:56:43,16:56:43,Meeting,Thursday
456,Willa Hudleston,Accounting,2024-09-06,8:35:24,10:35:24,Other,Friday
457,Marcelo Hunton,Sales,2024-12-07,7:12:49,09:12:49,Work,Saturday
458,Libbey Brosini,Services,2024-12-05,6:35:53,11:35:53,Work,Thursday
459,Danya Sisson,Human Resources,2024-05-02,6:30:08,12:30:08,Client Visit,Thursday
460,Ramon Gaythwaite,Research and Development,2024-07-02,9:12:04,17:12:04,Client Visit,Tuesday
461,Kayla Drummer,Human Resources,2024-11-07,7:04:49,13:04:49,Meeting,Thursday
462,Emelia Corhard,Engineering,2024-10-07,7:32:26,12:32:26,Client Visit,Monday
463,Eloisa Itzakovitz,Product Management,2024-03-05,8:39:10,15:39:10,Client Visit,Tuesday
464,Gauthier Ducker,Training,2024-08-07,8:29:39,15:29:39,Work,Wednesday
465,Sloan Syrett,Marketing,2024-10-06,6:40:18,08:40:18,Other,Sunday
466,Trudy Sherrock,Human Resources,2024-08-05,7:06:43,11:06:43,Other,Monday
467,Rivy Gwillyam,Support,2024-06-02,9:39:59,10:39:59,Meeting,Sunday
468,Brad Trenholm,Accounting,2024-06-02,7:07:58,09:07:58,Work,Sunday
469,Tudor Vallack,Human Resources,2024-05-06,9:31:09,15:31:09,Work,Monday
470,Alexio Dyment,Services,2024-03-01,9:00:54,13:00:54,Training,Friday
471,Tuesday Farres,Product Management,2024-03-05,7:16:03,11:16:03,Work,Tuesday
472,Evy Khan,Sales,2024-02-04,9:26:29,15:26:29,Other,Sunday
473,Andie Paudin,Research and Development,2024-01-02,7:00:23,09:00:23,Work,Tuesday
474,Christie Brute,Legal,2024-05-05,9:03:39,17:03:39,Training,Sunday
475,Pattie Dowtry,Training,2024-03-04,7:59:30,11:59:30,Training,Monday
476,Ida Moxsom,Legal,2024-01-06,9:12:27,17:12:27,Meeting,Saturday
477,Terza Keeltagh,Accounting,2024-10-06,7:49:00,10:49:00,Meeting,Sunday
478,Bruno Byway,Sales,2024-11-04,7:54:53,14:54:53,Work,Monday
479,Cirstoforo Attenbrough,Accounting,2024-06-05,6:26:53,08:26:53,Client Visit,Wednesday
480,Ludvig Sellick,Business Development,2024-06-04,8:06:54,15:06:54,Other,Tuesday
481,Culley Rickasse,Product Management,2024-03-03,7:16:49,09:16:49,Work,Sunday
482,Shelli Faccini,Engineering,2024-03-07,7:40:28,14:40:28,Work,Thursday
483,Morrie Delue,Accounting,2024-02-04,8:26:52,15:26:52,Other,Sunday
484,Christiana Romeril,Marketing,2024-07-05,9:54:38,10:54:38,Other,Friday
485,Jeremias Butland,Research and Development,2024-06-05,9:59:49,16:59:49,Meeting,Wednesday
486,Ennis Fowlie,Accounting,2024-10-03,6:57:56,10:57:56,Meeting,Thursday
487,Nissa Seagrove,Human Resources,2024-11-01,7:09:05,11:09:05,Work,Friday
488,Early Drissell,Marketing,2024-01-07,8:11:56,14:11:56,Work,Sunday
489,Cristobal Izkovicz,Legal,2024-05-01,9:27:28,13:27:28,Other,Wednesday
490,Ulric Geraldez,Services,2024-08-04,9:18:49,15:18:49,Other,Sunday
491,Katrinka Yitzhakov,Legal,2024-10-07,8:25:47,13:25:47,Other,Monday
492,Drona Mougeot,Accounting,2024-01-02,6:35:48,07:35:48,Training,Tuesday
493,Pamelina Grinstead,Business Development,2024-12-06,7:17:32,11:17:32,Meeting,Friday
494,Joey Hassen,Training,2024-10-06,9:24:41,16:24:41,Client Visit,Sunday
495,Karlotta Kettlestringe,Marketing,2024-04-07,8:19:06,11:19:06,Other,Sunday
496,Rick Espina,Accounting,2024-02-02,9:39:43,14:39:43,Meeting,Friday
497,Bamby Thexton,Training,2024-03-04,8:35:07,12:35:07,Work,Monday
498,Scott Vynoll,Accounting,2024-01-04,7:34:29,13:34:29,Meeting,Thursday
499,Whittaker Glidden,Research and Development,2024-02-07,8:43:54,11:43:54,Work,Wednesday
500,Sande Maffiotti,Support,2024-02-02,7:56:00,14:56:00,Other,Friday
501,Trefor Kettle,Human Resources,2024-02-02,9:42:47,17:42:47,Meeting,Friday
502,Andria Pele,Engineering,2024-11-01,9:58:58,12:58:58,Work,Friday
503,Virgilio Gioani,Sales,2024-03-04,9:09:33,16:09:33,Other,Monday
504,Roderigo Kield,Research and Development,2024-07-04,9:53:30,17:53:30,Meeting,Thursday
505,Jacklin Jacob,Services,2024-06-05,6:19:19,12:19:19,Meeting,Wednesday
506,Aluin Trammel,Training,2024-11-03,6:29:29,07:29:29,Other,Sunday
507,Athena Braham,Marketing,2024-12-03,9:02:18,14:02:18,Work,Tuesday
508,Kelila Pitkeathley,Business Development,2024-09-01,7:34:21,11:34:21,Meeting,Sunday
509,Randolph Ackery,Accounting,2024-08-03,7:37:14,13:37:14,Work,Saturday
510,Glyn Leftwich,Accounting,2024-12-04,9:58:37,17:58:37,Meeting,Wednesday
511,Letisha Moseley,Training,2024-07-04,7:13:39,08:13:39,Work,Thursday
512,Harwilll Dymott,Training,2024-05-01,8:21:35,15:21:35,Meeting,Wednesday
513,Karlyn Leap,Accounting,2024-05-01,7:02:57,13:02:57,Work,Wednesday
514,Cammy Texton,Support,2024-02-02,7:53:30,08:53:30,Meeting,Friday
515,Hilton Arntzen,Marketing,2024-12-03,8:22:15,15:22:15,Work,Tuesday
516,Ashla Render,Legal,2024-06-01,8:24:17,15:24:17,Work,Saturday
517,Mitzi Franciottoi,Product Management,2024-07-06,6:24:33,10:24:33,Work,Saturday
518,Courtnay Semmence,Training,2024-12-04,6:27:13,09:27:13,Client Visit,Wednesday
519,Ansell Petz,Business Development,2024-10-05,9:19:30,14:19:30,Work,Saturday
520,Archibold Bohan,Accounting,2024-08-03,8:13:11,15:13:11,Meeting,Saturday
521,Hercules Wedlock,Business Development,2024-07-05,9:27:29,11:27:29,Work,Friday
522,Debor Hecks,Engineering,2024-03-06,9:34:00,17:34:00,Training,Wednesday
523,Ernst Trythall,Business Development,2024-04-03,7:07:43,15:07:43,Client Visit,Wednesday
524,Dori Lyford,Human Resources,2024-03-02,7:47:41,10:47:41,Meeting,Saturday
525,Hart Capel,Business Development,2024-11-05,8:54:21,09:54:21,Work,Tuesday
526,Sax Burlay,Services,2024-03-05,7:07:50,09:07:50,Meeting,Tuesday
527,Elisha Lyvon,Support,2024-01-06,9:24:13,10:24:13,Work,Saturday
528,Maure Colleymore,Business Development,2024-08-06,7:57:48,10:57:48,Meeting,Tuesday
529,Tristam Divell,Marketing,2024-06-05,7:18:15,10:18:15,Meeting,Wednesday
530,Ignaz Howsego,Accounting,2024-06-06,7:56:10,08:56:10,Meeting,Thursday
531,Samuele Cromb,Research and Development,2024-05-07,8:28:18,15:28:18,Work,Tuesday
532,Sallyanne Brinklow,Support,2024-12-01,9:19:30,17:19:30,Training,Sunday
533,Petrina Carrabot,Human Resources,2024-03-01,9:56:56,14:56:56,Meeting,Friday
534,Arleta Beyer,Accounting,2024-06-07,8:13:07,15:13:07,Training,Friday
535,Denny Milthorpe,Legal,2024-09-04,8:35:17,11:35:17,Work,Wednesday
536,Gaylene Merck,Services,2024-02-07,7:02:09,09:02:09,Client Visit,Wednesday
537,Tremaine Reside,Research and Development,2024-08-07,6:21:15,11:21:15,Other,Wednesday
538,Lucinda Roddick,Human Resources,2024-04-05,9:13:45,12:13:45,Meeting,Friday
539,Chrisse Aberkirder,Training,2024-07-06,8:46:18,11:46:18,Client Visit,Saturday
540,Astrix Chesley,Support,2024-09-01,7:31:47,14:31:47,Other,Sunday
541,Peggi Dale,Accounting,2024-10-05,8:27:26,16:27:26,Meeting,Saturday
542,Joscelin Fidgett,Accounting,2024-06-03,9:52:55,13:52:55,Other,Monday
543,Guglielma Dedenham,Research and Development,2024-08-06,8:28:28,16:28:28,Meeting,Tuesday
544,Jecho Tyre,Sales,2024-07-04,7:26:44,09:26:44,Work,Thursday
545,Lynelle Brehault,Product Management,2024-10-01,6:44:00,08:44:00,Meeting,Tuesday
546,Paxon Mariner,Accounting,2024-07-02,7:12:15,14:12:15,Client Visit,Tuesday
547,Angil Darlison,Accounting,2024-11-03,9:45:15,15:45:15,Training,Sunday
548,Engelbert Szymczyk,Sales,2024-11-06,9:04:48,16:04:48,Other,Wednesday
549,Kristopher Rushmare,Business Development,2024-02-04,8:43:14,10:43:14,Work,Sunday
550,Danila Lidgey,Business Development,2024-07-01,7:08:57,08:08:57,Training,Monday
551,Hilliard Burlay,Human Resources,2024-11-06,9:07:44,15:07:44,Meeting,Wednesday
552,Merna Gillions,Accounting,2024-03-01,6:54:27,09:54:27,Other,Friday
553,Christalle White,Accounting,2024-07-07,7:33:04,08:33:04,Work,Sunday
554,Romola Hastwall,Services,2024-09-01,8:30:42,14:30:42,Client Visit,Sunday
555,Filbert Davison,Legal,2024-04-03,8:35:33,13:35:33,Meeting,Wednesday
556,Jacquelyn Odgaard,Legal,2024-05-02,6:42:03,12:42:03,Meeting,Thursday
557,Allys Langforth,Marketing,2024-03-02,8:38:47,16:38:47,Work,Saturday
558,Kettie Thursby,Legal,2024-03-03,9:16:57,12:16:57,Work,Sunday
559,Mimi Valentim,Engineering,2024-10-04,6:31:25,12:31:25,Training,Friday
560,Osborne Thunders,Support,2024-07-07,9:20:12,10:20:12,Client Visit,Sunday
561,Sherie Cuphus,Product Management,2024-10-05,6:21:49,08:21:49,Meeting,Saturday
562,Barri Jaulme,Human Resources,2024-04-03,8:25:10,15:25:10,Work,Wednesday
563,Alyson Sommersett,Training,2024-04-01,7:49:03,08:49:03,Other,Monday
564,Allison Greschik,Support,2024-08-01,8:35:39,13:35:39,Work,Thursday
565,Tomasina Polfer,Product Management,2024-07-02,9:44:35,12:44:35,Meeting,Tuesday
566,Gannon Camplen,Product Management,2024-01-04,7:10:58,15:10:58,Client Visit,Thursday
567,Stavro Swadlinge,Human Resources,2024-09-02,7:58:55,12:58:55,Work,Monday
568,Lavinia Aistrop,Support,2024-09-03,6:49:09,13:49:09,Work,Tuesday
569,Trixi Mealing,Human Resources,2024-03-07,6:54:29,14:54:29,Other,Thursday
570,Ralph Bleier,Support,2024-12-03,7:23:06,09:23:06,Other,Tuesday
571,Babita McEniry,Human Resources,2024-06-05,9:57:09,15:57:09,Work,Wednesday
572,Stanislaw Forcer,Accounting,2024-07-05,7:46:01,13:46:01,Other,Friday
573,Delora Macvey,Business Development,2024-01-01,6:47:38,14:47:38,Training,Monday
574,Matthus Faucett,Support,2024-08-06,8:38:55,15:38:55,Work,Tuesday
575,Stesha Pardal,Accounting,2024-09-01,6:41:03,07:41:03,Client Visit,Sunday
576,Phebe Mar,Research and Development,2024-10-02,6:40:10,07:40:10,Meeting,Wednesday
577,Etta Danielsen,Marketing,2024-01-01,7:14:01,08:14:01,Meeting,Monday
578,Lyndsie Brenton,Business Development,2024-11-04,8:04:50,09:04:50,Other,Monday
579,Haywood Muller,Support,2024-03-07,8:20:38,14:20:38,Work,Thursday
580,Winslow Minogue,Business Development,2024-02-01,8:04:19,14:04:19,Other,Thursday
581,Barri Sandbatch,Product Management,2024-08-03,9:45:37,17:45:37,Other,Saturday
582,Dagny Romke,Accounting,2024-08-03,9:59:41,16:59:41,Work,Saturday
583,Jeffie Benko,Legal,2024-06-03,8:39:43,11:39:43,Client Visit,Monday
584,Krystle Episcopi,Research and Development,2024-04-07,9:19:40,11:19:40,Other,Sunday
585,Shane Kmicicki,Research and Development,2024-03-01,6:30:18,09:30:18,Work,Friday
586,Missie Eberle,Training,2024-10-04,7:50:48,08:50:48,Work,Friday
587,Danit Rhead,Engineering,2024-05-07,7:04:48,09:04:48,Meeting,Tuesday
588,Percy Thunder,Engineering,2024-09-03,8:53:50,16:53:50,Work,Tuesday
589,Padget Arias,Human Resources,2024-11-06,6:25:21,07:25:21,Meeting,Wednesday
590,Lowrance Blewitt,Product Management,2024-11-03,6:43:26,08:43:26,Meeting,Sunday
591,Susanne Marlow,Research and Development,2024-09-01,8:09:19,12:09:19,Meeting,Sunday
592,Paolo Caffrey,Marketing,2024-04-01,6:54:25,07:54:25,Work,Monday
593,Cos Tonkin,Legal,2024-07-07,9:20:14,17:20:14,Client Visit,Sunday
594,Arabelle Brearty,Business Development,2024-01-01,6:46:08,10:46:08,Meeting,Monday
595,Teddi Klyn,Services,2024-05-04,7:48:00,09:48:00,Training,Saturday
596,Stanwood Westmancoat,Marketing,2024-08-03,8:36:12,13:36:12,Other,Saturday
597,Ambur Palliser,Sales,2024-08-04,6:37:29,13:37:29,Meeting,Sunday
598,Theresita Pinchbeck,Sales,2024-03-01,6:57:06,07:57:06,Meeting,Friday
599,Kayle Sprionghall,Services,2024-06-07,9:39:04,14:39:04,Meeting,Friday
600,Percy Blunden,Accounting,2024-03-03,6:51:56,13:51:56,Work,Sunday
601,Tyler Itzhaiek,Sales,2024-03-06,6:16:50,14:16:50,Meeting,Wednesday
602,Arleyne Jonah,Marketing,2024-07-06,9:47:02,15:47:02,Work,Saturday
603,Frederico McLeish,Marketing,2024-10-01,7:34:22,15:34:22,Work,Tuesday
604,Aloin Klassmann,Accounting,2024-06-04,8:35:58,16:35:58,Work,Tuesday
605,Lorne Hawtrey,Business Development,2024-08-02,7:10:04,15:10:04,Meeting,Friday
606,Hogan Brahm,Human Resources,2024-04-07,8:51:40,13:51:40,Work,Sunday
607,Shauna McFeat,Product Management,2024-08-06,8:33:25,12:33:25,Work,Tuesday
608,Meade Curro,Accounting,2024-09-01,9:47:35,16:47:35,Work,Sunday
609,Pollyanna Thornley,Sales,2024-08-03,9:40:54,11:40:54,Work,Saturday
610,Shanon Nawton,Marketing,2024-06-03,9:18:14,16:18:14,Work,Monday
611,Amalia Lantaph,Accounting,2024-07-05,7:49:17,14:49:17,Meeting,Friday
612,Barry Gallamore,Services,2024-01-04,6:50:44,13:50:44,Training,Thursday
613,Sib Tomaino,Accounting,2024-03-07,6:25:40,12:25:40,Client Visit,Thursday
614,Alli Tremoille,Product Management,2024-11-05,9:54:20,16:54:20,Work,Tuesday
615,Tybie Vossing,Marketing,2024-10-07,8:36:36,09:36:36,Meeting,Monday
616,Jocko Liddy,Research and Development,2024-06-07,7:31:17,13:31:17,Training,Friday
617,Cristy Labb,Legal,2024-01-03,9:26:59,17:26:59,Meeting,Wednesday
618,Mathilda Merrall,Research and Development,2024-01-07,8:27:42,12:27:42,Meeting,Sunday
619,Kyle Boffin,Engineering,2024-09-07,6:10:16,09:10:16,Client Visit,Saturday
620,Zane Joiner,Product Management,2024-09-03,8:48:39,16:48:39,Work,Tuesday
621,Em Lorryman,Engineering,2024-02-02,8:24:59,09:24:59,Meeting,Friday
622,Elliott Lombard,Services,2024-09-07,6:50:55,08:50:55,Work,Saturday
623,Finn Hatz,Sales,2024-11-07,7:37:19,11:37:19,Meeting,Thursday
624,Jamil MacCartan,Support,2024-08-04,7:20:30,13:20:30,Other,Sunday
625,Kylen Brocks,Marketing,2024-01-02,9:33:34,12:33:34,Work,Tuesday
626,Francisca Scollick,Sales,2024-02-02,9:24:52,15:24:52,Meeting,Friday
627,Inness Van Son,Research and Development,2024-10-02,8:00:32,09:00:32,Meeting,Wednesday
628,Trish Rodmell,Accounting,2024-03-02,7:12:00,13:12:00,Work,Saturday
629,Lauren Bowstead,Business Development,2024-09-07,7:17:06,14:17:06,Client Visit,Saturday
630,Tarah Dilnot,Legal,2024-09-06,7:12:52,15:12:52,Training,Friday
631,Dallas Simion,Accounting,2024-07-04,9:40:30,15:40:30,Work,Thursday
632,Leontine Sutherley,Accounting,2024-04-06,7:04:15,11:04:15,Meeting,Saturday
633,Kirsten Erington,Sales,2024-11-04,8:01:07,11:01:07,Meeting,Monday
634,Gerri Beebis,Human Resources,2024-10-05,7:10:15,10:10:15,Other,Saturday
635,Zorana Ballinger,Marketing,2024-04-03,6:18:58,12:18:58,Work,Wednesday
636,Shep Backhurst,Engineering,2024-07-03,9:03:56,10:03:56,Work,Wednesday
637,Darelle Sallery,Accounting,2024-03-04,9:20:29,17:20:29,Client Visit,Monday
638,Gualterio Neles,Support,2024-05-07,6:34:35,07:34:35,Work,Tuesday
639,Hussein Lintott,Research and Development,2024-02-07,8:14:56,09:14:56,Other,Wednesday
640,Ken Staterfield,Engineering,2024-08-06,6:15:35,14:15:35,Meeting,Tuesday
641,Ashely Beccero,Business Development,2024-10-01,6:01:42,09:01:42,Work,Tuesday
642,Ezmeralda Baxstar,Accounting,2024-08-05,9:06:45,14:06:45,Meeting,Monday
643,Berrie Meardon,Engineering,2024-06-03,6:29:35,14:29:35,Work,Monday
644,Octavia Lishman,Sales,2024-07-04,7:32:12,14:32:12,Client Visit,Thursday
645,Kendricks Aikett,Business Development,2024-11-04,8:31:19,13:31:19,Work,Monday
646,Daisi Jupe,Marketing,2024-09-07,6:01:23,09:01:23,Work,Saturday
647,Ali Bulger,Product Management,2024-05-06,6:39:35,08:39:35,Client Visit,Monday
648,Ikey Topper,Sales,2024-12-01,8:32:17,10:32:17,Training,Sunday
649,Herc McGlade,Sales,2024-07-01,9:03:35,13:03:35,Client Visit,Monday
650,Jeremias Legon,Engineering,2024-07-01,9:56:06,16:56:06,Training,Monday
651,Natala Iffland,Marketing,2024-08-07,6:55:53,09:55:53,Work,Wednesday
652,Stevie Bamborough,Accounting,2024-06-02,6:12:34,08:12:34,Training,Sunday
653,Mata Davidesco,Services,2024-07-01,7:19:50,13:19:50,Work,Monday
654,Fraser Hedon,Sales,2024-03-01,8:01:00,14:01:00,Meeting,Friday
655,Barnebas Boleyn,Support,2024-08-04,7:00:24,15:00:24,Work,Sunday
656,Olympia Blunsen,Engineering,2024-12-04,8:48:08,11:48:08,Client Visit,Wednesday
657,Laureen Gleeson,Training,2024-11-01,7:08:55,11:08:55,Other,Friday
658,Giana Beadnell,Business Development,2024-12-02,6:05:53,12:05:53,Meeting,Monday
659,Bruis Buxsy,Training,2024-01-06,8:06:03,16:06:03,Work,Saturday
660,Shelley Medcalf,Product Management,2024-03-06,6:13:52,11:13:52,Meeting,Wednesday
661,Markus Garton,Business Development,2024-12-04,9:21:51,10:21:51,Client Visit,Wednesday
662,Risa Rosel,Legal,2024-08-04,7:01:15,08:01:15,Meeting,Sunday
663,Konstanze Northey,Research and Development,2024-10-03,7:43:47,14:43:47,Client Visit,Thursday
664,Maude Pochet,Human Resources,2024-12-03,8:48:08,11:48:08,Meeting,Tuesday
665,Mead Gerdts,Services,2024-09-06,6:19:46,14:19:46,Work,Friday
666,Carroll Ransley,Training,2024-06-05,6:34:03,08:34:03,Training,Wednesday
667,Lucky De Zuani,Business Development,2024-09-04,9:39:25,13:39:25,Meeting,Wednesday
668,Cyndia Croote,Support,2024-04-01,6:20:21,12:20:21,Work,Monday
669,Finn Vignaux,Legal,2024-12-03,8:40:48,16:40:48,Meeting,Tuesday
670,Katy Barthod,Accounting,2024-05-06,9:54:29,14:54:29,Meeting,Monday
671,Hieronymus Senechault,Product Management,2024-06-07,6:01:11,14:01:11,Meeting,Friday
672,Maddi Service,Engineering,2024-04-03,9:45:23,14:45:23,Meeting,Wednesday
673,Archambault Grim,Marketing,2024-03-06,6:07:20,10:07:20,Client Visit,Wednesday
674,Washington Brokenbrow,Training,2024-05-01,7:45:16,10:45:16,Work,Wednesday
675,Haze Kubelka,Support,2024-09-04,9:53:47,15:53:47,Meeting,Wednesday
676,Clem Kristufek,Sales,2024-06-04,8:47:31,09:47:31,Training,Tuesday
677,Jobyna Mathison,Support,2024-08-04,9:39:58,11:39:58,Meeting,Sunday
678,Marthena Gawke,Legal,2024-06-04,9:44:18,12:44:18,Meeting,Tuesday
679,Gail Sutherns,Engineering,2024-09-04,6:46:46,08:46:46,Meeting,Wednesday
680,Valene Middlehurst,Product Management,2024-03-03,7:06:58,10:06:58,Work,Sunday
681,Candide Berling,Product Management,2024-01-06,7:58:08,15:58:08,Meeting,Saturday
682,Darrell Bugdale,Support,2024-11-07,7:48:30,10:48:30,Meeting,Thursday
683,Elvis Schops,Support,2024-12-07,6:51:56,12:51:56,Meeting,Saturday
684,Simonne Spiniello,Support,2024-05-07,8:42:29,16:42:29,Work,Tuesday
685,Quintin Fidgett,Human Resources,2024-08-02,7:51:50,14:51:50,Client Visit,Friday
686,Ruddy Ambrogelli,Business Development,2024-12-06,7:02:13,11:02:13,Client Visit,Friday
687,Towney Melody,Product Management,2024-06-05,6:55:14,10:55:14,Client Visit,Wednesday
688,Vlad Weddeburn - Scrimgeour,Human Resources,2024-04-05,7:28:42,13:28:42,Client Visit,Friday
689,Alla Whodcoat,Sales,2024-01-05,8:30:12,13:30:12,Training,Friday
690,Walker Onele,Engineering,2024-09-07,8:29:55,16:29:55,Client Visit,Saturday
691,Fifi Joly,Research and Development,2024-02-07,6:12:57,11:12:57,Other,Wednesday
692,Osborn Showler,Business Development,2024-02-02,9:50:25,14:50:25,Meeting,Friday
693,Joachim Hands,Human Resources,2024-09-03,8:54:33,15:54:33,Client Visit,Tuesday
694,Harland Rathbone,Training,2024-04-01,7:34:20,11:34:20,Other,Monday
695,Augustina McFeate,Human Resources,2024-01-03,8:30:07,16:30:07,Other,Wednesday
696,Charyl Prest,Marketing,2024-03-05,7:23:18,09:23:18,Meeting,Tuesday
697,Ilsa Berthouloume,Product Management,2024-01-05,8:57:30,14:57:30,Work,Friday
698,Issie Joslyn,Human Resources,2024-04-03,9:56:04,15:56:04,Training,Wednesday
699,Stephi Eason,Product Management,2024-06-02,7:53:36,10:53:36,Meeting,Sunday
700,Dagny Standley,Human Resources,2024-10-06,9:43:42,16:43:42,Meeting,Sunday
701,Alphard Mellish,Business Development,2024-10-04,8:10:34,10:10:34,Client Visit,Friday
702,Falkner Askam,Product Management,2024-01-07,7:42:15,12:42:15,Meeting,Sunday
703,Kaja Cavan,Support,2024-08-07,6:37:22,07:37:22,Work,Wednesday
704,Joey Walpole,Business Development,2024-11-06,7:11:50,15:11:50,Client Visit,Wednesday
705,Ula Janosevic,Engineering,2024-12-01,6:22:18,10:22:18,Meeting,Sunday
706,Hyatt Tombleson,Training,2024-10-07,9:01:13,12:01:13,Meeting,Monday
707,Bruno Scamerden,Human Resources,2024-10-06,9:31:08,16:31:08,Work,Sunday
708,Zeb Paulsson,Sales,2024-06-04,6:35:11,12:35:11,Meeting,Tuesday
709,Artemus Norcliffe,Business Development,2024-04-01,6:19:30,09:19:30,Work,Monday
710,Antonino Feeney,Support,2024-08-05,6:17:16,12:17:16,Other,Monday
711,Jess Rigglesford,Human Resources,2024-05-03,8:52:22,12:52:22,Client Visit,Friday
712,Ben Smithson,Training,2024-10-02,7:39:18,08:39:18,Meeting,Wednesday
713,Gustavus Gallone,Support,2024-10-03,7:41:11,08:41:11,Work,Thursday
714,Gwennie Rudledge,Legal,2024-02-05,6:37:21,12:37:21,Training,Monday
715,Sigfrid Summerly,Support,2024-03-06,7:30:13,10:30:13,Training,Wednesday
716,Aurelia Grogor,Legal,2024-09-06,9:35:43,12:35:43,Meeting,Friday
717,Bekki Harkins,Legal,2024-12-02,9:20:53,12:20:53,Work,Monday
718,Domini Warn,Accounting,2024-05-04,7:38:31,14:38:31,Meeting,Saturday
719,Esdras Hawke,Support,2024-11-06,6:16:04,14:16:04,Meeting,Wednesday
720,Eulalie Toffel,Training,2024-06-03,8:55:49,10:55:49,Other,Monday
721,Paxton Studman,Legal,2024-04-06,6:57:54,10:57:54,Meeting,Saturday
722,Jaymie Fleeman,Research and Development,2024-10-05,8:36:23,14:36:23,Meeting,Saturday
723,Melita Sneesby,Sales,2024-03-05,7:11:51,11:11:51,Other,Tuesday
724,Gearalt Shillom,Support,2024-06-01,9:48:31,11:48:31,Work,Saturday
725,Nicolina Piatti,Training,2024-09-03,9:03:01,12:03:01,Meeting,Tuesday
726,Mathilda Moorhouse,Legal,2024-09-02,6:32:07,08:32:07,Other,Monday
727,Davidson Witch,Legal,2024-07-06,9:33:39,17:33:39,Meeting,Saturday
728,Barbee Limb,Product Management,2024-11-05,9:57:16,17:57:16,Training,Tuesday
729,Helsa Toxell,Services,2024-08-05,8:51:17,10:51:17,Work,Monday
730,Anabelle Ivy,Support,2024-10-07,9:37:12,15:37:12,Training,Monday
731,Kellsie Poyntz,Accounting,2024-09-06,7:17:20,10:17:20,Meeting,Friday
732,Stephen Bateman,Services,2024-08-03,6:23:30,10:23:30,Work,Saturday
733,Dayna Tine,Engineering,2024-08-02,7:11:23,12:11:23,Other,Friday
734,Josee Zecchinelli,Legal,2024-03-06,7:29:55,11:29:55,Work,Wednesday
735,Margot Nendick,Business Development,2024-07-07,6:53:25,12:53:25,Work,Sunday
736,Thaine Saddler,Product Management,2024-04-03,9:25:28,11:25:28,Meeting,Wednesday
737,Dewie Regenhardt,Research and Development,2024-06-04,9:58:48,16:58:48,Meeting,Tuesday
738,Donnell Teasdale-Markie,Business Development,2024-09-06,7:40:54,15:40:54,Meeting,Friday
739,Maurie Hubbock,Human Resources,2024-08-04,6:42:36,08:42:36,Meeting,Sunday
740,Yule Yerborn,Human Resources,2024-01-01,9:24:11,17:24:11,Work,Monday
741,Dulcine McLarens,Training,2024-10-06,9:26:17,13:26:17,Training,Sunday
742,Jillene Gibson,Engineering,2024-11-03,8:41:39,10:41:39,Meeting,Sunday
743,Ingra Jessep,Business Development,2024-10-07,9:16:28,14:16:28,Work,Monday
744,Pen Saby,Legal,2024-02-01,8:17:51,14:17:51,Training,Thursday
745,Angelico Tchir,Business Development,2024-08-03,7:54:24,15:54:24,Training,Saturday
746,Michal Consadine,Product Management,2024-07-04,8:52:23,12:52:23,Work,Thursday
747,Whitman McGurgan,Human Resources,2024-04-07,9:09:29,14:09:29,Meeting,Sunday
748,Allys Kielty,Sales,2024-01-02,7:33:33,09:33:33,Meeting,Tuesday
749,Ibbie Clampton,Accounting,2024-10-03,7:43:37,08:43:37,Meeting,Thursday
750,Dorothea Drinkwater,Training,2024-04-07,7:19:18,11:19:18,Other,Sunday
751,Rurik Feetham,Engineering,2024-06-03,6:46:29,10:46:29,Meeting,Monday
752,Mandie Renvoys,Research and Development,2024-05-03,6:06:22,13:06:22,Work,Friday
753,Manolo Fidian,Research and Development,2024-05-03,9:40:08,13:40:08,Work,Friday
754,Farrah Luscombe,Support,2024-08-03,9:22:59,13:22:59,Meeting,Saturday
755,Nolan Finessy,Product Management,2024-12-04,9:22:07,13:22:07,Work,Wednesday
756,Marita Leyband,Services,2024-05-07,8:50:42,13:50:42,Other,Tuesday
757,Frederigo Sarson,Services,2024-05-05,8:54:25,14:54:25,Work,Sunday
758,Pail Cessford,Sales,2024-12-05,6:36:17,08:36:17,Other,Thursday
759,Valentine Colchett,Human Resources,2024-08-03,8:18:30,10:18:30,Meeting,Saturday
760,Stevy Caulcutt,Marketing,2024-05-07,8:19:44,12:19:44,Other,Tuesday
761,Eveline Sears,Product Management,2024-05-01,7:00:04,15:00:04,Work,Wednesday
762,Kara Antonescu,Legal,2024-03-07,6:21:03,08:21:03,Other,Thursday
763,Cassy Hellard,Business Development,2024-05-03,6:24:17,12:24:17,Other,Friday
764,Erna Osbiston,Accounting,2024-05-05,6:35:07,14:35:07,Other,Sunday
765,Townie Hofton,Training,2024-05-06,6:41:43,13:41:43,Training,Monday
766,Earvin Dorling,Product Management,2024-08-02,6:42:00,12:42:00,Meeting,Friday
767,Sebastian Sambidge,Business Development,2024-12-06,8:01:25,11:01:25,Meeting,Friday
768,Georgy Kedward,Product Management,2024-09-03,7:33:08,15:33:08,Work,Tuesday
769,Maura Copsey,Accounting,2024-09-06,8:31:10,11:31:10,Meeting,Friday
770,Abagael Konzelmann,Product Management,2024-11-04,8:45:22,13:45:22,Training,Monday
771,Marysa Bosdet,Human Resources,2024-09-05,7:26:22,14:26:22,Meeting,Thursday
772,Stanfield Duham,Accounting,2024-12-03,6:13:12,12:13:12,Work,Tuesday
773,Morley Whittles,Accounting,2024-09-02,8:26:41,09:26:41,Work,Monday
774,Quinton Crombie,Engineering,2024-06-03,9:55:04,11:55:04,Meeting,Monday
775,Rosamund McTrustam,Sales,2024-03-02,9:59:21,16:59:21,Training,Saturday
776,Jonie Hellwig,Support,2024-10-04,6:37:10,11:37:10,Other,Friday
777,Fidelio Caw,Support,2024-05-05,6:52:33,11:52:33,Work,Sunday
778,Ralf Free,Business Development,2024-02-06,6:37:07,10:37:07,Meeting,Tuesday
779,Lorine Tothacot,Training,2024-10-04,7:50:09,11:50:09,Meeting,Friday
780,Aileen Millier,Legal,2024-06-07,7:39:59,13:39:59,Meeting,Friday
781,Cesar Forten,Legal,2024-01-05,8:09:44,13:09:44,Work,Friday
782,Wendie Summers,Marketing,2024-10-01,6:29:06,10:29:06,Training,Tuesday
783,Demeter Wallhead,Services,2024-09-04,6:54:19,11:54:19,Meeting,Wednesday
784,Anatol Edger,Research and Development,2024-10-06,7:57:32,13:57:32,Work,Sunday
785,Nicol Sonnenschein,Services,2024-08-05,8:19:16,12:19:16,Client Visit,Monday
786,Rufe Christensen,Product Management,2024-03-07,9:49:26,14:49:26,Meeting,Thursday
787,Cammy Twinterman,Product Management,2024-05-01,8:34:58,13:34:58,Meeting,Wednesday
788,Eyde Maddox,Support,2024-04-04,7:24:13,14:24:13,Meeting,Thursday
789,Jan Litherborough,Engineering,2024-02-07,8:53:37,14:53:37,Work,Wednesday
790,Sanderson Worster,Accounting,2024-07-06,7:20:22,08:20:22,Training,Saturday
791,Winna Abele,Human Resources,2024-07-02,8:18:28,16:18:28,Client Visit,Tuesday
792,Norry Foresight,Accounting,2024-12-05,7:03:52,13:03:52,Meeting,Thursday
793,Tobey Tomalin,Product Management,2024-10-06,6:54:49,12:54:49,Meeting,Sunday
794,Anastassia Bentje,Human Resources,2024-01-06,7:13:49,13:13:49,Work,Saturday
795,Chanda Kleinhausen,Marketing,2024-11-06,9:39:14,11:39:14,Other,Wednesday
796,Connor Dallison,Support,2024-10-03,8:13:17,10:13:17,Work,Thursday
797,Giles Ley,Business Development,2024-11-05,8:05:54,14:05:54,Meeting,Tuesday
798,Cele Bau,Legal,2024-08-01,6:06:51,08:06:51,Client Visit,Thursday
799,Loretta O'Corr,Research and Development,2024-05-07,8:45:44,10:45:44,Work,Tuesday
800,Lanita Mullin,Human Resources,2024-07-01,8:25:18,14:25:18,Meeting,Monday
801,Lyda Maylin,Research and Development,2024-02-02,7:19:45,10:19:45,Work,Friday
802,Lamond Dilloway,Human Resources,2024-08-05,6:34:16,07:34:16,Work,Monday
803,Thatcher Hazzard,Business Development,2024-02-06,7:29:45,13:29:45,Meeting,Tuesday
804,Merlina Pilling,Legal,2024-04-05,9:26:46,16:26:46,Work,Friday
805,Deanna Snaith,Accounting,2024-11-02,6:14:49,08:14:49,Meeting,Saturday
806,Ainslie Carrick,Services,2024-09-03,9:39:50,11:39:50,Meeting,Tuesday
807,Roderic Edel,Product Management,2024-12-05,9:47:11,17:47:11,Other,Thursday
808,Regan Tingle,Research and Development,2024-05-06,6:32:09,11:32:09,Other,Monday
809,Ripley Duesbury,Training,2024-11-07,6:59:55,09:59:55,Work,Thursday
810,Coralie Moulder,Product Management,2024-03-04,7:55:14,10:55:14,Client Visit,Monday
811,Farica Scarrott,Accounting,2024-01-04,9:27:00,16:27:00,Meeting,Thursday
812,Nanon Mabbott,Product Management,2024-05-04,8:10:56,12:10:56,Meeting,Saturday
813,Rebecka Salmoni,Sales,2024-10-02,7:04:49,14:04:49,Meeting,Wednesday
814,Linette Toogood,Services,2024-11-03,9:49:37,10:49:37,Meeting,Sunday
815,Alix Burnapp,Marketing,2024-02-02,8:08:09,11:08:09,Meeting,Friday
816,Elvira Spat,Support,2024-06-01,8:18:59,14:18:59,Client Visit,Saturday
817,Lock Enoksson,Marketing,2024-11-01,8:40:41,14:40:41,Work,Friday
818,Reece Winders,Research and Development,2024-11-03,8:41:31,11:41:31,Meeting,Sunday
819,Domenic Phelan,Business Development,2024-04-07,9:55:31,14:55:31,Client Visit,Sunday
820,Tracy Beedon,Product Management,2024-10-02,9:20:45,12:20:45,Work,Wednesday
821,Courtnay Fiorentino,Product Management,2024-08-02,9:19:31,12:19:31,Meeting,Friday
822,Hasty Marciskewski,Product Management,2024-05-03,6:21:35,14:21:35,Other,Friday
823,Beverie Flett,Product Management,2024-04-06,9:14:27,15:14:27,Training,Saturday
824,Barth Eilles,Training,2024-09-02,7:06:41,11:06:41,Work,Monday
825,Bartram Codman,Services,2024-02-06,9:41:14,16:41:14,Work,Tuesday
826,Wolf Micklewright,Support,2024-05-01,8:39:35,16:39:35,Meeting,Wednesday
827,Cassandre Burnhill,Human Resources,2024-09-05,9:06:38,15:06:38,Training,Thursday
828,Eleanor McEvilly,Product Management,2024-11-06,9:53:39,17:53:39,Meeting,Wednesday
829,Lorin Dunbobin,Marketing,2024-01-07,8:50:12,09:50:12,Other,Sunday
830,Arny Lening,Accounting,2024-01-01,9:15:01,16:15:01,Meeting,Monday
831,Jeni Tonkes,Legal,2024-04-02,8:49:14,14:49:14,Other,Tuesday
832,Aubrey Cadany,Accounting,2024-01-07,9:39:00,11:39:00,Meeting,Sunday
833,Lana Derrington,Business Development,2024-08-04,7:38:37,08:38:37,Work,Sunday
834,Marley Jacqueminot,Engineering,2024-10-05,8:42:23,14:42:23,Training,Saturday
835,Marlo Kubera,Marketing,2024-01-03,8:11:35,14:11:35,Client Visit,Wednesday
836,Carmencita Natwick,Engineering,2024-04-02,9:35:18,11:35:18,Meeting,Tuesday
837,Julissa Titchard,Business Development,2024-07-02,8:45:58,12:45:58,Training,Tuesday
838,Harbert Janovsky,Training,2024-01-05,9:35:42,13:35:42,Work,Friday
839,Giusto Toulamain,Services,2024-06-04,6:05:37,14:05:37,Other,Tuesday
840,Svend Limon,Business Development,2024-11-05,6:48:31,08:48:31,Work,Tuesday
841,Maxi Delue,Product Management,2024-01-04,8:06:02,13:06:02,Training,Thursday
842,Hanni Toone,Legal,2024-06-02,8:53:10,11:53:10,Client Visit,Sunday
843,Kendell Tongs,Training,2024-08-03,9:53:16,12:53:16,Other,Saturday
844,Georgena Blanchette,Human Resources,2024-10-03,6:29:10,12:29:10,Work,Thursday
845,Rob Labrone,Product Management,2024-02-01,7:12:12,12:12:12,Work,Thursday
846,Kerry Luciano,Legal,2024-04-07,6:03:49,07:03:49,Training,Sunday
847,Jerrie Nerne,Product Management,2024-03-06,6:35:20,13:35:20,Meeting,Wednesday
848,Cori Dumbelton,Accounting,2024-12-03,6:32:31,09:32:31,Client Visit,Tuesday
849,Carole Archard,Sales,2024-10-04,6:04:47,12:04:47,Client Visit,Friday
850,Desmond Avrahamian,Engineering,2024-11-04,8:07:08,10:07:08,Meeting,Monday
851,Tessy Khosa,Sales,2024-05-07,9:20:05,11:20:05,Other,Tuesday
852,Austin Virgoe,Sales,2024-08-05,6:01:41,09:01:41,Work,Monday
853,Shay MacKibbon,Support,2024-12-07,6:30:56,14:30:56,Work,Saturday
854,Huntlee Ondracek,Product Management,2024-10-06,7:08:30,08:08:30,Work,Sunday
855,Salomi Vischi,Marketing,2024-05-02,6:09:39,14:09:39,Meeting,Thursday
856,Kesley Jurgensen,Product Management,2024-04-03,9:32:46,10:32:46,Work,Wednesday
857,Jordanna Olivazzi,Accounting,2024-11-07,6:48:29,10:48:29,Client Visit,Thursday
858,Devinne Castello,Product Management,2024-06-01,7:54:54,13:54:54,Client Visit,Saturday
859,Natalie Crush,Product Management,2024-09-07,8:47:09,15:47:09,Training,Saturday
860,Analiese Greneham,Product Management,2024-06-01,8:01:36,11:01:36,Meeting,Saturday
861,Gennifer Murtimer,Support,2024-01-02,8:44:21,09:44:21,Meeting,Tuesday
862,Cass Nielson,Legal,2024-09-04,7:19:09,12:19:09,Meeting,Wednesday
863,Verina Dunridge,Support,2024-08-02,8:34:55,09:34:55,Meeting,Friday
864,Mitch Juggins,Services,2024-12-01,6:55:00,14:55:00,Training,Sunday
865,Kanya Clearley,Training,2024-12-06,8:02:07,09:02:07,Other,Friday
866,Rose Kemell,Human Resources,2024-01-06,8:40:20,12:40:20,Training,Saturday
867,Ina Heugle,Business Development,2024-09-01,9:39:51,11:39:51,Meeting,Sunday
868,Rayshell Cotterel,Accounting,2024-03-07,7:59:26,08:59:26,Work,Thursday
869,Chicky Duell,Product Management,2024-07-04,9:15:26,11:15:26,Work,Thursday
870,Eadie Grindall,Sales,2024-06-06,6:09:39,07:09:39,Training,Thursday
871,Lisabeth Lahive,Accounting,2024-01-06,9:28:19,16:28:19,Meeting,Saturday
872,Alene Gliddon,Research and Development,2024-09-03,8:09:07,12:09:07,Meeting,Tuesday
873,Kev Stood,Human Resources,2024-06-07,9:21:56,13:21:56,Other,Friday
874,Julius Phizakarley,Marketing,2024-01-06,9:07:41,14:07:41,Meeting,Saturday
875,Danell Carme,Product Management,2024-12-02,9:37:40,17:37:40,Work,Monday
876,Benny Balcombe,Product Management,2024-09-06,7:26:51,11:26:51,Other,Friday
877,Dewain Hoodlass,Legal,2024-02-05,7:30:45,09:30:45,Work,Monday
878,Graig Housegoe,Product Management,2024-04-04,8:05:54,10:05:54,Meeting,Thursday
879,Dalt Wheble,Support,2024-01-05,6:49:01,12:49:01,Work,Friday
880,Julee Netti,Support,2024-07-01,9:22:13,10:22:13,Work,Monday
881,Gayelord Androck,Engineering,2024-03-05,9:01:43,10:01:43,Work,Tuesday
882,Huberto Templeman,Product Management,2024-05-02,7:04:40,08:04:40,Meeting,Thursday
883,Darlene McLese,Support,2024-07-07,8:15:59,14:15:59,Other,Sunday
884,Dell Rittmeyer,Research and Development,2024-03-05,9:42:06,14:42:06,Meeting,Tuesday
885,Adriano Crossland,Human Resources,2024-04-02,8:08:13,09:08:13,Work,Tuesday
886,Rozanne Ashbridge,Services,2024-09-07,7:32:49,11:32:49,Meeting,Saturday
887,Pearce Frail,Services,2024-06-01,6:38:33,09:38:33,Work,Saturday
888,Marci Lapping,Marketing,2024-08-07,9:19:07,16:19:07,Work,Wednesday
889,Berthe Martinetto,Support,2024-11-04,8:46:11,09:46:11,Work,Monday
890,Andromache Muscott,Services,2024-02-02,6:53:03,11:53:03,Training,Friday
891,Jannel Rushmer,Business Development,2024-06-05,6:45:04,14:45:04,Work,Wednesday
892,Boniface Plume,Support,2024-06-01,7:42:13,14:42:13,Training,Saturday
893,Kris Bohea,Research and Development,2024-05-07,8:48:47,16:48:47,Work,Tuesday
894,Bent Childrens,Services,2024-05-03,7:32:47,09:32:47,Other,Friday
895,Merrielle Farman,Legal,2024-05-02,6:27:41,09:27:41,Training,Thursday
896,Jewelle Luca,Business Development,2024-07-07,9:43:58,11:43:58,Meeting,Sunday
897,Jarid Da Costa,Human Resources,2024-10-05,7:29:24,13:29:24,Training,Saturday
898,Noel Snoxell,Training,2024-02-04,7:17:48,12:17:48,Work,Sunday
899,Germaine Hegdonne,Business Development,2024-07-07,8:45:43,09:45:43,Meeting,Sunday
900,Aigneis Cossum,Business Development,2024-08-04,6:26:17,11:26:17,Work,Sunday
901,Janean Tarbath,Accounting,2024-07-05,6:33:11,12:33:11,Training,Friday
902,Harman Khomin,Accounting,2024-06-06,6:00:58,10:00:58,Meeting,Thursday
903,Abner Huc,Marketing,2024-04-01,6:07:06,13:07:06,Work,Monday
904,Eric Granham,Support,2024-09-02,7:31:50,08:31:50,Work,Monday
905,Kathrine Hancke,Legal,2024-06-06,9:31:27,10:31:27,Meeting,Thursday
906,Callida Stickings,Sales,2024-04-03,7:21:27,12:21:27,Client Visit,Wednesday
907,Cordy Vasyunichev,Business Development,2024-10-03,6:04:51,12:04:51,Meeting,Thursday
908,Fulton Corkish,Services,2024-03-03,9:00:35,14:00:35,Work,Sunday
909,Shelli Medd,Human Resources,2024-06-02,7:23:10,12:23:10,Work,Sunday
910,Joby Bladon,Business Development,2024-12-03,6:04:59,12:04:59,Work,Tuesday
911,Noellyn Komorowski,Engineering,2024-05-02,6:01:44,07:01:44,Other,Thursday
912,Elvera Rey,Engineering,2024-03-07,9:30:08,14:30:08,Meeting,Thursday
913,Arri McArdle,Human Resources,2024-01-05,7:24:32,10:24:32,Work,Friday
914,Dom Tippin,Support,2024-11-03,6:11:30,14:11:30,Work,Sunday
915,Haroun Lofting,Legal,2024-09-03,6:41:51,11:41:51,Training,Tuesday
916,Audy Savage,Product Management,2024-04-03,6:33:11,07:33:11,Other,Wednesday
917,Randall Formilli,Research and Development,2024-07-07,7:45:53,10:45:53,Meeting,Sunday
918,Elysha Ogden,Research and Development,2024-02-02,7:34:25,15:34:25,Work,Friday
919,Garald Lindell,Business Development,2024-01-06,9:03:22,14:03:22,Work,Saturday
920,Lonna Aulds,Marketing,2024-01-02,8:05:45,14:05:45,Work,Tuesday
921,Kevyn Ornillos,Research and Development,2024-09-07,6:01:22,14:01:22,Work,Saturday
922,Lionel Borland,Accounting,2024-10-01,7:39:24,09:39:24,Meeting,Tuesday
923,Marys Lamball,Research and Development,2024-10-07,7:42:18,10:42:18,Work,Monday
924,Chiquia Sobieski,Training,2024-06-01,9:51:47,16:51:47,Client Visit,Saturday
925,Isidro Thumim,Business Development,2024-09-01,7:27:53,09:27:53,Work,Sunday
926,Cosetta Mulrenan,Business Development,2024-06-03,8:44:37,14:44:37,Training,Monday
927,Faythe Sevitt,Engineering,2024-04-01,6:24:22,08:24:22,Other,Monday
928,Ezekiel Sproston,Engineering,2024-07-03,9:02:04,11:02:04,Other,Wednesday
929,Gustavo Kingsbury,Support,2024-07-01,9:00:17,15:00:17,Client Visit,Monday
930,Marlowe Garriock,Business Development,2024-07-02,8:16:10,13:16:10,Meeting,Tuesday
931,Rhea Isaacs,Training,2024-10-03,7:57:40,14:57:40,Work,Thursday
932,Sarene Lewty,Sales,2024-03-02,6:39:02,08:39:02,Work,Saturday
933,Pandora Goldhill,Training,2024-09-05,8:33:28,16:33:28,Other,Thursday
934,Scot Yakovlev,Sales,2024-04-06,6:49:14,11:49:14,Training,Saturday
935,Freddie Errington,Marketing,2024-05-07,9:19:00,16:19:00,Meeting,Tuesday
936,Bone Burgise,Accounting,2024-02-07,7:00:55,09:00:55,Meeting,Wednesday
937,Gallard Brownbill,Product Management,2024-01-04,6:38:35,11:38:35,Work,Thursday
938,Hazel Sherrum,Training,2024-11-07,8:59:40,09:59:40,Client Visit,Thursday
939,Kiersten McCoveney,Training,2024-09-02,7:29:50,08:29:50,Meeting,Monday
940,Conney Wickens,Training,2024-05-01,6:19:23,08:19:23,Work,Wednesday
941,Mackenzie Florence,Support,2024-07-03,6:14:05,14:14:05,Training,Wednesday
942,Blithe Peyto,Legal,2024-05-07,9:15:25,14:15:25,Other,Tuesday
943,Eloise Thombleson,Marketing,2024-10-02,8:11:53,10:11:53,Meeting,Wednesday
944,Ardeen Showering,Training,2024-04-02,6:16:55,13:16:55,Meeting,Tuesday
945,Nadiya Mountjoy,Training,2024-04-02,8:27:59,14:27:59,Work,Tuesday
946,Elka Yitzhak,Legal,2024-10-02,6:45:27,10:45:27,Meeting,Wednesday
947,Deerdre Humphery,Accounting,2024-06-01,9:18:46,14:18:46,Meeting,Saturday
948,Shaun Feakins,Product Management,2024-10-03,7:02:40,08:02:40,Training,Thursday
949,Juliette Ellam,Product Management,2024-04-06,7:01:53,14:01:53,Meeting,Saturday
950,Inge Vanini,Human Resources,2024-07-06,7:54:17,09:54:17,Work,Saturday
951,Gallagher Merryman,Training,2024-11-02,7:09:41,11:09:41,Meeting,Saturday
952,Wilma Largan,Research and Development,2024-06-05,8:24:07,13:24:07,Training,Wednesday
953,Lenore Kobelt,Marketing,2024-02-06,9:23:08,15:23:08,Meeting,Tuesday
954,Korry Wintour,Legal,2024-03-03,7:45:01,09:45:01,Meeting,Sunday
955,Langston Harpur,Engineering,2024-03-07,6:17:36,09:17:36,Work,Thursday
956,Minnie Dabell,Support,2024-02-01,8:05:34,14:05:34,Client Visit,Thursday
957,Kerstin Fadell,Accounting,2024-09-02,8:48:37,13:48:37,Work,Monday
958,Oneida Simenot,Services,2024-12-04,8:38:42,16:38:42,Meeting,Wednesday
959,Sean Roizn,Training,2024-04-01,6:44:09,14:44:09,Client Visit,Monday
960,Guillema L'Episcopio,Services,2024-07-02,8:25:39,15:25:39,Work,Tuesday
961,Gianina Farrens,Research and Development,2024-02-04,9:47:52,12:47:52,Work,Sunday
962,Dewie Handforth,Services,2024-08-05,9:20:55,17:20:55,Training,Monday
963,Guinevere Toupe,Training,2024-08-04,9:17:43,13:17:43,Client Visit,Sunday
964,Clark Dragon,Support,2024-12-06,8:04:38,15:04:38,Work,Friday
965,Raddie Tonbridge,Sales,2024-05-07,8:38:21,11:38:21,Work,Tuesday
966,Richardo Taverner,Support,2024-10-06,9:19:28,13:19:28,Work,Sunday
967,Irita Muller,Accounting,2024-05-07,7:11:42,15:11:42,Meeting,Tuesday
968,Lacie Dran,Accounting,2024-02-04,6:59:03,14:59:03,Work,Sunday
969,Brod Vondrach,Human Resources,2024-03-07,8:29:23,13:29:23,Work,Thursday
970,Lissi Delacourt,Sales,2024-12-02,6:55:13,11:55:13,Work,Monday
971,Lawton McConway,Business Development,2024-12-06,7:24:48,13:24:48,Work,Friday
972,Amalle Oldershaw,Accounting,2024-11-05,8:21:11,15:21:11,Work,Tuesday
973,Mariya Sly,Support,2024-04-03,9:00:12,13:00:12,Other,Wednesday
974,Gris Armal,Services,2024-01-02,7:07:22,08:07:22,Other,Tuesday
975,Debra Esparza,Business Development,2024-06-03,7:37:34,08:37:34,Client Visit,Monday
976,Brew Donnel,Marketing,2024-05-02,6:55:24,10:55:24,Work,Thursday
977,Cathleen Malone,Engineering,2024-07-01,9:10:23,10:10:23,Other,Monday
978,Iosep Delmage,Services,2024-05-07,7:18:09,14:18:09,Training,Tuesday
979,Padraig Rieme,Sales,2024-07-04,9:25:14,12:25:14,Client Visit,Thursday
980,Lurleen Sargeant,Engineering,2024-12-03,6:26:03,13:26:03,Meeting,Tuesday
981,Pru Olwen,Services,2024-09-06,7:18:07,13:18:07,Meeting,Friday
982,Alwin Brilleman,Sales,2024-01-06,6:04:38,08:04:38,Meeting,Saturday
983,Robb Salle,Business Development,2024-03-05,6:40:44,11:40:44,Meeting,Tuesday
984,Lela Varran,Training,2024-08-03,7:22:45,14:22:45,Meeting,Saturday
985,Morry Dorricott,Training,2024-10-07,7:41:33,08:41:33,Meeting,Monday
986,Rodolph Bony,Product Management,2024-04-07,7:57:08,15:57:08,Meeting,Sunday
987,Mortimer Wims,Human Resources,2024-03-01,9:47:13,13:47:13,Meeting,Friday
988,Ignacio Teek,Support,2024-05-07,6:09:17,09:09:17,Training,Tuesday
989,Reagan Makiver,Legal,2024-02-03,7:40:17,10:40:17,Training,Saturday
990,Dawna Tomaszczyk,Product Management,2024-08-03,7:51:47,08:51:47,Meeting,Saturday
991,Devon Gelsthorpe,Engineering,2024-03-05,8:37:15,09:37:15,Work,Tuesday
992,Dulsea Gaskin,Sales,2024-03-04,9:10:53,12:10:53,Work,Monday
993,Franni Moggach,Research and Development,2024-08-06,7:59:44,11:59:44,Meeting,Tuesday
994,Robbin Kineton,Legal,2024-08-07,9:40:22,12:40:22,Work,Wednesday
995,Anatole Ginnelly,Business Development,2024-09-01,9:18:46,15:18:46,Client Visit,Sunday
996,Bax Whisker,Marketing,2024-06-05,6:52:41,07:52:41,Training,Wednesday
997,Carolann Gammie,Marketing,2024-05-03,9:20:39,15:20:39,Training,Friday
998,Cassy Aireton,Business Development,2024-07-04,9:54:07,12:54:07,Meeting,Thursday
999,Hall Sholl,Product Management,2024-06-01,6:22:18,13:22:18,Meeting,Saturday
1000,Cazzie Klishin,Training,2024-09-03,7:12:43,13:12:43,Meeting,Tuesday
