Date,Day_of_Week,Month,Week_of_the_year,Day_of_month,Is_Weekend,Special_Event,Number_Attended,Level
2021-01-01,Friday,1,1,1,False,True,121,1
2021-01-02,Saturday,1,1,2,True,False,33,1
2021-01-03,Sunday,1,2,3,True,False,125,1
2021-01-04,Monday,1,2,4,False,True,124,1
2021-01-05,Tuesday,1,2,5,False,True,157,1
2021-01-06,Wednesday,1,2,6,False,False,192,1
2021-01-07,Thursday,1,2,7,False,True,189,1
2021-01-08,Friday,1,2,8,False,False,144,1
2021-01-09,Saturday,1,2,9,True,False,121,1
2021-01-10,Sunday,1,3,10,True,False,75,1
2021-01-11,Monday,1,3,11,False,True,176,1
2021-01-12,Tuesday,1,3,12,False,False,110,1
2021-01-13,Wednesday,1,3,13,False,True,126,1
2021-01-14,Thursday,1,3,14,False,True,189,1
2021-01-15,Friday,1,3,15,False,True,133,1
2021-01-16,Saturday,1,3,16,True,False,145,1
2021-01-17,Sunday,1,4,17,True,False,165,1
2021-01-18,Monday,1,4,18,False,True,197,1
2021-01-19,Tuesday,1,4,19,False,False,172,1
2021-01-20,Wednesday,1,4,20,False,False,170,1
2021-01-21,Thursday,1,4,21,False,True,137,1
2021-01-22,Friday,1,4,22,False,True,154,1
2021-01-23,Saturday,1,4,23,True,False,112,1
2021-01-24,Sunday,1,5,24,True,False,177,1
2021-01-25,Monday,1,5,25,False,True,195,1
2021-01-26,Tuesday,1,5,26,False,True,106,1
2021-01-27,Wednesday,1,5,27,False,True,115,1
2021-01-28,Thursday,1,5,28,False,True,177,1
2021-01-29,Friday,1,5,29,False,False,127,1
2021-01-30,Saturday,1,5,30,True,False,153,1
2021-01-31,Sunday,1,6,31,True,False,129,1
2021-02-01,Monday,2,6,1,False,True,159,1
2021-02-02,Tuesday,2,6,2,False,True,111,1
2021-02-03,Wednesday,2,6,3,False,True,190,1
2021-02-04,Thursday,2,6,4,False,True,200,1
2021-02-05,Friday,2,6,5,False,False,148,1
2021-02-06,Saturday,2,6,6,True,False,41,1
2021-02-07,Sunday,2,7,7,True,False,115,1
2021-02-08,Monday,2,7,8,False,False,215,1
2021-02-09,Tuesday,2,7,9,False,True,186,1
2021-02-10,Wednesday,2,7,10,False,True,146,1
2021-02-11,Thursday,2,7,11,False,True,139,1
2021-02-12,Friday,2,7,12,False,True,180,1
2021-02-13,Saturday,2,7,13,True,False,29,1
2021-02-14,Sunday,2,8,14,True,False,148,1
2021-02-15,Monday,2,8,15,False,True,118,1
2021-02-16,Tuesday,2,8,16,False,True,184,1
2021-02-17,Wednesday,2,8,17,False,True,195,1
2021-02-18,Thursday,2,8,18,False,False,215,1
2021-02-19,Friday,2,8,19,False,False,199,1
2021-02-20,Saturday,2,8,20,True,False,42,1
2021-02-21,Sunday,2,9,21,True,False,143,1
2021-02-22,Monday,2,9,22,False,False,173,1
2021-02-23,Tuesday,2,9,23,False,False,111,1
2021-02-24,Wednesday,2,9,24,False,True,199,1
2021-02-25,Thursday,2,9,25,False,False,201,1
2021-02-26,Friday,2,9,26,False,False,178,1
2021-02-27,Saturday,2,9,27,True,False,108,1
2021-02-28,Sunday,2,10,28,True,True,178,1
2021-03-01,Monday,3,10,1,False,True,162,1
2021-03-02,Tuesday,3,10,2,False,True,194,1
2021-03-03,Wednesday,3,10,3,False,False,221,1
2021-03-04,Thursday,3,10,4,False,True,156,1
2021-03-05,Friday,3,10,5,False,True,218,1
2021-03-06,Saturday,3,10,6,True,False,44,1
2021-03-07,Sunday,3,11,7,True,False,132,1
2021-03-08,Monday,3,11,8,False,True,158,1
2021-03-09,Tuesday,3,11,9,False,True,142,1
2021-03-10,Wednesday,3,11,10,False,True,121,1
2021-03-11,Thursday,3,11,11,False,False,159,1
2021-03-12,Friday,3,11,12,False,True,165,1
2021-03-13,Saturday,3,11,13,True,False,14,1
2021-03-14,Sunday,3,12,14,True,False,207,1
2021-03-15,Monday,3,12,15,False,False,146,1
2021-03-16,Tuesday,3,12,16,False,False,180,1
2021-03-17,Wednesday,3,12,17,False,True,214,1
2021-03-18,Thursday,3,12,18,False,False,167,1
2021-03-19,Friday,3,12,19,False,True,132,1
2021-03-20,Saturday,3,12,20,True,False,25,1
2021-03-21,Sunday,3,13,21,True,False,152,1
2021-03-22,Monday,3,13,22,False,False,128,1
2021-03-23,Tuesday,3,13,23,False,True,131,1
2021-03-24,Wednesday,3,13,24,False,True,222,1
2021-03-25,Thursday,3,13,25,False,True,215,1
2021-03-26,Friday,3,13,26,False,False,116,1
2021-03-27,Saturday,3,13,27,True,False,125,1
2021-03-28,Sunday,3,14,28,True,False,186,1
2021-03-29,Monday,3,14,29,False,True,187,1
2021-03-30,Tuesday,3,14,30,False,True,184,1
2021-03-31,Wednesday,3,14,31,False,True,133,1
2021-04-01,Thursday,4,14,1,False,False,151,1
2021-04-02,Friday,4,14,2,False,False,121,1
2021-04-03,Saturday,4,14,3,True,False,15,1
2021-04-04,Sunday,4,15,4,True,False,5,1
2021-04-05,Monday,4,15,5,False,True,382,1
2021-04-06,Tuesday,4,15,6,False,False,423,1
2021-04-07,Wednesday,4,15,7,False,False,497,1
2021-04-08,Thursday,4,15,8,False,True,636,2
2021-04-09,Friday,4,15,9,False,False,422,1
2021-04-10,Saturday,4,15,10,True,True,35,1
2021-04-11,Sunday,4,16,11,True,False,3,1
2021-04-12,Monday,4,16,12,False,True,396,1
2021-04-13,Tuesday,4,16,13,False,False,513,1
2021-04-14,Wednesday,4,16,14,False,False,361,1
2021-04-15,Thursday,4,16,15,False,True,562,1
2021-04-16,Friday,4,16,16,False,True,390,1
2021-04-17,Saturday,4,16,17,True,False,50,1
2021-04-18,Sunday,4,17,18,True,False,5,1
2021-04-19,Monday,4,17,19,False,False,538,1
2021-04-20,Tuesday,4,17,20,False,True,216,1
2021-04-21,Wednesday,4,17,21,False,True,580,1
2021-04-22,Thursday,4,17,22,False,False,539,1
2021-04-23,Friday,4,17,23,False,False,587,1
2021-04-24,Saturday,4,17,24,True,False,13,1
2021-04-25,Sunday,4,18,25,True,False,5,1
2021-04-26,Monday,4,18,26,False,False,353,1
2021-04-27,Tuesday,4,18,27,False,True,501,1
2021-04-28,Wednesday,4,18,28,False,True,315,1
2021-04-29,Thursday,4,18,29,False,False,423,1
2021-04-30,Friday,4,18,30,False,True,536,1
2021-05-01,Saturday,5,18,1,True,False,35,1
2021-05-02,Sunday,5,19,2,True,False,5,1
2021-05-03,Monday,5,19,3,False,False,357,1
2021-05-04,Tuesday,5,19,4,False,True,549,1
2021-05-05,Wednesday,5,19,5,False,True,253,1
2021-05-06,Thursday,5,19,6,False,True,612,2
2021-05-07,Friday,5,19,7,False,True,552,1
2021-05-08,Saturday,5,19,8,True,False,32,1
2021-05-09,Sunday,5,20,9,True,False,6,1
2021-05-10,Monday,5,20,10,False,True,619,2
2021-05-11,Tuesday,5,20,11,False,False,615,2
2021-05-12,Wednesday,5,20,12,False,True,444,1
2021-05-13,Thursday,5,20,13,False,True,618,2
2021-05-14,Friday,5,20,14,False,False,590,1
2021-05-15,Saturday,5,20,15,True,False,14,1
2021-05-16,Sunday,5,21,16,True,False,6,1
2021-05-17,Monday,5,21,17,False,False,605,2
2021-05-18,Tuesday,5,21,18,False,False,607,2
2021-05-19,Wednesday,5,21,19,False,True,437,1
2021-05-20,Thursday,5,21,20,False,True,620,2
2021-05-21,Friday,5,21,21,False,True,539,1
2021-05-22,Saturday,5,21,22,True,False,14,1
2021-05-23,Sunday,5,22,23,True,False,5,1
2021-05-24,Monday,5,22,24,False,False,376,1
2021-05-25,Tuesday,5,22,25,False,False,617,2
2021-05-26,Wednesday,5,22,26,False,True,590,1
2021-05-27,Thursday,5,22,27,False,True,607,2
2021-05-28,Friday,5,22,28,False,True,563,1
2021-05-29,Saturday,5,22,29,True,False,35,1
2021-05-30,Sunday,5,23,30,True,True,5,1
2021-05-31,Monday,5,23,31,False,True,448,1
2021-06-01,Tuesday,6,23,1,False,True,548,1
2021-06-02,Wednesday,6,23,2,False,True,237,1
2021-06-03,Thursday,6,23,3,False,True,435,1
2021-06-04,Friday,6,23,4,False,True,442,1
2021-06-05,Saturday,6,23,5,True,False,5,1
2021-06-06,Sunday,6,24,6,True,False,5,1
2021-06-07,Monday,6,24,7,False,True,285,1
2021-06-08,Tuesday,6,24,8,False,False,437,1
2021-06-09,Wednesday,6,24,9,False,True,516,1
2021-06-10,Thursday,6,24,10,False,True,505,1
2021-06-11,Friday,6,24,11,False,False,383,1
2021-06-12,Saturday,6,24,12,True,False,21,1
2021-06-13,Sunday,6,25,13,True,False,5,1
2021-06-14,Monday,6,25,14,False,True,558,1
2021-06-15,Tuesday,6,25,15,False,True,390,1
2021-06-16,Wednesday,6,25,16,False,False,541,1
2021-06-17,Thursday,6,25,17,False,True,526,1
2021-06-18,Friday,6,25,18,False,True,436,1
2021-06-19,Saturday,6,25,19,True,False,9,1
2021-06-20,Sunday,6,26,20,True,False,5,1
2021-06-21,Monday,6,26,21,False,True,415,1
2021-06-22,Tuesday,6,26,22,False,False,442,1
2021-06-23,Wednesday,6,26,23,False,True,589,1
2021-06-24,Thursday,6,26,24,False,True,415,1
2021-06-25,Friday,6,26,25,False,False,559,1
2021-06-26,Saturday,6,26,26,True,False,21,1
2021-06-27,Sunday,6,27,27,True,False,5,1
2021-06-28,Monday,6,27,28,False,False,532,1
2021-06-29,Tuesday,6,27,29,False,True,547,1
2021-06-30,Wednesday,6,27,30,False,True,566,1
2021-07-01,Thursday,7,27,1,False,False,616,2
2021-07-02,Friday,7,27,2,False,True,388,1
2021-07-03,Saturday,7,27,3,True,False,13,1
2021-07-04,Sunday,7,28,4,True,False,5,1
2021-07-05,Monday,7,28,5,False,False,573,1
2021-07-06,Tuesday,7,28,6,False,False,580,1
2021-07-07,Wednesday,7,28,7,False,True,319,1
2021-07-08,Thursday,7,28,8,False,True,471,1
2021-07-09,Friday,7,28,9,False,False,536,1
2021-07-10,Saturday,7,28,10,True,False,5,1
2021-07-11,Sunday,7,29,11,True,False,5,1
2021-07-12,Monday,7,29,12,False,True,586,1
2021-07-13,Tuesday,7,29,13,False,True,594,1
2021-07-14,Wednesday,7,29,14,False,True,513,1
2021-07-15,Thursday,7,29,15,False,False,612,2
2021-07-16,Friday,7,29,16,False,True,454,1
2021-07-17,Saturday,7,29,17,True,False,41,1
2021-07-18,Sunday,7,30,18,True,False,5,1
2021-07-19,Monday,7,30,19,False,True,631,2
2021-07-20,Tuesday,7,30,20,False,True,541,1
2021-07-21,Wednesday,7,30,21,False,True,592,1
2021-07-22,Thursday,7,30,22,False,True,554,1
2021-07-23,Friday,7,30,23,False,True,548,1
2021-07-24,Saturday,7,30,24,True,False,13,1
2021-07-25,Sunday,7,31,25,True,True,5,1
2021-07-26,Monday,7,31,26,False,False,413,1
2021-07-27,Tuesday,7,31,27,False,False,513,1
2021-07-28,Wednesday,7,31,28,False,True,337,1
2021-07-29,Thursday,7,31,29,False,True,536,1
2021-07-30,Friday,7,31,30,False,False,563,1
2021-07-31,Saturday,7,31,31,True,False,5,1
2021-08-01,Sunday,8,32,1,True,False,5,1
2021-08-02,Monday,8,32,2,False,True,530,1
2021-08-03,Tuesday,8,32,3,False,True,545,1
2021-08-04,Wednesday,8,32,4,False,True,282,1
2021-08-05,Thursday,8,32,5,False,False,537,1
2021-08-06,Friday,8,32,6,False,True,371,1
2021-08-07,Saturday,8,32,7,True,False,40,1
2021-08-08,Sunday,8,33,8,True,True,5,1
2021-08-09,Monday,8,33,9,False,True,597,1
2021-08-10,Tuesday,8,33,10,False,True,556,1
2021-08-11,Wednesday,8,33,11,False,True,282,1
2021-08-12,Thursday,8,33,12,False,True,373,1
2021-08-13,Friday,8,33,13,False,True,331,1
2021-08-14,Saturday,8,33,14,True,False,44,1
2021-08-15,Sunday,8,34,15,True,False,5,1
2021-08-16,Monday,8,34,16,False,True,617,2
2021-08-17,Tuesday,8,34,17,False,True,628,2
2021-08-18,Wednesday,8,34,18,False,True,326,1
2021-08-19,Thursday,8,34,19,False,True,425,1
2021-08-20,Friday,8,34,20,False,True,557,1
2021-08-21,Saturday,8,34,21,True,False,20,1
2021-08-22,Sunday,8,35,22,True,False,5,1
2021-08-23,Monday,8,35,23,False,True,411,1
2021-08-24,Tuesday,8,35,24,False,False,516,1
2021-08-25,Wednesday,8,35,25,False,True,464,1
2021-08-26,Thursday,8,35,26,False,True,453,1
2021-08-27,Friday,8,35,27,False,True,446,1
2021-08-28,Saturday,8,35,28,True,False,33,1
2021-08-29,Sunday,8,36,29,True,False,5,1
2021-08-30,Monday,8,36,30,False,False,566,1
2021-08-31,Tuesday,8,36,31,False,True,558,1
2021-09-01,Wednesday,9,36,1,False,False,459,1
2021-09-02,Thursday,9,36,2,False,True,529,1
2021-09-03,Friday,9,36,3,False,False,509,1
2021-09-04,Saturday,9,36,4,True,False,9,1
2021-09-05,Sunday,9,37,5,True,False,5,1
2021-09-06,Monday,9,37,6,False,True,399,1
2021-09-07,Tuesday,9,37,7,False,True,453,1
2021-09-08,Wednesday,9,37,8,False,False,365,1
2021-09-09,Thursday,9,37,9,False,False,549,1
2021-09-10,Friday,9,37,10,False,True,523,1
2021-09-11,Saturday,9,37,11,True,False,5,1
2021-09-12,Sunday,9,38,12,True,False,5,1
2021-09-13,Monday,9,38,13,False,True,642,2
2021-09-14,Tuesday,9,38,14,False,True,861,3
2021-09-15,Wednesday,9,38,15,False,True,351,1
2021-09-16,Thursday,9,38,16,False,False,1326,5
2021-09-17,Friday,9,38,17,False,True,538,1
2021-09-18,Saturday,9,38,18,True,False,38,1
2021-09-19,Sunday,9,39,19,True,False,3,1
2021-09-20,Monday,9,39,20,False,True,461,1
2021-09-21,Tuesday,9,39,21,False,True,1219,5
2021-09-22,Wednesday,9,39,22,False,True,548,1
2021-09-23,Thursday,9,39,23,False,False,1549,6
2021-09-24,Friday,9,39,24,False,True,503,1
2021-09-25,Saturday,9,39,25,True,False,19,1
2021-09-26,Sunday,9,40,26,True,True,4,1
2021-09-27,Monday,9,40,27,False,True,385,1
2021-09-28,Tuesday,9,40,28,False,False,856,3
2021-09-29,Wednesday,9,40,29,False,True,253,1
2021-09-30,Thursday,9,40,30,False,True,1027,4
2021-10-01,Friday,10,40,1,False,False,532,1
2021-10-02,Saturday,10,40,2,True,False,1,1
2021-10-03,Sunday,10,41,3,True,False,4,1
2021-10-04,Monday,10,41,4,False,False,323,1
2021-10-05,Tuesday,10,41,5,False,True,1075,4
2021-10-06,Wednesday,10,41,6,False,False,544,1
2021-10-07,Thursday,10,41,7,False,True,926,3
2021-10-08,Friday,10,41,8,False,False,558,1
2021-10-09,Saturday,10,41,9,True,False,6,1
2021-10-10,Sunday,10,42,10,True,False,3,1
2021-10-11,Monday,10,42,11,False,True,330,1
2021-10-12,Tuesday,10,42,12,False,True,1209,5
2021-10-13,Wednesday,10,42,13,False,True,635,2
2021-10-14,Thursday,10,42,14,False,False,1408,6
2021-10-15,Friday,10,42,15,False,True,549,1
2021-10-16,Saturday,10,42,16,True,False,0,1
2021-10-17,Sunday,10,43,17,True,False,5,1
2021-10-18,Monday,10,43,18,False,True,514,1
2021-10-19,Tuesday,10,43,19,False,True,1147,4
2021-10-20,Wednesday,10,43,20,False,True,525,1
2021-10-21,Thursday,10,43,21,False,True,1462,6
2021-10-22,Friday,10,43,22,False,True,526,1
2021-10-23,Saturday,10,43,23,True,False,28,1
2021-10-24,Sunday,10,44,24,True,False,5,1
2021-10-25,Monday,10,44,25,False,False,554,1
2021-10-26,Tuesday,10,44,26,False,True,955,3
2021-10-27,Wednesday,10,44,27,False,True,563,1
2021-10-28,Thursday,10,44,28,False,True,1152,4
2021-10-29,Friday,10,44,29,False,True,355,1
2021-10-30,Saturday,10,44,30,True,False,27,1
2021-10-31,Sunday,10,45,31,True,False,5,1
2021-11-01,Monday,11,45,1,False,False,629,2
2021-11-02,Tuesday,11,45,2,False,True,1253,5
2021-11-03,Wednesday,11,45,3,False,True,456,1
2021-11-04,Thursday,11,45,4,False,False,1706,7
2021-11-05,Friday,11,45,5,False,True,413,1
2021-11-06,Saturday,11,45,6,True,False,26,1
2021-11-07,Sunday,11,46,7,True,False,4,1
2021-11-08,Monday,11,46,8,False,True,388,1
2021-11-09,Tuesday,11,46,9,False,True,1176,4
2021-11-10,Wednesday,11,46,10,False,True,440,1
2021-11-11,Thursday,11,46,11,False,True,1235,5
2021-11-12,Friday,11,46,12,False,False,486,1
2021-11-13,Saturday,11,46,13,True,False,36,1
2021-11-14,Sunday,11,47,14,True,False,4,1
2021-11-15,Monday,11,47,15,False,False,482,1
2021-11-16,Tuesday,11,47,16,False,True,999,3
2021-11-17,Wednesday,11,47,17,False,True,671,2
2021-11-18,Thursday,11,47,18,False,True,1432,6
2021-11-19,Friday,11,47,19,False,True,524,1
2021-11-20,Saturday,11,47,20,True,False,1,1
2021-11-21,Sunday,11,48,21,True,True,4,1
2021-11-22,Monday,11,48,22,False,True,516,1
2021-11-23,Tuesday,11,48,23,False,True,965,3
2021-11-24,Wednesday,11,48,24,False,True,227,1
2021-11-25,Thursday,11,48,25,False,False,845,3
2021-11-26,Friday,11,48,26,False,True,699,2
2021-11-27,Saturday,11,48,27,True,False,9,1
2021-11-28,Sunday,11,49,28,True,False,3,1
2021-11-29,Monday,11,49,29,False,True,537,1
2021-11-30,Tuesday,11,49,30,False,True,1201,5
2021-12-01,Wednesday,12,49,1,False,True,332,1
2021-12-02,Thursday,12,49,2,False,False,1182,4
2021-12-03,Friday,12,49,3,False,True,568,1
2021-12-04,Saturday,12,49,4,True,False,39,1
2021-12-05,Sunday,12,50,5,True,False,5,1
2021-12-06,Monday,12,50,6,False,False,328,1
2021-12-07,Tuesday,12,50,7,False,True,1672,7
2021-12-08,Wednesday,12,50,8,False,False,357,1
2021-12-09,Thursday,12,50,9,False,True,1647,7
2021-12-10,Friday,12,50,10,False,False,638,2
2021-12-11,Saturday,12,50,11,True,False,23,1
2021-12-12,Sunday,12,51,12,True,False,4,1
2021-12-13,Monday,12,51,13,False,True,259,1
2021-12-14,Tuesday,12,51,14,False,False,1695,7
2021-12-15,Wednesday,12,51,15,False,True,432,1
2021-12-16,Thursday,12,51,16,False,False,1514,6
2021-12-17,Friday,12,51,17,False,True,433,1
2021-12-18,Saturday,12,51,18,True,False,15,1
2021-12-19,Sunday,12,52,19,True,False,4,1
2021-12-20,Monday,12,52,20,False,False,529,1
2021-12-21,Tuesday,12,52,21,False,True,1575,6
2021-12-22,Wednesday,12,52,22,False,True,548,1
2021-12-23,Thursday,12,52,23,False,False,889,3
2021-12-24,Friday,12,52,24,False,True,437,1
2021-12-25,Saturday,12,52,25,True,False,33,1
2021-12-26,Sunday,12,53,26,True,False,3,1
2021-12-27,Monday,12,53,27,False,True,664,2
2021-12-28,Tuesday,12,53,28,False,True,814,3
2021-12-29,Wednesday,12,53,29,False,False,319,1
2021-12-30,Thursday,12,53,30,False,False,989,3
2021-12-31,Friday,12,53,31,False,False,580,1
2022-01-01,Saturday,1,1,1,True,True,3,1
2022-01-02,Sunday,1,2,2,True,False,5,1
2022-01-03,Monday,1,2,3,False,True,638,2
2022-01-04,Tuesday,1,2,4,False,True,1196,4
2022-01-05,Wednesday,1,2,5,False,True,375,1
2022-01-06,Thursday,1,2,6,False,True,1150,4
2022-01-07,Friday,1,2,7,False,True,401,1
2022-01-08,Saturday,1,2,8,True,False,17,1
2022-01-09,Sunday,1,3,9,True,False,5,1
2022-01-10,Monday,1,3,10,False,True,536,1
2022-01-11,Tuesday,1,3,11,False,True,1035,4
2022-01-12,Wednesday,1,3,12,False,True,363,1
2022-01-13,Thursday,1,3,13,False,False,839,3
2022-01-14,Friday,1,3,14,False,True,553,1
2022-01-15,Saturday,1,3,15,True,False,27,1
2022-01-16,Sunday,1,4,16,True,False,3,1
2022-01-17,Monday,1,4,17,False,True,699,2
2022-01-18,Tuesday,1,4,18,False,True,1282,5
2022-01-19,Wednesday,1,4,19,False,False,665,2
2022-01-20,Thursday,1,4,20,False,False,1194,4
2022-01-21,Friday,1,4,21,False,True,638,2
2022-01-22,Saturday,1,4,22,True,False,31,1
2022-01-23,Sunday,1,5,23,True,False,5,1
2022-01-24,Monday,1,5,24,False,False,675,2
2022-01-25,Tuesday,1,5,25,False,False,1265,5
2022-01-26,Wednesday,1,5,26,False,True,516,1
2022-01-27,Thursday,1,5,27,False,True,956,3
2022-01-28,Friday,1,5,28,False,True,311,1
2022-01-29,Saturday,1,5,29,True,False,30,1
2022-01-30,Sunday,1,6,30,True,True,4,1
2022-01-31,Monday,1,6,31,False,False,290,1
2022-02-01,Tuesday,2,6,1,False,False,802,3
2022-02-02,Wednesday,2,6,2,False,True,278,1
2022-02-03,Thursday,2,6,3,False,True,1306,5
2022-02-04,Friday,2,6,4,False,False,325,1
2022-02-05,Saturday,2,6,5,True,False,23,1
2022-02-06,Sunday,2,7,6,True,False,5,1
2022-02-07,Monday,2,7,7,False,True,387,1
2022-02-08,Tuesday,2,7,8,False,True,1548,6
2022-02-09,Wednesday,2,7,9,False,False,400,1
2022-02-10,Thursday,2,7,10,False,True,1519,6
2022-02-11,Friday,2,7,11,False,True,614,2
2022-02-12,Saturday,2,7,12,True,False,6,1
2022-02-13,Sunday,2,8,13,True,False,4,1
2022-02-14,Monday,2,8,14,False,True,343,1
2022-02-15,Tuesday,2,8,15,False,True,1402,6
2022-02-16,Wednesday,2,8,16,False,True,620,2
2022-02-17,Thursday,2,8,17,False,True,1193,4
2022-02-18,Friday,2,8,18,False,True,573,1
2022-02-19,Saturday,2,8,19,True,False,2,1
2022-02-20,Sunday,2,9,20,True,False,3,1
2022-02-21,Monday,2,9,21,False,True,578,1
2022-02-22,Tuesday,2,9,22,False,True,1398,5
2022-02-23,Wednesday,2,9,23,False,False,377,1
2022-02-24,Thursday,2,9,24,False,False,1237,5
2022-02-25,Friday,2,9,25,False,False,694,2
2022-02-26,Saturday,2,9,26,True,False,34,1
2022-02-27,Sunday,2,10,27,True,False,3,1
2022-02-28,Monday,2,10,28,False,True,603,2
2022-03-01,Tuesday,3,10,1,False,True,1450,6
2022-03-02,Wednesday,3,10,2,False,True,396,1
2022-03-03,Thursday,3,10,3,False,True,965,3
2022-03-04,Friday,3,10,4,False,False,368,1
2022-03-05,Saturday,3,10,5,True,False,15,1
2022-03-06,Sunday,3,11,6,True,False,3,1
2022-03-07,Monday,3,11,7,False,True,557,1
2022-03-08,Tuesday,3,11,8,False,True,1514,6
2022-03-09,Wednesday,3,11,9,False,True,462,1
2022-03-10,Thursday,3,11,10,False,False,1628,7
2022-03-11,Friday,3,11,11,False,False,557,1
2022-03-12,Saturday,3,11,12,True,False,5,1
2022-03-13,Sunday,3,12,13,True,False,5,1
2022-03-14,Monday,3,12,14,False,False,257,1
2022-03-15,Tuesday,3,12,15,False,True,1639,7
2022-03-16,Wednesday,3,12,16,False,True,661,2
2022-03-17,Thursday,3,12,17,False,True,1542,6
2022-03-18,Friday,3,12,18,False,True,446,1
2022-03-19,Saturday,3,12,19,True,False,16,1
2022-03-20,Sunday,3,13,20,True,False,4,1
2022-03-21,Monday,3,13,21,False,True,558,1
2022-03-22,Tuesday,3,13,22,False,True,1015,4
2022-03-23,Wednesday,3,13,23,False,True,528,1
2022-03-24,Thursday,3,13,24,False,False,919,3
2022-03-25,Friday,3,13,25,False,False,324,1
2022-03-26,Saturday,3,13,26,True,False,7,1
2022-03-27,Sunday,3,14,27,True,False,4,1
2022-03-28,Monday,3,14,28,False,True,510,1
2022-03-29,Tuesday,3,14,29,False,True,1118,4
2022-03-30,Wednesday,3,14,30,False,False,410,1
2022-03-31,Thursday,3,14,31,False,True,1375,5
2022-04-01,Friday,4,14,1,False,False,526,1
2022-04-02,Saturday,4,14,2,True,True,14,1
2022-04-03,Sunday,4,15,3,True,False,3,1
2022-04-04,Monday,4,15,4,False,True,254,1
2022-04-05,Tuesday,4,15,5,False,True,1582,6
2022-04-06,Wednesday,4,15,6,False,False,386,1
2022-04-07,Thursday,4,15,7,False,True,1709,7
2022-04-08,Friday,4,8,8,False,False,576,1
2022-04-09,Saturday,4,8,9,True,False,9,1
2022-04-10,Sunday,4,8,10,True,False,6,1
2022-04-11,Monday,4,9,11,False,True,601,2
2022-04-12,Tuesday,4,9,12,False,True,563,1
2022-04-13,Wednesday,4,9,13,False,True,497,1
2022-04-14,Thursday,4,9,14,False,True,503,1
2022-04-15,Friday,4,9,15,False,False,610,2
2022-04-16,Saturday,4,9,16,True,False,12,1
2022-04-17,Sunday,4,9,17,True,False,6,1
2022-04-18,Monday,4,9,18,False,True,599,1
2022-04-19,Tuesday,4,9,19,False,False,560,1
2022-04-20,Wednesday,4,9,20,False,True,495,1
2022-04-21,Thursday,4,9,21,False,True,501,1
2022-04-22,Friday,4,9,22,False,False,612,2
2022-04-23,Saturday,4,9,23,True,False,10,1
2022-04-24,Sunday,4,9,24,True,False,5,1
2022-04-25,Monday,4,9,25,False,True,600,2
2022-04-26,Tuesday,4,9,26,False,True,561,1
2022-04-27,Wednesday,4,9,27,False,True,492,1
2022-04-28,Thursday,4,9,28,False,True,517,1
2022-04-29,Friday,4,9,29,False,False,615,2
2022-04-30,Saturday,4,9,30,True,False,11,1
2022-05-01,Sunday,5,10,1,True,False,6,1
2022-05-02,Monday,5,10,2,False,True,594,1
2022-05-03,Tuesday,5,10,3,False,True,562,1
2022-05-04,Wednesday,5,10,4,False,True,498,1
2022-05-05,Thursday,5,10,5,False,True,510,1
2022-05-06,Friday,5,10,6,False,False,614,2
2022-05-07,Saturday,5,10,7,True,False,7,1
2022-05-08,Sunday,5,10,8,True,False,6,1
2022-05-09,Monday,5,10,9,False,True,607,2
2022-05-10,Tuesday,5,10,10,False,True,560,1
2022-05-11,Wednesday,5,10,11,False,True,500,1
2022-05-12,Thursday,5,10,12,False,True,514,1
2022-05-13,Friday,5,10,13,False,False,616,2
2022-05-14,Saturday,5,10,14,True,False,10,1
2022-05-15,Sunday,5,10,15,True,False,6,1
2022-05-16,Monday,5,11,16,False,True,603,2
2022-05-17,Tuesday,5,11,17,False,True,568,1
2022-05-18,Wednesday,5,11,18,False,True,495,1
2022-05-19,Thursday,5,11,19,False,True,509,1
2022-05-20,Friday,5,11,20,False,False,618,2
2022-05-21,Saturday,5,11,21,True,False,9,1
2022-05-22,Sunday,5,11,22,True,False,5,1
2022-05-23,Monday,5,11,23,False,True,594,1
2022-05-24,Tuesday,5,11,24,False,True,570,1
2022-05-25,Wednesday,5,11,25,False,True,487,1
2022-05-26,Thursday,5,11,26,False,True,511,1
2022-05-27,Friday,5,11,27,False,False,615,2
2022-05-28,Saturday,5,11,28,True,False,10,1
2022-05-29,Sunday,5,11,29,True,False,6,1
2022-05-30,Monday,5,12,30,False,True,607,2
2022-05-31,Tuesday,5,12,31,False,True,561,1
2022-06-01,Wednesday,6,13,1,False,True,498,1
2022-06-02,Thursday,6,13,2,False,True,505,1
2022-06-03,Friday,6,13,3,False,False,614,2
2022-06-04,Saturday,6,13,4,True,False,9,1
2022-06-05,Sunday,6,13,5,True,False,7,1
2022-06-06,Monday,6,24,6,False,False,565,1
2022-06-07,Tuesday,6,24,7,False,True,1359,5
2022-06-08,Wednesday,6,24,8,False,True,678,2
2022-06-09,Thursday,6,24,9,False,True,1579,6
2022-06-10,Friday,6,24,10,False,True,644,2
2022-06-11,Saturday,6,24,11,True,False,17,1
2022-06-12,Sunday,6,25,12,True,True,5,1
2022-06-13,Monday,6,25,13,False,False,656,2
2022-06-14,Tuesday,6,25,14,False,True,1362,5
2022-06-15,Wednesday,6,25,15,False,False,341,1
2022-06-16,Thursday,6,25,16,False,True,1396,5
2022-06-17,Friday,6,25,17,False,True,507,1
2022-06-18,Saturday,6,25,18,True,False,29,1
2022-06-19,Sunday,6,26,19,True,False,4,1
2022-06-20,Monday,6,26,20,False,True,585,1
2022-06-21,Tuesday,6,26,21,False,False,1443,6
2022-06-22,Wednesday,6,26,22,False,True,538,1
2022-06-23,Thursday,6,26,23,False,True,1497,6
2022-06-24,Friday,6,26,24,False,True,440,1
2022-06-25,Saturday,6,26,25,True,False,18,1
2022-06-26,Sunday,6,27,26,True,False,3,1
2022-06-27,Monday,6,27,27,False,False,277,1
2022-06-28,Tuesday,6,27,28,False,True,1261,5
2022-06-29,Wednesday,6,27,29,False,False,511,1
2022-06-30,Thursday,6,27,30,False,False,1750,7
2022-07-01,Friday,7,27,1,False,True,411,1
2022-07-02,Saturday,7,27,2,True,True,0,1
2022-07-03,Sunday,7,28,3,True,False,4,1
2022-07-04,Monday,7,28,4,False,True,398,1
2022-07-05,Tuesday,7,28,5,False,False,876,3
2022-07-06,Wednesday,7,28,6,False,True,594,1
2022-07-07,Thursday,7,28,7,False,True,1273,5
2022-07-08,Friday,7,28,8,False,True,383,1
2022-07-09,Saturday,7,28,9,True,False,11,1
2022-07-10,Sunday,7,29,10,True,False,4,1
2022-07-11,Monday,7,29,11,False,True,451,1
2022-07-12,Tuesday,7,29,12,False,False,812,3
2022-07-13,Wednesday,7,29,13,False,False,536,1
2022-07-14,Thursday,7,29,14,False,True,1107,4
2022-07-15,Friday,7,29,15,False,True,463,1
2022-07-16,Saturday,7,29,16,True,False,26,1
2022-07-17,Sunday,7,30,17,True,False,3,1
2022-07-18,Monday,7,30,18,False,False,458,1
2022-07-19,Tuesday,7,30,19,False,True,1305,5
2022-07-20,Wednesday,7,30,20,False,False,647,2
2022-07-21,Thursday,7,30,21,False,False,1139,4
2022-07-22,Friday,7,30,22,False,True,597,1
2022-07-23,Saturday,7,30,23,True,False,47,1
2022-07-24,Sunday,7,31,24,True,False,4,1
2022-07-25,Monday,7,31,25,False,False,285,1
2022-07-26,Tuesday,7,31,26,False,True,1547,6
2022-07-27,Wednesday,7,31,27,False,True,408,1
2022-07-28,Thursday,7,31,28,False,True,1604,7
2022-07-29,Friday,7,31,29,False,False,310,1
2022-07-30,Saturday,7,31,30,True,True,41,1
2022-07-31,Sunday,7,32,31,True,False,3,1
2022-08-01,Monday,8,32,1,False,True,640,2
2022-08-02,Tuesday,8,32,2,False,True,1119,4
2022-08-03,Wednesday,8,32,3,False,True,591,1
2022-08-04,Thursday,8,32,4,False,False,803,3
2022-08-05,Friday,8,32,5,False,True,613,2
2022-08-06,Saturday,8,32,6,True,False,8,1
2022-08-07,Sunday,8,33,7,True,False,4,1
2022-08-08,Monday,8,33,8,False,True,638,2
2022-08-09,Tuesday,8,33,9,False,True,981,3
2022-08-10,Wednesday,8,33,10,False,True,303,1
2022-08-11,Thursday,8,33,11,False,True,1058,4
2022-08-12,Friday,8,33,12,False,True,376,1
2022-08-13,Saturday,8,33,13,True,False,49,1
2022-08-14,Sunday,8,34,14,True,False,5,1
2022-08-15,Monday,8,34,15,False,False,397,1
2022-08-16,Tuesday,8,34,16,False,False,1369,5
2022-08-17,Wednesday,8,34,17,False,False,364,1
2022-08-18,Thursday,8,34,18,False,True,1356,5
2022-08-19,Friday,8,34,19,False,False,588,1
2022-08-20,Saturday,8,34,20,True,False,45,1
2022-08-21,Sunday,8,35,21,True,False,5,1
2022-08-22,Monday,8,35,22,False,False,478,1
2022-08-23,Tuesday,8,35,23,False,False,1339,5
2022-08-24,Wednesday,8,35,24,False,True,316,1
2022-08-25,Thursday,8,35,25,False,True,909,3
2022-08-26,Friday,8,35,26,False,False,592,1
2022-08-27,Saturday,8,35,27,True,False,7,1
2022-08-28,Sunday,8,36,28,True,False,4,1
2022-08-29,Monday,8,36,29,False,True,276,1
2022-08-30,Tuesday,8,36,30,False,True,1279,5
2022-08-31,Wednesday,8,36,31,False,False,430,1
2022-09-01,Thursday,9,36,1,False,True,908,3
2022-09-02,Friday,9,36,2,False,True,643,2
2022-09-03,Saturday,9,36,3,True,False,38,1
2022-09-04,Sunday,9,37,4,True,False,3,1
2022-09-05,Monday,9,37,5,False,True,608,2
2022-09-06,Tuesday,9,37,6,False,True,970,3
2022-09-07,Wednesday,9,37,7,False,True,462,1
2022-09-08,Thursday,9,37,8,False,True,813,3
2022-09-09,Friday,9,37,9,False,False,444,1
2022-09-10,Saturday,9,37,10,True,False,2,1
2022-09-11,Sunday,9,38,11,True,False,4,1
2022-09-12,Monday,9,38,12,False,True,388,1
2022-09-13,Tuesday,9,38,13,False,True,1087,4
2022-09-14,Wednesday,9,38,14,False,True,300,1
2022-09-15,Thursday,9,38,15,False,True,1564,6
2022-09-16,Friday,9,38,16,False,True,621,2
2022-09-17,Saturday,9,38,17,True,False,34,1
2022-09-18,Sunday,9,39,18,True,False,3,1
2022-09-19,Monday,9,39,19,False,False,682,2
2022-09-20,Tuesday,9,39,20,False,False,1653,7
2022-09-21,Wednesday,9,39,21,False,True,310,1
2022-09-22,Thursday,9,39,22,False,True,1070,4
2022-09-23,Friday,9,39,23,False,False,317,1
2022-09-24,Saturday,9,39,24,True,False,19,1
2022-09-25,Sunday,9,40,25,True,False,3,1
2022-09-26,Monday,9,40,26,False,True,536,1
2022-09-27,Tuesday,9,40,27,False,False,1719,7
2022-09-28,Wednesday,9,40,28,False,True,556,1
2022-09-29,Thursday,9,40,29,False,True,1382,5
2022-09-30,Friday,9,40,30,False,True,369,1
2022-10-01,Saturday,10,40,1,True,False,16,1
2022-10-02,Sunday,10,41,2,True,False,5,1
2022-10-03,Monday,10,41,3,False,True,320,1
2022-10-04,Tuesday,10,41,4,False,False,857,3
2022-10-05,Wednesday,10,41,5,False,True,421,1
2022-10-06,Thursday,10,41,6,False,True,1636,7
2022-10-07,Friday,10,41,7,False,True,349,1
2022-10-08,Saturday,10,41,8,True,False,13,1
2022-10-09,Sunday,10,42,9,True,False,3,1
2022-10-10,Monday,10,42,10,False,False,377,1
2022-10-11,Tuesday,10,42,11,False,True,1650,7
2022-10-12,Wednesday,10,42,12,False,False,339,1
2022-10-13,Thursday,10,42,13,False,True,1306,5
2022-10-14,Friday,10,42,14,False,False,354,1
2022-10-15,Saturday,10,42,15,True,False,14,1
2022-10-16,Sunday,10,43,16,True,False,5,1
2022-10-17,Monday,10,43,17,False,True,339,1
2022-10-18,Tuesday,10,43,18,False,True,1149,4
2022-10-19,Wednesday,10,43,19,False,True,645,2
2022-10-20,Thursday,10,43,20,False,True,1284,5
2022-10-21,Friday,10,43,21,False,True,436,1
2022-10-22,Saturday,10,43,22,True,False,20,1
2022-10-23,Sunday,10,44,23,True,False,5,1
2022-10-24,Monday,10,44,24,False,False,303,1
2022-10-25,Tuesday,10,44,25,False,False,814,3
2022-10-26,Wednesday,10,44,26,False,True,637,2
2022-10-27,Thursday,10,44,27,False,False,1311,5
2022-10-28,Friday,10,44,28,False,True,386,1
2022-10-29,Saturday,10,44,29,True,False,37,1
2022-10-30,Sunday,10,45,30,True,True,3,1
2022-10-31,Monday,10,45,31,False,True,627,2
2022-11-01,Tuesday,11,45,1,False,True,1136,4
2022-11-02,Wednesday,11,45,2,False,True,669,2
2022-11-03,Thursday,11,45,3,False,False,970,3
2022-11-04,Friday,11,45,4,False,True,468,1
2022-11-05,Saturday,11,45,5,True,False,36,1
2022-11-06,Sunday,11,46,6,True,False,5,1
2022-11-07,Monday,11,46,7,False,True,645,2
2022-11-08,Tuesday,11,46,8,False,True,861,3
2022-11-09,Wednesday,11,46,9,False,True,471,1
2022-11-10,Thursday,11,46,10,False,True,864,3
2022-11-11,Friday,11,46,11,False,False,699,2
2022-11-12,Saturday,11,46,12,True,True,12,1
2022-11-13,Sunday,11,47,13,True,False,3,1
2022-11-14,Monday,11,47,14,False,True,339,1
2022-11-15,Tuesday,11,47,15,False,False,966,3
2022-11-16,Wednesday,11,47,16,False,True,441,1
2022-11-17,Thursday,11,47,17,False,False,1224,5
2022-11-18,Friday,11,47,18,False,True,544,1
2022-11-19,Saturday,11,47,19,True,True,29,1
2022-11-20,Sunday,11,48,20,True,False,4,1
2022-11-21,Monday,11,48,21,False,True,287,1
2022-11-22,Tuesday,11,48,22,False,False,1114,4
2022-11-23,Wednesday,11,48,23,False,True,378,1
2022-11-24,Thursday,11,48,24,False,False,839,3
2022-11-25,Friday,11,48,25,False,True,688,2
2022-11-26,Saturday,11,48,26,True,True,4,1
2022-11-27,Sunday,11,49,27,True,False,5,1
2022-11-28,Monday,11,49,28,False,True,547,1
2022-11-29,Tuesday,11,49,29,False,True,1171,4
2022-11-30,Wednesday,11,49,30,False,False,436,1
2022-12-01,Thursday,12,49,1,False,False,1256,5
2022-12-02,Friday,12,49,2,False,True,350,1
2022-12-03,Saturday,12,49,3,True,False,16,1
2022-12-04,Sunday,12,50,4,True,False,5,1
2022-12-05,Monday,12,50,5,False,True,320,1
2022-12-06,Tuesday,12,50,6,False,True,972,3
2022-12-07,Wednesday,12,50,7,False,True,335,1
2022-12-08,Thursday,12,50,8,False,True,1318,5
2022-12-09,Friday,12,50,9,False,True,434,1
2022-12-10,Saturday,12,50,10,True,False,8,1
2022-12-11,Sunday,12,51,11,True,False,4,1
2022-12-12,Monday,12,51,12,False,False,599,1
2022-12-13,Tuesday,12,51,13,False,False,883,3
2022-12-14,Wednesday,12,51,14,False,True,296,1
2022-12-15,Thursday,12,51,15,False,False,1446,6
2022-12-16,Friday,12,51,16,False,True,416,1
2022-12-17,Saturday,12,51,17,True,False,42,1
2022-12-18,Sunday,12,52,18,True,False,5,1
2022-12-19,Monday,12,52,19,False,True,649,2
2022-12-20,Tuesday,12,52,20,False,False,1723,7
2022-12-21,Wednesday,12,52,21,False,True,594,1
2022-12-22,Thursday,12,52,22,False,False,1366,5
2022-12-23,Friday,12,52,23,False,False,704,2
2022-12-24,Saturday,12,52,24,True,False,21,1
2022-12-25,Sunday,12,53,25,True,False,4,1
2022-12-26,Monday,12,53,26,False,True,522,1
2022-12-27,Tuesday,12,53,27,False,True,1614,7
2022-12-28,Wednesday,12,53,28,False,True,403,1
2022-12-29,Thursday,12,53,29,False,True,1052,4
2022-12-30,Friday,12,53,30,False,False,408,1
2022-12-31,Saturday,12,53,31,True,False,4,1
2023-01-01,Sunday,1,2,1,True,False,4,1
2023-01-02,Monday,1,2,2,False,True,646,2
2023-01-03,Tuesday,1,2,3,False,True,1132,4
2023-01-04,Wednesday,1,2,4,False,False,272,1
2023-01-05,Thursday,1,2,5,False,True,1001,4
2023-01-06,Friday,1,2,6,False,False,687,2
2023-01-07,Saturday,1,2,7,True,False,14,1
2023-01-08,Sunday,1,3,8,True,False,4,1
2023-01-09,Monday,1,3,9,False,True,602,2
2023-01-10,Tuesday,1,3,10,False,False,857,3
2023-01-11,Wednesday,1,3,11,False,True,391,1
2023-01-12,Thursday,1,3,12,False,True,1292,5
2023-01-13,Friday,1,3,13,False,False,663,2
2023-01-14,Saturday,1,3,14,True,False,27,1
2023-01-15,Sunday,1,4,15,True,False,4,1
2023-01-16,Monday,1,4,16,False,True,667,2
2023-01-17,Tuesday,1,4,17,False,False,920,3
2023-01-18,Wednesday,1,4,18,False,True,466,1
2023-01-19,Thursday,1,4,19,False,False,1119,4
2023-01-20,Friday,1,4,20,False,True,378,1
2023-01-21,Saturday,1,4,21,True,False,14,1
2023-01-22,Sunday,1,5,22,True,False,5,1
2023-01-23,Monday,1,5,23,False,True,375,1
2023-01-24,Tuesday,1,5,24,False,True,1484,6
2023-01-25,Wednesday,1,5,25,False,False,254,1
2023-01-26,Thursday,1,5,26,False,True,1401,6
2023-01-27,Friday,1,5,27,False,True,301,1
2023-01-28,Saturday,1,5,28,True,False,32,1
2023-01-29,Sunday,1,6,29,True,False,5,1
2023-01-30,Monday,1,6,30,False,True,497,1
2023-01-31,Tuesday,1,6,31,False,True,1080,4
2023-02-01,Wednesday,2,6,1,False,False,269,1
2023-02-02,Thursday,2,6,2,False,False,956,3
2023-02-03,Friday,2,6,3,False,True,704,2
2023-02-04,Saturday,2,6,4,True,False,38,1
2023-02-05,Sunday,2,7,5,True,False,3,1
2023-02-06,Monday,2,7,6,False,True,421,1
2023-02-07,Tuesday,2,7,7,False,False,930,3
2023-02-08,Wednesday,2,7,8,False,True,415,1
2023-02-09,Thursday,2,7,9,False,True,1144,4
2023-02-10,Friday,2,7,10,False,False,474,1
2023-02-11,Saturday,2,7,11,True,True,23,1
2023-02-12,Sunday,2,8,12,True,False,5,1
2023-02-13,Monday,2,8,13,False,False,321,1
2023-02-14,Tuesday,2,8,14,False,True,1572,6
2023-02-15,Wednesday,2,8,15,False,True,590,1
2023-02-16,Thursday,2,8,16,False,True,1660,7
2023-02-17,Friday,2,8,17,False,True,393,1
2023-02-18,Saturday,2,8,18,True,False,39,1
2023-02-19,Sunday,2,9,19,True,False,4,1
2023-02-20,Monday,2,9,20,False,False,552,1
2023-02-21,Tuesday,2,9,21,False,False,1542,6
2023-02-22,Wednesday,2,9,22,False,False,485,1
2023-02-23,Thursday,2,9,23,False,True,1624,7
2023-02-24,Friday,2,9,24,False,False,376,1
2023-02-25,Saturday,2,9,25,True,False,22,1
2023-02-26,Sunday,2,10,26,True,True,5,1
2023-02-27,Monday,2,10,27,False,False,368,1
2023-02-28,Tuesday,2,10,28,False,False,1136,4
2023-03-01,Wednesday,3,10,1,False,False,402,1
2023-03-02,Thursday,3,10,2,False,False,1565,6
2023-03-03,Friday,3,10,3,False,True,534,1
2023-03-04,Saturday,3,10,4,True,False,27,1
2023-03-05,Sunday,3,11,5,True,True,3,1
2023-03-06,Monday,3,11,6,False,True,298,1
2023-03-07,Tuesday,3,11,7,False,False,1028,4
2023-03-08,Wednesday,3,11,8,False,True,282,1
2023-03-09,Thursday,3,11,9,False,True,1217,5
2023-03-10,Friday,3,11,10,False,True,323,1
2023-03-11,Saturday,3,11,11,True,False,38,1
2023-03-12,Sunday,3,12,12,True,True,5,1
2023-03-13,Monday,3,12,13,False,True,536,1
2023-03-14,Tuesday,3,12,14,False,False,1643,7
2023-03-15,Wednesday,3,12,15,False,False,460,1
2023-03-16,Thursday,3,12,16,False,True,1166,4
2023-03-17,Friday,3,12,17,False,False,458,1
2023-03-18,Saturday,3,12,18,True,True,8,1
2023-03-19,Sunday,3,13,19,True,False,5,1
2023-03-20,Monday,3,13,20,False,False,472,1
2023-03-21,Tuesday,3,13,21,False,False,1724,7
2023-03-22,Wednesday,3,13,22,False,True,520,1
2023-03-23,Thursday,3,13,23,False,True,1729,7
2023-03-24,Friday,3,13,24,False,False,575,1
2023-03-25,Saturday,3,13,25,True,True,34,1
2023-03-26,Sunday,3,14,26,True,False,3,1
2023-03-27,Monday,3,14,27,False,True,328,1
2023-03-28,Tuesday,3,14,28,False,True,1604,7
2023-03-29,Wednesday,3,14,29,False,True,530,1
2023-03-30,Thursday,3,14,30,False,False,1035,4
2023-03-31,Friday,3,14,31,False,True,573,1
2023-04-01,Saturday,4,14,1,True,False,49,1
2023-04-02,Sunday,4,15,2,True,False,5,1
2023-04-03,Monday,4,15,3,False,True,271,1
2023-04-04,Tuesday,4,15,4,False,True,1412,6
2023-04-05,Wednesday,4,15,5,False,True,465,1
2023-04-06,Thursday,4,15,6,False,False,1679,7
2023-04-07,Friday,4,15,7,False,True,332,1
2023-04-08,Saturday,4,15,8,True,False,49,1
2023-04-09,Sunday,4,16,9,True,False,5,1
2023-04-10,Monday,4,16,10,False,True,352,1
2023-04-11,Tuesday,4,16,11,False,True,1427,6
2023-04-12,Wednesday,4,16,12,False,False,327,1
2023-04-13,Thursday,4,16,13,False,True,1325,5
2023-04-14,Friday,4,16,14,False,True,417,1
2023-04-15,Saturday,4,16,15,True,False,10,1
2023-04-16,Sunday,4,17,16,True,True,4,1
2023-04-17,Monday,4,17,17,False,True,366,1
2023-04-18,Tuesday,4,17,18,False,True,896,3
2023-04-19,Wednesday,4,17,19,False,True,533,1
2023-04-20,Thursday,4,17,20,False,True,1374,5
2023-04-21,Friday,4,17,21,False,True,672,2
2023-04-22,Saturday,4,17,22,True,False,26,1
2023-04-23,Sunday,4,18,23,True,True,5,1
2023-04-24,Monday,4,18,24,False,False,280,1
2023-04-25,Tuesday,4,18,25,False,True,1085,4
2023-04-26,Wednesday,4,18,26,False,False,276,1
2023-04-27,Thursday,4,18,27,False,True,1348,5
2023-04-28,Friday,4,18,28,False,True,643,2
2023-04-29,Saturday,4,18,29,True,False,34,1
2023-04-30,Sunday,4,19,30,True,False,3,1
2023-05-01,Monday,5,19,1,False,True,323,1
2023-05-02,Tuesday,5,19,2,False,True,927,3
2023-05-03,Wednesday,5,19,3,False,True,247,1
2023-05-04,Thursday,5,19,4,False,True,1312,5
2023-05-05,Friday,5,19,5,False,True,361,1
2023-05-06,Saturday,5,19,6,True,False,39,1
2023-05-07,Sunday,5,20,7,True,False,3,1
2023-05-08,Monday,5,20,8,False,True,505,1
2023-05-09,Tuesday,5,20,9,False,True,1637,7
2023-05-10,Wednesday,5,20,10,False,True,278,1
2023-05-11,Thursday,5,20,11,False,True,1594,6
2023-05-12,Friday,5,20,12,False,False,671,2
2023-05-13,Saturday,5,20,13,True,True,49,1
2023-05-14,Sunday,5,21,14,True,False,4,1
2023-05-15,Monday,5,21,15,False,False,697,2
2023-05-16,Tuesday,5,21,16,False,True,1269,5
2023-05-17,Wednesday,5,21,17,False,True,669,2
2023-05-18,Thursday,5,21,18,False,True,1315,5
2023-05-19,Friday,5,21,19,False,True,383,1
2023-05-20,Saturday,5,21,20,True,True,48,1
2023-05-21,Sunday,5,22,21,True,False,3,1
2023-05-22,Monday,5,22,22,False,True,544,1
2023-05-23,Tuesday,5,22,23,False,True,1545,6
2023-05-24,Wednesday,5,22,24,False,True,403,1
2023-05-25,Thursday,5,22,25,False,False,984,3
2023-05-26,Friday,5,22,26,False,True,475,1
2023-05-27,Saturday,5,22,27,True,False,31,1
2023-05-28,Sunday,5,23,28,True,False,4,1
2023-05-29,Monday,5,23,29,False,True,413,1
2023-05-30,Tuesday,5,23,30,False,True,1025,4
2023-05-31,Wednesday,5,23,31,False,True,325,1
2023-06-01,Thursday,6,23,1,False,False,1518,6
2023-06-02,Friday,6,23,2,False,False,678,2
2023-06-03,Saturday,6,23,3,True,False,46,1
2023-06-04,Sunday,6,24,4,True,False,4,1
2023-06-05,Monday,6,24,5,False,False,300,1
2023-06-06,Tuesday,6,24,6,False,True,1261,5
2023-06-07,Wednesday,6,24,7,False,False,601,2
2023-06-08,Thursday,6,24,8,False,False,1395,5
2023-06-09,Friday,6,24,9,False,True,654,2
2023-06-10,Saturday,6,24,10,True,True,26,1
2023-06-11,Sunday,6,25,11,True,False,3,1
2023-06-12,Monday,6,25,12,False,True,698,2
2023-06-13,Tuesday,6,25,13,False,True,1285,5
2023-06-14,Wednesday,6,25,14,False,True,316,1
2023-06-15,Thursday,6,25,15,False,False,808,3
2023-06-16,Friday,6,25,16,False,False,415,1
2023-06-17,Saturday,6,25,17,True,False,33,1
2023-06-18,Sunday,6,26,18,True,False,4,1
2023-06-19,Monday,6,26,19,False,True,642,2
2023-06-20,Tuesday,6,26,20,False,True,1330,5
2023-06-21,Wednesday,6,26,21,False,True,373,1
2023-06-22,Thursday,6,26,22,False,False,858,3
2023-06-23,Friday,6,26,23,False,False,591,1
2023-06-24,Saturday,6,26,24,True,False,29,1
2023-06-25,Sunday,6,27,25,True,True,5,1
2023-06-26,Monday,6,27,26,False,False,354,1
2023-06-27,Tuesday,6,27,27,False,False,1424,6
2023-06-28,Wednesday,6,27,28,False,True,259,1
2023-06-29,Thursday,6,27,29,False,True,1105,4
2023-06-30,Friday,6,27,30,False,False,449,1
2023-07-01,Saturday,7,27,1,True,False,22,1
2023-07-02,Sunday,7,28,2,True,False,3,1
2023-07-03,Monday,7,28,3,False,True,280,1
2023-07-04,Tuesday,7,28,4,False,True,1614,7
2023-07-05,Wednesday,7,28,5,False,False,489,1
2023-07-06,Thursday,7,28,6,False,False,1207,5
2023-07-07,Friday,7,28,7,False,True,384,1
2023-07-08,Saturday,7,28,8,True,False,30,1
2023-07-09,Sunday,7,29,9,True,False,4,1
2023-07-10,Monday,7,29,10,False,False,424,1
2023-07-11,Tuesday,7,29,11,False,True,1380,5
2023-07-12,Wednesday,7,29,12,False,True,595,1
2023-07-13,Thursday,7,29,13,False,True,866,3
2023-07-14,Friday,7,29,14,False,True,615,2
2023-07-15,Saturday,7,29,15,True,False,32,1
2023-07-16,Sunday,7,30,16,True,False,4,1
2023-07-17,Monday,7,30,17,False,False,310,1
2023-07-18,Tuesday,7,30,18,False,False,844,3
2023-07-19,Wednesday,7,30,19,False,True,427,1
2023-07-20,Thursday,7,30,20,False,True,886,3
2023-07-21,Friday,7,30,21,False,False,646,2
2023-07-22,Saturday,7,30,22,True,False,0,1
2023-07-23,Sunday,7,31,23,True,False,5,1
2023-07-24,Monday,7,31,24,False,False,263,1
2023-07-25,Tuesday,7,31,25,False,True,1258,5
2023-07-26,Wednesday,7,31,26,False,True,235,1
2023-07-27,Thursday,7,31,27,False,False,1508,6
2023-07-28,Friday,7,31,28,False,True,374,1
2023-07-29,Saturday,7,31,29,True,False,48,1
2023-07-30,Sunday,7,32,30,True,False,5,1
2023-07-31,Monday,7,32,31,False,True,365,1
2023-08-01,Tuesday,8,32,1,False,False,1130,4
2023-08-02,Wednesday,8,32,2,False,False,433,1
2023-08-03,Thursday,8,32,3,False,False,1128,4
2023-08-04,Friday,8,32,4,False,False,544,1
2023-08-05,Saturday,8,32,5,True,False,13,1
2023-08-06,Sunday,8,33,6,True,True,4,1
2023-08-07,Monday,8,33,7,False,False,271,1
2023-08-08,Tuesday,8,33,8,False,True,894,3
2023-08-09,Wednesday,8,33,9,False,True,451,1
2023-08-10,Thursday,8,33,10,False,True,1264,5
2023-08-11,Friday,8,33,11,False,False,580,1
2023-08-12,Saturday,8,33,12,True,False,43,1
2023-08-13,Sunday,8,34,13,True,False,5,1
2023-08-14,Monday,8,34,14,False,True,469,1
2023-08-15,Tuesday,8,34,15,False,True,1491,6
2023-08-16,Wednesday,8,34,16,False,True,485,1
2023-08-17,Thursday,8,34,17,False,True,1039,4
2023-08-18,Friday,8,34,18,False,False,522,1
2023-08-19,Saturday,8,34,19,True,False,11,1
2023-08-20,Sunday,8,35,20,True,False,3,1
2023-08-21,Monday,8,35,21,False,True,466,1
2023-08-22,Tuesday,8,35,22,False,True,978,3
2023-08-23,Wednesday,8,35,23,False,False,545,1
2023-08-24,Thursday,8,35,24,False,False,1224,5
2023-08-25,Friday,8,35,25,False,True,436,1
2023-08-26,Saturday,8,35,26,True,False,6,1
2023-08-27,Sunday,8,36,27,True,False,3,1
2023-08-28,Monday,8,36,28,False,True,289,1
2023-08-29,Tuesday,8,36,29,False,False,1387,5
2023-08-30,Wednesday,8,36,30,False,True,513,1
2023-08-31,Thursday,8,36,31,False,True,1624,7
2023-09-01,Friday,9,36,1,False,True,428,1
2023-09-02,Saturday,9,36,2,True,False,22,1
2023-09-03,Sunday,9,37,3,True,False,5,1
2023-09-04,Monday,9,37,4,False,False,579,1
2023-09-05,Tuesday,9,37,5,False,False,1188,4
2023-09-06,Wednesday,9,37,6,False,True,648,2
2023-09-07,Thursday,9,37,7,False,True,1653,7
2023-09-08,Friday,9,37,8,False,True,591,1
2023-09-09,Saturday,9,37,9,True,True,1,1
2023-09-10,Sunday,9,38,10,True,False,3,1
2023-09-11,Monday,9,38,11,False,True,269,1
2023-09-12,Tuesday,9,38,12,False,True,918,3
2023-09-13,Wednesday,9,38,13,False,True,260,1
2023-09-14,Thursday,9,38,14,False,True,1728,7
2023-09-15,Friday,9,38,15,False,True,541,1
2023-09-16,Saturday,9,38,16,True,False,28,1
2023-09-17,Sunday,9,39,17,True,False,4,1
2023-09-18,Monday,9,39,18,False,True,578,1
2023-09-19,Tuesday,9,39,19,False,False,1146,4
2023-09-20,Wednesday,9,39,20,False,True,282,1
2023-09-21,Thursday,9,39,21,False,True,1181,4
2023-09-22,Friday,9,39,22,False,False,522,1
2023-09-23,Saturday,9,39,23,True,False,9,1
2023-09-24,Sunday,9,40,24,True,False,5,1
2023-09-25,Monday,9,40,25,False,True,348,1
2023-09-26,Tuesday,9,40,26,False,True,922,3
2023-09-27,Wednesday,9,40,27,False,True,507,1
2023-09-28,Thursday,9,40,28,False,True,1019,4
2023-09-29,Friday,9,40,29,False,False,313,1
2023-09-30,Saturday,9,40,30,True,False,25,1
2023-10-01,Sunday,10,41,1,True,False,4,1
2023-10-02,Monday,10,41,2,False,True,498,1
2023-10-03,Tuesday,10,41,3,False,False,822,3
2023-10-04,Wednesday,10,41,4,False,True,355,1
2023-10-05,Thursday,10,41,5,False,True,1258,5
2023-10-06,Friday,10,41,6,False,False,477,1
2023-10-07,Saturday,10,41,7,True,False,48,1
2023-10-08,Sunday,10,42,8,True,False,5,1
2023-10-09,Monday,10,42,9,False,False,672,2
2023-10-10,Tuesday,10,42,10,False,True,1178,4
2023-10-11,Wednesday,10,42,11,False,True,299,1
2023-10-12,Thursday,10,42,12,False,True,1659,7
2023-10-13,Friday,10,42,13,False,True,392,1
2023-10-14,Saturday,10,42,14,True,True,44,1
2023-10-15,Sunday,10,43,15,True,False,3,1
2023-10-16,Monday,10,43,16,False,True,695,2
2023-10-17,Tuesday,10,43,17,False,False,1316,5
2023-10-18,Wednesday,10,43,18,False,True,569,1
2023-10-19,Thursday,10,43,19,False,True,1459,6
2023-10-20,Friday,10,43,20,False,True,411,1
2023-10-21,Saturday,10,43,21,True,False,24,1
2023-10-22,Sunday,10,44,22,True,False,3,1
2023-10-23,Monday,10,44,23,False,True,649,2
2023-10-24,Tuesday,10,44,24,False,True,1179,4
2023-10-25,Wednesday,10,44,25,False,True,440,1
2023-10-26,Thursday,10,44,26,False,False,1224,5
2023-10-27,Friday,10,44,27,False,True,357,1
2023-10-28,Saturday,10,44,28,True,False,9,1
2023-10-29,Sunday,10,45,29,True,False,5,1
2023-10-30,Monday,10,45,30,False,True,354,1
2023-10-31,Tuesday,10,45,31,False,True,1490,6
2023-11-01,Wednesday,11,45,1,False,True,315,1
2023-11-02,Thursday,11,45,2,False,True,1594,6
2023-11-03,Friday,11,45,3,False,True,531,1
2023-11-04,Saturday,11,45,4,True,False,40,1
2023-11-05,Sunday,11,46,5,True,False,5,1
2023-11-06,Monday,11,46,6,False,True,640,2
2023-11-07,Tuesday,11,46,7,False,False,948,3
2023-11-08,Wednesday,11,46,8,False,False,319,1
2023-11-09,Thursday,11,46,9,False,False,1113,4
2023-11-10,Friday,11,46,10,False,True,373,1
2023-11-11,Saturday,11,46,11,True,True,19,1
2023-11-12,Sunday,11,47,12,True,False,4,1
2023-11-13,Monday,11,47,13,False,True,466,1
2023-11-14,Tuesday,11,47,14,False,True,1012,4
2023-11-15,Wednesday,11,47,15,False,True,646,2
2023-11-16,Thursday,11,47,16,False,True,1595,6
2023-11-17,Friday,11,47,17,False,True,476,1
2023-11-18,Saturday,11,47,18,True,False,29,1
2023-11-19,Sunday,11,48,19,True,False,5,1
2023-11-20,Monday,11,48,20,False,True,352,1
2023-11-21,Tuesday,11,48,21,False,True,1528,6
2023-11-22,Wednesday,11,48,22,False,True,454,1
2023-11-23,Thursday,11,48,23,False,True,1654,7
2023-11-24,Friday,11,48,24,False,False,311,1
2023-11-25,Saturday,11,48,25,True,False,3,1
2023-11-26,Sunday,11,49,26,True,False,4,1
2023-11-27,Monday,11,49,27,False,False,377,1
2023-11-28,Tuesday,11,49,28,False,True,1626,7
2023-11-29,Wednesday,11,49,29,False,True,417,1
2023-11-30,Thursday,11,49,30,False,True,1017,4
2023-12-01,Friday,12,49,1,False,False,442,1
2023-12-02,Saturday,12,49,2,True,False,48,1
2023-12-03,Sunday,12,50,3,True,False,3,1
2023-12-04,Monday,12,50,4,False,False,532,1
2023-12-05,Tuesday,12,50,5,False,True,1330,5
2023-12-06,Wednesday,12,50,6,False,True,456,1
2023-12-07,Thursday,12,50,7,False,False,1309,5
2023-12-08,Friday,12,50,8,False,True,520,1
2023-12-09,Saturday,12,50,9,True,False,17,1
2023-12-10,Sunday,12,51,10,True,True,5,1
2023-12-11,Monday,12,51,11,False,True,515,1
2023-12-12,Tuesday,12,51,12,False,False,828,3
2023-12-13,Wednesday,12,51,13,False,True,378,1
2023-12-14,Thursday,12,51,14,False,False,885,3
2023-12-15,Friday,12,51,15,False,True,621,2
2023-12-16,Saturday,12,51,16,True,False,5,1
2023-12-17,Sunday,12,52,17,True,False,5,1
2023-12-18,Monday,12,52,18,False,True,647,2
2023-12-19,Tuesday,12,52,19,False,False,1201,5
2023-12-20,Wednesday,12,52,20,False,True,297,1
2023-12-21,Thursday,12,52,21,False,False,1607,7
2023-12-22,Friday,12,52,22,False,False,609,2
2023-12-23,Saturday,12,52,23,True,False,49,1
2023-12-24,Sunday,12,53,24,True,False,3,1
2023-12-25,Monday,12,53,25,False,False,661,2
2023-12-26,Tuesday,12,53,26,False,True,1081,4
2023-12-27,Wednesday,12,53,27,False,False,356,1
2023-12-28,Thursday,12,53,28,False,True,1472,6
2023-12-29,Friday,12,53,29,False,True,410,1
2023-12-30,Saturday,12,53,30,True,False,49,1
2023-12-31,Sunday,12,54,31,True,False,5,1
2024-01-01,Monday,1,1,1,False,True,270,1
2024-01-02,Tuesday,1,1,2,False,False,1442,6
2024-01-03,Wednesday,1,1,3,False,False,566,1
2024-01-04,Thursday,1,1,4,False,True,1274,5
2024-01-05,Friday,1,1,5,False,True,667,2
2024-01-06,Saturday,1,1,6,True,False,38,1
2024-01-07,Sunday,1,2,7,True,False,5,1
2024-01-08,Monday,1,2,8,False,True,497,1
2024-01-09,Tuesday,1,2,9,False,True,820,3
2024-01-10,Wednesday,1,2,10,False,False,371,1
2024-01-11,Thursday,1,2,11,False,False,1249,5
2024-01-12,Friday,1,2,12,False,False,465,1
2024-01-13,Saturday,1,2,13,True,False,11,1
2024-01-14,Sunday,1,3,14,True,False,5,1
2024-01-15,Monday,1,3,15,False,False,478,1
2024-01-16,Tuesday,1,3,16,False,True,1264,5
2024-01-17,Wednesday,1,3,17,False,True,470,1
2024-01-18,Thursday,1,3,18,False,True,893,3
2024-01-19,Friday,1,3,19,False,True,601,2
2024-01-20,Saturday,1,3,20,True,False,9,1
2024-01-21,Sunday,1,4,21,True,False,4,1
2024-01-22,Monday,1,4,22,False,True,624,2
2024-01-23,Tuesday,1,4,23,False,True,1218,5
2024-01-24,Wednesday,1,4,24,False,True,273,1
2024-01-25,Thursday,1,4,25,False,True,1181,4
2024-01-26,Friday,1,4,26,False,False,336,1
2024-01-27,Saturday,1,4,27,True,True,25,1
2024-01-28,Sunday,1,5,28,True,True,5,1
2024-01-29,Monday,1,5,29,False,True,559,1
2024-01-30,Tuesday,1,5,30,False,False,1680,7
2024-01-31,Wednesday,1,5,31,False,True,334,1
2024-02-01,Thursday,2,5,1,False,True,1609,7
2024-02-02,Friday,2,5,2,False,True,360,1
2024-02-03,Saturday,2,5,3,True,True,39,1
2024-02-04,Sunday,2,6,4,True,False,3,1
2024-02-05,Monday,2,6,5,False,True,372,1
2024-02-06,Tuesday,2,6,6,False,False,1059,4
2024-02-07,Wednesday,2,6,7,False,False,394,1
2024-02-08,Thursday,2,6,8,False,False,956,3
2024-02-09,Friday,2,6,9,False,False,487,1
2024-02-10,Saturday,2,6,10,True,False,17,1
2024-02-11,Sunday,2,7,11,True,False,5,1
2024-02-12,Monday,2,7,12,False,False,452,1
2024-02-13,Tuesday,2,7,13,False,True,1236,5
2024-02-14,Wednesday,2,7,14,False,False,598,1
2024-02-15,Thursday,2,7,15,False,False,805,3
2024-02-16,Friday,2,7,16,False,False,679,2
2024-02-17,Saturday,2,7,17,True,False,0,1
2024-02-18,Sunday,2,8,18,True,False,4,1
2024-02-19,Monday,2,8,19,False,True,526,1
2024-02-20,Tuesday,2,8,20,False,True,1745,7
2024-02-21,Wednesday,2,8,21,False,True,317,1
2024-02-22,Thursday,2,8,22,False,True,1506,6
2024-02-23,Friday,2,8,23,False,True,590,1
2024-02-24,Saturday,2,8,24,True,False,27,1
2024-02-25,Sunday,2,9,25,True,False,5,1
2024-02-26,Monday,2,9,26,False,False,363,1
2024-02-27,Tuesday,2,9,27,False,True,1118,4
2024-02-28,Wednesday,2,9,28,False,True,342,1
2024-02-29,Thursday,2,9,29,False,False,844,3
2024-03-01,Friday,3,9,1,False,True,609,2
2024-03-02,Saturday,3,9,2,True,False,17,1
2024-03-03,Sunday,3,10,3,True,True,3,1
2024-03-04,Monday,3,10,4,False,True,396,1
2024-03-05,Tuesday,3,10,5,False,True,1519,6
2024-03-06,Wednesday,3,10,6,False,True,554,1
2024-03-07,Thursday,3,10,7,False,True,902,3
2024-03-08,Friday,3,10,8,False,True,378,1
2024-03-09,Saturday,3,10,9,True,False,22,1
2024-03-10,Sunday,3,11,10,True,False,5,1
2024-03-11,Monday,3,11,11,False,True,258,1
2024-03-12,Tuesday,3,11,12,False,False,1263,5
2024-03-13,Wednesday,3,11,13,False,True,276,1
2024-03-14,Thursday,3,11,14,False,False,1342,5
2024-03-15,Friday,3,11,15,False,False,600,2
2024-03-16,Saturday,3,11,16,True,False,8,1
2024-03-17,Sunday,3,12,17,True,False,4,1
2024-03-18,Monday,3,12,18,False,False,377,1
2024-03-19,Tuesday,3,12,19,False,True,1619,7
2024-03-20,Wednesday,3,12,20,False,False,235,1
2024-03-21,Thursday,3,12,21,False,False,818,3
2024-03-22,Friday,3,12,22,False,False,595,1
2024-03-23,Saturday,3,12,23,True,False,30,1
2024-03-24,Sunday,3,13,24,True,False,5,1
2024-03-25,Monday,3,13,25,False,True,534,1
2024-03-26,Tuesday,3,13,26,False,True,1562,6
2024-03-27,Wednesday,3,13,27,False,True,585,1
2024-03-28,Thursday,3,13,28,False,True,1088,4
2024-03-29,Friday,3,13,29,False,True,491,1
2024-03-30,Saturday,3,13,30,True,True,4,1
2024-03-31,Sunday,3,14,31,True,False,4,1
2024-04-01,Monday,4,14,1,False,False,300,1
2024-04-02,Tuesday,4,14,2,False,True,1400,6
2024-04-03,Wednesday,4,14,3,False,False,333,1
2024-04-04,Thursday,4,14,4,False,True,1534,6
2024-04-05,Friday,4,14,5,False,True,534,1
2024-04-06,Saturday,4,14,6,True,True,34,1
2024-04-07,Sunday,4,15,7,True,False,4,1
2024-04-08,Monday,4,15,8,False,False,586,1
2024-04-09,Tuesday,4,15,9,False,False,1525,6
2024-04-10,Wednesday,4,15,10,False,True,442,1
2024-04-11,Thursday,4,15,11,False,True,947,3
2024-04-12,Friday,4,15,12,False,False,424,1
2024-04-13,Saturday,4,15,13,True,True,14,1
2024-04-14,Sunday,4,16,14,True,False,5,1
2024-04-15,Monday,4,16,15,False,True,349,1
2024-04-16,Tuesday,4,16,16,False,True,1047,4
2024-04-17,Wednesday,4,16,17,False,True,673,2
2024-04-18,Thursday,4,16,18,False,True,1486,6
2024-04-19,Friday,4,16,19,False,False,445,1
2024-04-20,Saturday,4,16,20,True,True,5,1
2024-04-21,Sunday,4,17,21,True,True,5,1
2024-04-22,Monday,4,17,22,False,True,428,1
2024-04-23,Tuesday,4,17,23,False,True,1350,5
2024-04-24,Wednesday,4,17,24,False,False,392,1
2024-04-25,Thursday,4,17,25,False,False,877,3
2024-04-26,Friday,4,17,26,False,True,623,2
2024-04-27,Saturday,4,17,27,True,False,45,1
2024-04-28,Sunday,4,18,28,True,False,3,1
2024-04-29,Monday,4,18,29,False,True,343,1
2024-04-30,Tuesday,4,18,30,False,True,1163,4
2024-05-01,Wednesday,5,18,1,False,False,417,1
2024-05-02,Thursday,5,18,2,False,True,1224,5
2024-05-03,Friday,5,18,3,False,True,465,1
2024-05-04,Saturday,5,18,4,True,False,23,1
2024-05-05,Sunday,5,19,5,True,False,3,1
2024-05-06,Monday,5,19,6,False,True,479,1
2024-05-07,Tuesday,5,19,7,False,False,1409,6
2024-05-08,Wednesday,5,19,8,False,True,560,1
2024-05-09,Thursday,5,19,9,False,True,1677,7
2024-05-10,Friday,5,19,10,False,True,641,2
2024-05-11,Saturday,5,19,11,True,False,4,1
2024-05-12,Sunday,5,20,12,True,False,3,1
2024-05-13,Monday,5,20,13,False,False,551,1
2024-05-14,Tuesday,5,20,14,False,True,1458,6
2024-05-15,Wednesday,5,20,15,False,False,606,2
2024-05-16,Thursday,5,20,16,False,False,1551,6
2024-05-17,Friday,5,20,17,False,False,669,2
2024-05-18,Saturday,5,20,18,True,False,28,1
2024-05-19,Sunday,5,21,19,True,False,5,1
2024-05-20,Monday,5,21,20,False,True,644,2
2024-05-21,Tuesday,5,21,21,False,True,1392,5
2024-05-22,Wednesday,5,21,22,False,True,521,1
2024-05-23,Thursday,5,21,23,False,False,1218,5
2024-05-24,Friday,5,21,24,False,True,602,2
2024-05-25,Saturday,5,21,25,True,False,39,1
2024-05-26,Sunday,5,22,26,True,False,4,1
2024-05-27,Monday,5,22,27,False,False,562,1
2024-05-28,Tuesday,5,22,28,False,True,1167,4
2024-05-29,Wednesday,5,22,29,False,True,666,2
2024-05-30,Thursday,5,22,30,False,True,1292,5
2024-05-31,Friday,5,22,31,False,True,573,1
2024-06-01,Saturday,6,22,1,True,False,13,1
2024-06-02,Sunday,6,23,2,True,False,4,1
2024-06-03,Monday,6,23,3,False,True,380,1
2024-06-04,Tuesday,6,23,4,False,True,987,3
2024-06-05,Wednesday,6,23,5,False,True,523,1
2024-06-06,Thursday,6,23,6,False,True,1184,4
2024-06-07,Friday,6,23,7,False,False,445,1
2024-06-08,Saturday,6,23,8,True,False,34,1
2024-06-09,Sunday,6,24,9,True,False,4,1
2024-06-10,Monday,6,24,10,False,True,682,2
2024-06-11,Tuesday,6,24,11,False,False,831,3
2024-06-12,Wednesday,6,24,12,False,True,268,1
2024-06-13,Thursday,6,24,13,False,False,812,3
2024-06-14,Friday,6,24,14,False,True,483,1
2024-06-15,Saturday,6,24,15,True,True,39,1
2024-06-16,Sunday,6,25,16,True,False,5,1
2024-06-17,Monday,6,25,17,False,True,389,1
2024-06-18,Tuesday,6,25,18,False,True,1698,7
2024-06-19,Wednesday,6,25,19,False,True,250,1
2024-06-20,Thursday,6,25,20,False,True,1590,6
2024-06-21,Friday,6,25,21,False,True,559,1
2024-06-22,Saturday,6,25,22,True,False,14,1
2024-06-23,Sunday,6,26,23,True,False,5,1
2024-06-24,Monday,6,26,24,False,False,401,1
2024-06-25,Tuesday,6,26,25,False,False,1537,6
2024-06-26,Wednesday,6,26,26,False,True,272,1
2024-06-27,Thursday,6,26,27,False,True,1201,5
2024-06-28,Friday,6,26,28,False,False,564,1
2024-06-29,Saturday,6,26,29,True,False,5,1
2024-06-30,Sunday,6,27,30,True,True,4,1
2024-07-01,Monday,7,27,1,False,True,292,1
2024-07-02,Tuesday,7,27,2,False,True,1361,5
2024-07-03,Wednesday,7,27,3,False,True,519,1
2024-07-04,Thursday,7,27,4,False,False,990,3
2024-07-05,Friday,7,27,5,False,False,309,1
2024-07-06,Saturday,7,27,6,True,False,8,1
2024-07-07,Sunday,7,28,7,True,True,5,1
2024-07-08,Monday,7,28,8,False,False,288,1
2024-07-09,Tuesday,7,28,9,False,True,1438,6
2024-07-10,Wednesday,7,28,10,False,True,241,1
2024-07-11,Thursday,7,28,11,False,False,1626,7
2024-07-12,Friday,7,28,12,False,True,572,1
2024-07-13,Saturday,7,28,13,True,False,13,1
2024-07-14,Sunday,7,29,14,True,False,3,1
2024-07-15,Monday,7,29,15,False,False,260,1
2024-07-16,Tuesday,7,29,16,False,True,1293,5
2024-07-17,Wednesday,7,29,17,False,True,481,1
2024-07-18,Thursday,7,29,18,False,False,1326,5
2024-07-19,Friday,7,29,19,False,True,566,1
2024-07-20,Saturday,7,29,20,True,False,20,1
2024-07-21,Sunday,7,30,21,True,False,4,1
2024-07-22,Monday,7,30,22,False,True,463,1
2024-07-23,Tuesday,7,30,23,False,True,1736,7
2024-07-24,Wednesday,7,30,24,False,True,247,1
2024-07-25,Thursday,7,30,25,False,True,1743,7
2024-07-26,Friday,7,30,26,False,False,520,1
2024-07-27,Saturday,7,30,27,True,False,4,1
2024-07-28,Sunday,7,31,28,True,False,5,1
2024-07-29,Monday,7,31,29,False,True,371,1
2024-07-30,Tuesday,7,31,30,False,False,905,3
2024-07-31,Wednesday,7,31,31,False,False,674,2
2024-08-01,Thursday,8,31,1,False,True,1474,6
2024-08-02,Friday,8,31,2,False,True,419,1
2024-08-03,Saturday,8,31,3,True,False,34,1
2024-08-04,Sunday,8,32,4,True,False,4,1
2024-08-05,Monday,8,32,5,False,True,614,2
2024-08-06,Tuesday,8,32,6,False,True,904,3
2024-08-07,Wednesday,8,32,7,False,True,617,2
2024-08-08,Thursday,8,32,8,False,False,1363,5
2024-08-09,Friday,8,32,9,False,True,582,1
2024-08-10,Saturday,8,32,10,True,False,12,1
2024-08-11,Sunday,8,33,11,True,False,5,1
2024-08-12,Monday,8,33,12,False,True,633,2
2024-08-13,Tuesday,8,33,13,False,False,1037,4
2024-08-14,Wednesday,8,33,14,False,True,581,1
2024-08-15,Thursday,8,33,15,False,False,1304,5
2024-08-16,Friday,8,33,16,False,True,528,1
2024-08-17,Saturday,8,33,17,True,False,22,1
2024-08-18,Sunday,8,34,18,True,True,3,1
2024-08-19,Monday,8,34,19,False,False,398,1
2024-08-20,Tuesday,8,34,20,False,False,1005,4
2024-08-21,Wednesday,8,34,21,False,True,447,1
2024-08-22,Thursday,8,34,22,False,True,1043,4
2024-08-23,Friday,8,34,23,False,True,635,2
2024-08-24,Saturday,8,34,24,True,False,39,1
2024-08-25,Sunday,8,35,25,True,False,3,1
2024-08-26,Monday,8,35,26,False,True,420,1
2024-08-27,Tuesday,8,35,27,False,True,1381,5
2024-08-28,Wednesday,8,35,28,False,True,229,1
2024-08-29,Thursday,8,35,29,False,True,1111,4
2024-08-30,Friday,8,35,30,False,False,327,1
2024-08-31,Saturday,8,35,31,True,False,13,1
2024-09-01,Sunday,9,36,1,True,False,4,1
2024-09-02,Monday,9,36,2,False,False,439,1
2024-09-03,Tuesday,9,36,3,False,True,1691,7
2024-09-04,Wednesday,9,36,4,False,False,581,1
2024-09-05,Thursday,9,36,5,False,False,912,3
2024-09-06,Friday,9,36,6,False,True,615,2
2024-09-07,Saturday,9,36,7,True,True,47,1
2024-09-08,Sunday,9,37,8,True,False,3,1
2024-09-09,Monday,9,37,9,False,False,633,2
2024-09-10,Tuesday,9,37,10,False,True,1594,6
2024-09-11,Wednesday,9,37,11,False,True,520,1
2024-09-12,Thursday,9,37,12,False,False,1174,4
2024-09-13,Friday,9,37,13,False,True,581,1
2024-09-14,Saturday,9,37,14,True,False,48,1
2024-09-15,Sunday,9,38,15,True,False,4,1
2024-09-16,Monday,9,38,16,False,False,571,1
2024-09-17,Tuesday,9,38,17,False,False,1081,4
2024-09-18,Wednesday,9,38,18,False,False,273,1
2024-09-19,Thursday,9,38,19,False,True,1154,4
2024-09-20,Friday,9,38,20,False,True,552,1
2024-09-21,Saturday,9,38,21,True,False,13,1
2024-09-22,Sunday,9,39,22,True,False,5,1
2024-09-23,Monday,9,39,23,False,False,445,1
2024-09-24,Tuesday,9,39,24,False,False,1149,4
2024-09-25,Wednesday,9,39,25,False,True,629,2
2024-09-26,Thursday,9,39,26,False,False,1206,5
2024-09-27,Friday,9,39,27,False,True,397,1
2024-09-28,Saturday,9,39,28,True,True,35,1
2024-09-29,Sunday,9,40,29,True,False,5,1
2024-09-30,Monday,9,40,30,False,False,540,1
2024-10-01,Tuesday,10,40,1,False,True,1438,6
2024-10-02,Wednesday,10,40,2,False,False,503,1
2024-10-03,Thursday,10,40,3,False,True,1702,7
2024-10-04,Friday,10,40,4,False,False,400,1
2024-10-05,Saturday,10,40,5,True,False,20,1
2024-10-06,Sunday,10,41,6,True,False,5,1
2024-10-07,Monday,10,41,7,False,True,445,1
2024-10-08,Tuesday,10,41,8,False,True,1603,7
2024-10-09,Wednesday,10,41,9,False,True,582,1
2024-10-10,Thursday,10,41,10,False,True,1574,6
2024-10-11,Friday,10,41,11,False,False,437,1
2024-10-12,Saturday,10,41,12,True,False,45,1
2024-10-13,Sunday,10,42,13,True,False,3,1
2024-10-14,Monday,10,42,14,False,False,675,2
2024-10-15,Tuesday,10,42,15,False,False,1198,4
2024-10-16,Wednesday,10,42,16,False,True,365,1
2024-10-17,Thursday,10,42,17,False,False,1113,4
2024-10-18,Friday,10,42,18,False,False,704,2
2024-10-19,Saturday,10,42,19,True,True,41,1
2024-10-20,Sunday,10,43,20,True,False,3,1
2024-10-21,Monday,10,43,21,False,True,350,1
2024-10-22,Tuesday,10,43,22,False,False,1453,6
2024-10-23,Wednesday,10,43,23,False,True,437,1
2024-10-24,Thursday,10,43,24,False,False,1207,5
2024-10-25,Friday,10,43,25,False,True,301,1
2024-10-26,Saturday,10,43,26,True,False,42,1
2024-10-27,Sunday,10,44,27,True,False,4,1
2024-10-28,Monday,10,44,28,False,True,654,2
2024-10-29,Tuesday,10,44,29,False,True,823,3
2024-10-30,Wednesday,10,44,30,False,True,393,1
2024-10-31,Thursday,10,44,31,False,True,1696,7
2024-11-01,Friday,11,44,1,False,False,606,2
2024-11-02,Saturday,11,44,2,True,False,9,1
2024-11-03,Sunday,11,45,3,True,True,5,1
2024-11-04,Monday,11,45,4,False,True,665,2
2024-11-05,Tuesday,11,45,5,False,False,926,3
2024-11-06,Wednesday,11,45,6,False,True,243,1
2024-11-07,Thursday,11,45,7,False,True,953,3
2024-11-08,Friday,11,45,8,False,False,353,1
2024-11-09,Saturday,11,45,9,True,False,19,1
2024-11-10,Sunday,11,46,10,True,False,5,1
2024-11-11,Monday,11,46,11,False,True,514,1
2024-11-12,Tuesday,11,46,12,False,True,1280,5
2024-11-13,Wednesday,11,46,13,False,False,346,1
2024-11-14,Thursday,11,46,14,False,True,1481,6
2024-11-15,Friday,11,46,15,False,True,379,1
2024-11-16,Saturday,11,46,16,True,False,43,1
2024-11-17,Sunday,11,47,17,True,True,3,1
2024-11-18,Monday,11,47,18,False,True,347,1
2024-11-19,Tuesday,11,47,19,False,True,967,3
2024-11-20,Wednesday,11,47,20,False,False,561,1
2024-11-21,Thursday,11,47,21,False,False,1401,6
2024-11-22,Friday,11,47,22,False,False,337,1
2024-11-23,Saturday,11,47,23,True,False,11,1
2024-11-24,Sunday,11,48,24,True,False,5,1
2024-11-25,Monday,11,48,25,False,True,470,1
2024-11-26,Tuesday,11,48,26,False,True,1614,7
2024-11-27,Wednesday,11,48,27,False,True,313,1
2024-11-28,Thursday,11,48,28,False,True,916,3
2024-11-29,Friday,11,48,29,False,False,708,2
2024-11-30,Saturday,11,48,30,True,False,14,1
2024-12-01,Sunday,12,49,1,True,False,3,1
2024-12-02,Monday,12,49,2,False,True,314,1
2024-12-03,Tuesday,12,49,3,False,False,1470,6
2024-12-04,Wednesday,12,49,4,False,True,298,1
2024-12-05,Thursday,12,49,5,False,True,1134,4
2024-12-06,Friday,12,49,6,False,True,658,2
2024-12-07,Saturday,12,49,7,True,False,5,1
2024-12-08,Sunday,12,50,8,True,False,5,1
2024-12-09,Monday,12,50,9,False,True,252,1
2024-12-10,Tuesday,12,50,10,False,True,1032,4
2024-12-11,Wednesday,12,50,11,False,True,657,2
2024-12-12,Thursday,12,50,12,False,False,1226,5
2024-12-13,Friday,12,50,13,False,True,436,1
2024-12-14,Saturday,12,50,14,True,False,33,1
2024-12-15,Sunday,12,51,15,True,False,4,1
2024-12-16,Monday,12,51,16,False,False,657,2
2024-12-17,Tuesday,12,51,17,False,True,999,3
2024-12-18,Wednesday,12,51,18,False,False,308,1
2024-12-19,Thursday,12,51,19,False,False,1098,4
2024-12-20,Friday,12,51,20,False,True,378,1
2024-12-21,Saturday,12,51,21,True,False,19,1
2024-12-22,Sunday,12,52,22,True,False,5,1
2024-12-23,Monday,12,52,23,False,False,495,1
2024-12-24,Tuesday,12,52,24,False,False,1150,4
2024-12-25,Wednesday,12,52,25,False,False,238,1
2024-12-26,Thursday,12,52,26,False,True,920,3
2024-12-27,Friday,12,52,27,False,True,665,2
2024-12-28,Saturday,12,52,28,True,False,49,1
2024-12-29,Sunday,12,53,29,True,False,4,1
2024-12-30,Monday,12,53,30,False,False,672,2
2024-12-31,Tuesday,12,53,31,False,False,1325,5
2025-01-01,Wednesday,1,1,1,False,False,463,1
2025-01-02,Thursday,1,1,2,False,True,898,3
2025-01-03,Friday,1,1,3,False,True,668,2
2025-01-04,Saturday,1,1,4,True,False,26,1
2025-01-05,Sunday,1,2,5,True,True,3,1
2025-01-06,Monday,1,2,6,False,True,283,1
2025-01-07,Tuesday,1,2,7,False,False,991,3
2025-01-08,Wednesday,1,2,8,False,True,546,1
2025-01-09,Thursday,1,2,9,False,False,1259,5
2025-01-10,Friday,1,2,10,False,True,513,1
2025-01-11,Saturday,1,2,11,True,False,11,1
2025-01-12,Sunday,1,3,12,True,True,3,1
2025-01-13,Monday,1,3,13,False,False,606,2
2025-01-14,Tuesday,1,3,14,False,True,986,3
2025-01-15,Wednesday,1,3,15,False,True,239,1
2025-01-16,Thursday,1,3,16,False,True,1531,6
2025-01-17,Friday,1,3,17,False,True,427,1
2025-01-18,Saturday,1,3,18,True,False,25,1
2025-01-19,Sunday,1,4,19,True,False,3,1
2025-01-20,Monday,1,4,20,False,True,608,2
2025-01-21,Tuesday,1,4,21,False,True,1725,7
2025-01-22,Wednesday,1,4,22,False,False,339,1
2025-01-23,Thursday,1,4,23,False,True,922,3
2025-01-24,Friday,1,4,24,False,False,344,1
2025-01-25,Saturday,1,4,25,True,True,1,1
2025-01-26,Sunday,1,5,26,True,False,5,1
2025-01-27,Monday,1,5,27,False,False,656,2
2025-01-28,Tuesday,1,5,28,False,False,1665,7
2025-01-29,Wednesday,1,5,29,False,True,540,1
2025-01-30,Thursday,1,5,30,False,True,1564,6
2025-01-31,Friday,1,5,31,False,True,439,1
2025-02-01,Saturday,2,5,1,True,True,7,1
2025-02-02,Sunday,2,6,2,True,False,3,1
2025-02-03,Monday,2,6,3,False,False,365,1
2025-02-04,Tuesday,2,6,4,False,False,1621,7
2025-02-05,Wednesday,2,6,5,False,True,679,2
2025-02-06,Thursday,2,6,6,False,False,1261,5
2025-02-07,Friday,2,6,7,False,True,638,2
2025-02-08,Saturday,2,6,8,True,False,49,1
2025-02-09,Sunday,2,7,9,True,False,4,1
2025-02-10,Monday,2,7,10,False,True,519,1
2025-02-11,Tuesday,2,7,11,False,True,1229,5
2025-02-12,Wednesday,2,7,12,False,False,479,1
2025-02-13,Thursday,2,7,13,False,False,805,3
2025-02-14,Friday,2,7,14,False,True,441,1
2025-02-15,Saturday,2,7,15,True,False,43,1
2025-02-16,Sunday,2,8,16,True,False,3,1
2025-02-17,Monday,2,8,17,False,True,286,1
2025-02-18,Tuesday,2,8,18,False,False,1217,5
2025-02-19,Wednesday,2,8,19,False,False,474,1
2025-02-20,Thursday,2,8,20,False,True,1254,5
2025-02-21,Friday,2,8,21,False,True,393,1
2025-02-22,Saturday,2,8,22,True,True,4,1
2025-02-23,Sunday,2,9,23,True,False,5,1
2025-02-24,Monday,2,9,24,False,True,660,2
2025-02-25,Tuesday,2,9,25,False,True,1174,4
2025-02-26,Wednesday,2,9,26,False,True,277,1
2025-02-27,Thursday,2,9,27,False,True,1071,4
2025-02-28,Friday,2,9,28,False,False,307,1
2025-03-01,Saturday,3,9,1,True,True,3,1
